# File exported by ZBrush version 2023
# www.zbrush.com
g ZBrushPolyMesh3D
#Vertex Count 6156
#Face Count 12644
#Auto scale x=1.000000 y=1.000000 z=1.000000
#Auto offset x=0.000000 y=0.000000 z=0.000000
v 0.00255753 2.04523038 1.13549697
v -0.26539924 -0.61914253 1.06379497
v 0.00259089 -0.93239176 1.34706652
v 0.00015126 -0.60565632 1.98447632
v 0.0001435 -0.6264919 1.98149907
v 0.00035959 -0.62203997 1.98232722
v 0.00015833 -0.61609309 1.9831413
v 0.00035446 -0.61163824 1.9837327
v 0.00014639 -0.63692051 1.9797852
v 0.00034337 -0.63247209 1.98054611
v 0.00035042 -0.64285379 1.97867071
v 0.00043514 -0.69505155 1.96518826
v -0.00582122 -0.46052482 0.79868727
v -0.00111469 -0.4598608 0.79727798
v 0.00046233 -0.48281672 1.80139768
v 0.00039309 -0.32630193 1.95120227
v 0.00040075 -0.33065858 1.95277476
v 0.00039898 -0.66423398 1.97392094
v 0.00040998 -0.67462372 1.9713273
v 0.00042506 -0.6850565 1.96832668
v -0.00120236 -0.48134401 1.80181014
v 0.0027654 -0.48473811 1.80107188
v 0.00011604 -0.615664 1.98321437
v -0.02346307 -0.59764182 1.9853785
v -0.0033518 -0.46018782 0.79792159
v 0.00016769 -0.60761678 1.98432266
v 0.00013761 -0.62846183 1.98131668
v 0.00016206 -0.61802393 1.98285472
v 0.00050028 -0.328487 1.95195329
v 0.00016233 -0.6388508 1.97942292
v 0.00048813 -0.66943723 1.97270405
v 0.00050482 -0.67982536 1.96984231
v 0.00051919 -0.69026452 1.96676945
v -0.00225045 -0.45982092 0.79719764
v -0.00207066 -0.46009516 0.79760885
v 0.00004966 -0.48179867 1.80165255
v 0.00027163 -0.62227171 1.98226261
v 0.00017386 -0.61187249 1.98370313
v 0.00019236 -0.63270753 1.98050749
v 0.0001979 -0.64308631 1.97860002
v 0.00020947 -0.69476729 1.96528601
v 0.00259089 -0.43794408 0.75321501
v 0.11367359 -0.49431204 1.79282605
v 0.00163489 -0.48378536 1.80124199
v 0.00009344 -0.60901963 1.98409676
v 0.00013446 -0.6297844 1.98097479
v 0.00021672 -0.61935293 1.98265528
v 0.00007098 -0.32630804 1.9511677
v 0.00019153 -0.33066147 1.95276296
v 0.00020652 -0.32847508 1.95191407
v 0.00019591 -0.64018011 1.97916305
v 0.00018876 -0.66423952 1.97392451
v 0.00016176 -0.67462045 1.97129738
v 0.00027456 -0.66936641 1.972579
v 0.00022702 -0.68506699 1.96831059
v 0.0002525 -0.67983603 1.96982264
v 0.00028182 -0.69021409 1.96673953
v 0.00034294 -0.48271137 1.80143439
v 0.00010816 -0.48203438 1.8016076
v 0.00085427 -0.48345932 1.80126547
v -0.00444784 -0.46033403 0.79828208
v -0.00246472 -0.46001723 0.79758942
v 0.00014879 -0.60642117 1.9844259
v 0.00023152 -0.60951191 1.98411953
v 0.00015858 -0.62725019 1.98137307
v 0.00021333 -0.6303277 1.98087644
v 0.00014814 -0.61795848 1.98287499
v 0.00014202 -0.61684119 1.98300361
v 0.00021865 -0.61990433 1.98261153
v 0.00048546 -0.32740998 1.95152854
v 0.00049263 -0.32957235 1.95236408
v 0.00013775 -0.63767856 1.97967875
v 0.0002184 -0.64073413 1.97911071
v 0.00048226 -0.6668443 1.97335803
v 0.0004835 -0.67200839 1.97195041
v 0.00049129 -0.67722141 1.97059178
v 0.00049772 -0.68243855 1.96908879
v 0.0005097 -0.68770074 1.96762967
v 0.00051331 -0.69271522 1.96593785
v -0.00202692 -0.45982113 0.79722321
v -0.00235867 -0.46011814 0.79775387
v -0.00324413 -0.46024689 0.79805851
v -0.00051079 -0.48151871 1.8017416
v 0.00035621 -0.48226711 1.80154895
v 0.00029006 -0.62222927 1.98227739
v 0.00020278 -0.61182504 1.98370993
v 0.00021866 -0.63266027 1.98051571
v 0.00022763 -0.64303928 1.97861254
v 0.00025746 -0.6948502 1.96525776
v 0.02038038 -0.668549 1.97270381
v -0.00299418 -0.44992119 1.80994772
v 0.00214119 -0.48424094 1.80115962
v 0.0011889 -0.48331639 1.80134463
v 0.00014837 -0.60839599 1.98422801
v 0.00010591 -0.60724449 1.98434531
v 0.00005307 -0.62919294 1.98111259
v 0.00007324 -0.62807369 1.98130452
v 0.00019049 -0.61876255 1.98277604
v 0.00014361 -0.61764746 1.9828974
v 0.00013965 -0.32632139 1.95118928
v 0.00027128 -0.32847803 1.95194888
v 0.00022474 -0.33066216 1.95277452
v 0.00015881 -0.63958585 1.97928226
v 0.00014565 -0.63847684 1.97949409
v 0.00034857 -0.66942495 1.97268235
v 0.00027017 -0.67464113 1.97132337
v 0.00023257 -0.66424089 1.97392034
v 0.00030086 -0.67983311 1.96981942
v 0.00026993 -0.68506497 1.96831488
v 0.00033709 -0.69023871 1.96675515
v 0.00006789 -0.48190763 1.80163478
v 0.00037714 -0.48272565 1.80142617
v -0.00018964 -0.48166477 1.80168449
v 0.00104897 -0.48361328 1.8012495
v 0.00152115 -0.48396703 1.80119001
v -0.00220609 -0.62939423 1.98110282
v 0.0000406 -0.63779562 1.97964382
v -0.02144389 -0.63352471 1.98024129
v -0.12556543 -0.83581179 1.82020521
v -0.19406016 -0.62908887 1.74207699
v -0.09451586 -0.35815712 1.88414847
v -0.22235047 -0.93314528 1.26407063
v -0.00507754 -0.46040451 0.798473
v -0.00393843 -0.46027487 0.79809045
v -0.00298136 -0.46009656 0.79775619
v -0.0019564 -0.45993766 0.79743903
v -0.27011013 -0.46683913 0.81968343
v -0.10547988 -0.48044186 1.81617987
v 0.00015105 -0.6060093 1.9844501
v 0.00015248 -0.60701298 1.98438644
v 0.00019865 -0.60854244 1.98422312
v -0.00347164 -0.60631042 1.98445892
v 0.00028134 -0.61051297 1.98392736
v 0.00015324 -0.6268385 1.98141765
v -0.00003926 -0.6272856 1.98138034
v 0.00013366 -0.62785154 1.9813658
v 0.00017322 -0.6293807 1.98114442
v 0.00026057 -0.63133436 1.9807018
v 0.00014954 -0.61643898 1.98307991
v 0.0001428 -0.61694747 1.98298299
v 0.00014874 -0.61742281 1.98291754
v 0.00019108 -0.61894685 1.98276746
v 0.00026932 -0.62090301 1.98243486
v 0.00259089 -0.26684761 1.9283657
v -0.02332174 -0.26219123 1.92302751
v 0.00045394 -0.32685998 1.9513539
v 0.00051217 -0.3279474 1.95174467
v 0.00051549 -0.32902702 1.95216679
v -0.0487047 -0.40835955 1.97632467
v 0.0004655 -0.33011949 1.95255982
v 0.00014153 -0.63727051 1.97973537
v 0.00014916 -0.63825702 1.97955274
v 0.00018618 -0.63976687 1.97925114
v 0.00026733 -0.64172524 1.97886669
v 0.00045888 -0.66553884 1.97364342
v 0.00049916 -0.66814011 1.97302985
v -0.05679584 -0.75184142 1.93979859
v 0.00050154 -0.67071849 1.97231316
v 0.00046044 -0.67331731 1.97164607
v -0.00044408 -0.65651768 1.97578561
v 0.00046492 -0.67591565 1.97093761
v 0.00051399 -0.67852038 1.97021007
v 0.00051744 -0.68113249 1.96947109
v 0.00048312 -0.68377679 1.9687916
v 0.00048287 -0.68637323 1.96795928
v 0.00052917 -0.68897169 1.9671607
v 0.00053329 -0.6915096 1.96640181
v 0.00048649 -0.69388634 1.96554291
v -0.01487985 -0.45941999 0.79644483
v -0.00181605 -0.45983716 0.79725503
v -0.00221917 -0.45982283 0.79720729
v -0.0018934 -0.46001866 0.7974438
v -0.00178057 -0.45991021 0.79736554
v -0.00217887 -0.4601106 0.79766529
v -0.00281628 -0.46013411 0.79785138
v -0.00178303 -0.4599646 0.79747253
v -0.00279624 -0.46017846 0.79793274
v -0.00380056 -0.46030533 0.79816573
v -0.00327509 -0.460224 0.79801458
v -0.00246074 -0.46014809 0.79780608
v -0.00327494 -0.46022388 0.79801452
v -0.00439856 -0.46035772 0.79833447
v -0.00084922 -0.48142862 1.80178892
v -0.00022351 -0.48165571 1.80168783
v 0.00022273 -0.48203265 1.80160462
v 0.00045458 -0.48252379 1.80147874
v 0.00031027 -0.62214767 1.98230803
v 0.00027803 -0.62225496 1.98226535
v 0.00028421 -0.6267215 1.98147106
v 0.00119277 -0.62937879 1.98114728
v 0.00026335 -0.62406432 1.98197281
v 0.00040298 -0.62469714 1.98189747
v 0.00026184 -0.61174047 1.98371708
v 0.00018142 -0.61185437 1.98370587
v 0.00050789 -0.61599218 1.98314237
v 0.00259089 -0.59784758 1.98548317
v 0.00028268 -0.60543996 1.98457884
v 0.00117462 -0.5866003 1.98657226
v 0.00259089 -0.48014536 1.9885267
v 0.00043802 -0.33083987 1.95282959
v 0.00259089 -0.3905664 1.97366094
v 0.00026645 -0.63257581 1.9805299
v 0.00005456 -0.63308626 1.98043179
v 0.00019972 -0.63268941 1.98051035
v 0.00035482 -0.63660562 1.97985017
v 0.00027762 -0.64295679 1.97863793
v 0.00020647 -0.64306837 1.97860407
v 0.00034096 -0.69492101 1.96522879
v 0.00022329 -0.69478458 1.96528053
v 0.0009777 -0.66682893 1.97336149
v 0.00259089 -0.66071647 1.97484469
v 0.02588053 -0.63356882 1.9802246
v 0.00292205 -0.63418489 1.9802711
v 0.00259089 -0.78531551 1.92736995
v 0.00259089 -0.45104816 0.78606653
v 0.28911367 -0.4382908 0.76508426
v 0.00259089 -0.41009277 0.77164137
v 0.00259089 -0.46746546 0.81768238
v 0.05367475 -0.48547834 1.80083954
v 0.00243019 -0.48446708 1.80111146
v 0.0019089 -0.48400953 1.80120301
v 0.00144884 -0.48355132 1.80129182
v 0.0008999 -0.48307985 1.80137896
v 0.00016437 -0.60802793 1.98427689
v 0.00010823 -0.60876977 1.98414003
v 0.00016145 -0.61008524 1.98400545
v 0.0001295 -0.60680836 1.98439621
v 0.00011267 -0.60776954 1.98428726
v 0.00013446 -0.60735553 1.9843496
v 0.000143 -0.6063568 1.98442804
v 0.00013406 -0.60735565 1.98434948
v 0.00010158 -0.60822558 1.98421204
v 0.00022006 -0.60979437 1.98398065
v 0.00007978 -0.628865 1.98123335
v 0.00009634 -0.62953531 1.98101627
v 0.00017177 -0.63041663 1.98084211
v 0.00012937 -0.62764138 1.98136222
v 0.00004403 -0.62858939 1.98122239
v 0.00008275 -0.62819027 1.98131501
v 0.00016837 -0.6271854 1.98137927
v 0.00008209 -0.62819021 1.9813143
v 0.00003572 -0.62901753 1.98111891
v 0.00017642 -0.63038665 1.98087084
v 0.00017327 -0.61842751 1.98281478
v 0.00018176 -0.61940127 1.98269927
v 0.00021537 -0.61910617 1.9827075
v 0.00020651 -0.62138873 1.98236453
v 0.00013391 -0.61722022 1.98294818
v 0.00016478 -0.61815947 1.98283577
v 0.00015042 -0.61775893 1.9828825
v 0.00013761 -0.61677855 1.98301792
v 0.00015038 -0.61775893 1.9828825
v 0.00019108 -0.61858904 1.98278105
v 0.00023398 -0.62155902 1.98231828
v 0.00020408 -0.61960423 1.98260486
v 0.00027211 -0.32631355 1.95120775
v 0.00008788 -0.32631292 1.95117104
v 0.00076205 -0.32568112 1.9509648
v 0.00030183 -0.3306607 1.95277595
v 0.00036045 -0.32848382 1.95195603
v 0.00022867 -0.32847687 1.95192027
v 0.00020417 -0.33066195 1.95276606
v 0.0002072 -0.32947778 1.95232582
v 0.00018406 -0.32720044 1.95144665
v 0.00025149 -0.32715028 1.95141494
v 0.00026519 -0.32945862 1.95227563
v 0.00016338 -0.63925129 1.97934329
v 0.00017626 -0.63993221 1.97921335
v 0.00019982 -0.6406489 1.97912049
v 0.00020408 -0.6421135 1.97880077
v 0.00012632 -0.63805502 1.97959399
v 0.00015568 -0.63898646 1.97939503
v 0.00015229 -0.63858789 1.97947275
v 0.00012614 -0.63761371 1.97968256
v 0.00015226 -0.63858789 1.97947275
v 0.00015789 -0.63941508 1.97931361
v 0.00018828 -0.64096444 1.97899508
v 0.0001601 -0.64008027 1.97920703
v 0.00024207 -0.64142608 1.9789375
v 0.00032936 -0.67463374 1.97132432
v 0.00038036 -0.6694417 1.97270119
v 0.00031046 -0.66937512 1.97259223
v 0.00028561 -0.67062985 1.972332
v 0.00019879 -0.6746301 1.97131717
v 0.0002453 -0.671983 1.97195315
v 0.00031733 -0.66768819 1.97316277
v 0.00031156 -0.66423738 1.97391581
v 0.00020153 -0.66424053 1.97392356
v 0.00028458 -0.66765081 1.97298073
v 0.00032675 -0.66807168 1.97286963
v 0.00023855 -0.66552949 1.97359705
v 0.00045415 -0.66631645 1.97346925
v 0.00025245 -0.67331463 1.97155201
v 0.00026794 -0.67044013 1.97233378
v 0.00038391 -0.67165589 1.97204184
v 0.00024802 -0.6617183 1.9746139
v 0.00034211 -0.68506079 1.9683187
v 0.0003904 -0.6798278 1.96982789
v 0.00026664 -0.67983645 1.96982085
v 0.00033671 -0.6813122 1.96940875
v 0.00023999 -0.68506664 1.96831119
v 0.00025522 -0.67613619 1.97081947
v 0.00023149 -0.67616474 1.97085714
v 0.00038786 -0.67614471 1.970878
v 0.00026686 -0.68365216 1.96879184
v 0.00030179 -0.68365019 1.96872329
v 0.00040453 -0.69024676 1.96676874
v 0.0002988 -0.69021809 1.96674084
v 0.00030995 -0.69156193 1.96637249
v 0.00030129 -0.68781328 1.9675523
v 0.00033885 -0.68857216 1.96723818
v 0.00031264 -0.6920337 1.96615326
v 0.00036158 -0.69204914 1.96619617
v 0.2688018 -0.46717348 0.81864309
v 0.00099361 -0.45989081 0.79725736
v 0.00259089 -0.48891392 1.80093264
v -0.00090736 -0.48000672 1.80218875
v 0.00044257 -0.48275822 1.80141472
v 0.0000451 -0.48185792 1.80164146
v 0.00017017 -0.48205781 1.80159997
v 0.00008922 -0.48198026 1.80162107
v 0.00035616 -0.4827153 1.80143284
v 0.00019221 -0.48229685 1.80154371
v -0.00034635 -0.48158279 1.80171239
v -0.00004932 -0.4817745 1.80165898
v -0.00013162 -0.48170131 1.80167436
v -0.00058505 -0.48149308 1.80175459
v -0.0001316 -0.48170131 1.80167448
v 0.00002854 -0.48186492 1.80164539
v 0.00015773 -0.48209786 1.80159103
v 0.00022981 -0.48239162 1.80151557
v 0.00092393 -0.48352521 1.80125367
v 0.00131996 -0.4836986 1.80125546
v 0.00078935 -0.48333311 1.80132091
v 0.00079855 -0.48329517 1.80129861
v 0.00128267 -0.48379549 1.80121612
v 0.00181067 -0.48411792 1.80117833
v 0.00155281 -0.48391079 1.80121099
v 0.00108561 -0.48366928 1.80122745
v 0.00155247 -0.48391097 1.80121064
v 0.00209961 -0.48431092 1.80114483
v -0.22849068 -0.45816692 0.8284043
v -0.49035203 -0.85486495 0.99152225
v -0.22258533 -0.87623554 0.8246783
v -0.23349879 -0.88520109 0.85661435
v 0.24864485 -0.87816172 0.82835227
v 0.46481239 -0.95015341 1.05607128
v 0.36458256 -1.05066764 0.92241394
v 0.23311841 -0.93487554 1.26441824
v 0.002606 -1.55762362 0.34882989
v 1.02700281 0.19710882 -0.05225806
v 0.00259089 0.01335346 1.1552385
v 1.18525087 1.320737 1.02761411
v -1.18011105 1.32074213 1.02760791
v 0.00259089 1.63288998 1.27858078
v 0.00259089 -0.47334718 1.82525348
v 0.00263256 -0.00761074 -1.3266319
v -0.81734925 0.724527 -0.93216723
v 0.82250195 0.72455686 -0.93216663
v -0.65676212 -1.16173911 0.46286347
v 0.00259089 -1.21924352 -0.57457888
v 0.26937478 -0.52863174 1.23761618
v 0.33425697 -0.24895019 0.92021471
v -1.15760374 0.86630076 -0.2095173
v 1.16273665 0.86628949 -0.20947848
v 0.98106694 1.46188843 0.16208164
v 0.00259089 -1.15548443 1.3281598
v 0.00259089 -0.62386524 1.07530033
v -1.0256443 0.72998517 0.89121943
v 0.14562967 -0.49300083 1.82018649
v 0.00259089 -0.5367518 1.22517335
v 0.73914367 -0.29340589 0.54460853
v -1.10690486 0.25028979 -0.46459209
v -1.15785527 0.42140662 0.49225226
v -0.64786762 -0.02626405 -0.95478344
v 0.65302419 -0.02631261 -0.95482659
v 0.77685117 -0.90146303 -0.1736329
v 0.00259089 1.80208265 0.66452688
v 0.34239003 -0.71026229 1.13206505
v 0.15379725 2.06798076 1.12510013
v 0.5339027 -1.40725278 0.72227728
v 1.34012663 1.17766809 0.8183068
v 0.72632622 -0.78806573 -0.50857126
v -0.28422293 0.58394545 1.03703928
v -0.50741887 -1.53031742 -0.04218968
v 1.03162229 0.22640433 -0.10762648
v 0.00259089 -1.17702722 1.37349236
v -0.55765098 0.54889565 -1.2334541
v 0.56280303 0.5489307 -1.23350608
v 0.3951492 -1.17636549 1.0292468
v -0.46222415 1.93861115 1.21366858
v 1.37801694 0.60633987 0.07306978
v 0.00265719 0.03016522 -1.4079287
v 0.87316173 0.65130597 0.96520137
v -0.18722239 -0.16182836 -1.23919761
v -0.4099766 -1.02717936 -0.70309287
v 0.53750425 0.50577199 -1.38058102
v 0.50120061 0.27824035 0.91046971
v 0.67774367 -0.71487289 0.53487122
v 0.00256755 -0.9122712 -0.8913207
v 0.95026135 1.20862567 -0.25378954
v 0.28301343 -0.97360473 1.04522144
v 0.00259089 1.23848879 -0.1763089
v 0.07921961 -1.4959234 -0.02798474
v -0.99785572 1.46681547 0.17204104
v 0.97829097 1.81292533 1.0002098
v -1.39694309 0.88791424 0.24562306
v 0.70964247 -0.99576771 0.49373486
v 1.32326996 0.98311269 0.5905472
v -0.80373299 -0.17596384 -0.6235153
v -1.26433038 1.16313445 -0.15991599
v 0.3667297 -1.06873047 -0.78209704
v -0.96903163 0.02874065 0.38879075
v 1.08152544 1.79125273 0.92865777
v -0.57414567 -0.44715517 0.73059994
v -1.14140486 1.71965265 0.82844173
v -0.54134398 0.26664388 0.8935408
v 0.96218407 0.60857695 -1.02040398
v 0.75531131 -1.05399906 0.11057034
v 0.00259089 -1.52075552 0.927311
v -1.27683913 0.89550846 -0.41999319
v 1.12419557 0.72684937 -0.21596454
v -0.6291176 -1.19610822 0.25556457
v 0.00264637 1.49157989 1.28771233
v 0.26262489 -0.55958044 0.94159519
v 0.56095939 1.34192562 1.27529406
v -0.55575043 1.3419584 1.27533257
v -0.69736558 -1.14904189 -0.08490021
v 1.45759892 1.15110909 0.07165883
v -0.28395748 -0.4382596 0.76506704
v 0.18405333 1.76103735 1.33704507
v -1.48392283 1.18264699 -0.05082043
v -0.70323061 -0.86430782 0.29061242
v 0.00259089 0.88173049 1.12151229
v -1.25579047 0.9434545 0.29041528
v -0.85719353 -0.16251263 -0.73994767
v -0.24413831 -0.76220482 1.2454276
v 0.00259089 -0.36983159 1.25324881
v -1.1806668 0.25563696 0.1364703
v 0.1420889 -1.50451731 0.94245594
v 0.19840274 -0.70464009 1.82323896
v -1.35600483 0.62250393 -0.08261597
v 0.89525884 -0.20856332 -0.59643244
v 1.31881308 1.12664973 -0.01463323
v -1.15013098 0.74915838 -0.15885792
v 0.54044467 0.94469916 1.15873253
v -0.53522467 0.94465786 1.15875268
v 0.7461335 -0.17795276 0.61013674
v -0.95503735 0.28909373 -0.50477832
v -1.00597775 0.61196488 -0.75294578
v -0.22360375 -0.32348945 1.15694212
v 0.55898702 -1.44414222 -0.13451187
v -1.08639919 0.31754994 -0.10953147
v -0.76489573 1.28346955 1.25410413
v -0.14107771 -0.3909623 1.3108797
v 1.28439879 1.35303318 0.52775347
v -1.41538584 1.07307851 -0.15318743
v -0.1375648 -1.61012554 0.60603547
v -0.73631161 -0.47487798 0.21592871
v 1.28571987 1.37571466 0.68137413
v 1.08302938 0.2411931 -0.40147751
v 1.32903397 1.56456685 0.90736317
v -0.81295144 0.36531168 -1.20002865
v 1.2996422 1.20914125 1.0136733
v 0.00259089 -0.36439934 1.54429912
v 0.68124479 -0.47007158 0.41545671
v 1.29193615 0.87926363 -0.39212068
v -1.21831989 0.49613058 0.2583183
v -0.5992285 -0.54687804 0.64981395
v 0.71799331 -0.73597538 0.22278671
v 1.29390323 0.71986764 0.07433729
v 1.17242157 0.61541646 -0.11779803
v -0.52215945 0.06732408 -1.18792367
v -0.49666351 -1.40642535 -0.31971627
v -0.76809817 0.36440309 -1.24434769
v -0.49343952 -0.94477629 0.92217063
v 0.51648485 0.11189131 -1.32770526
v -0.55565172 -0.6634593 -0.8915984
v -0.67101019 -1.20050549 -0.34559381
v 0.5580846 -0.7856298 -0.8505724
v -0.66401988 -1.35579466 0.13112364
v -0.33717188 -0.71023446 1.13207566
v -0.22188188 1.67677509 1.33668351
v -0.94338238 1.19981336 -0.26530402
v 1.26861107 0.76384234 -0.12406997
v 0.67827969 0.16792012 -1.1709814
v -0.52402019 -0.5107879 -0.87445741
v -0.66395145 -0.68937999 0.5854544
v -0.5600236 -0.79045426 -0.84343618
v 0.87151688 1.46322405 1.28786492
v -0.28015914 1.72940266 1.22823607
v 1.16580522 1.52267789 1.09876465
v -0.69190502 -0.99585789 0.58735925
v 0.06625012 -0.38398045 1.4214189
v -0.67857271 1.3900299 1.23038375
v -1.24249839 0.72037923 -0.34801366
v 1.11515808 0.80628615 0.89522635
v 0.1316915 -1.12137734 1.35252308
v 0.14987525 1.61999464 1.37790715
v 0.0025832 -0.59684509 -1.00221991
v 0.00259089 -1.2934674 1.27405333
v -0.70536524 -0.7020623 -0.67376983
v 1.41070187 1.42867994 0.89288204
v 0.71254754 0.31891298 -1.12156641
v -0.11324112 -0.57206475 -1.1098721
v 0.86034143 -0.32101035 -0.18769703
v 0.32795441 1.3033725 -0.07828006
v -0.65440034 -0.3806667 -0.79798519
v -1.23217272 0.62079221 0.57402801
v -0.99441838 1.84861803 0.9703648
v -0.46959576 -0.97754812 1.02051913
v 0.28335863 -0.64296019 -0.94314569
v -0.97583115 -0.03663561 0.06295897
v 1.02736115 0.56410592 0.8346191
v -0.40713536 -0.60130119 -0.91099441
v -0.25280761 -0.56174278 0.94364613
v 0.8381465 -0.19829806 -0.33700677
v 0.31012091 -0.69811588 -1.0768609
v 0.52529853 -1.18829977 -0.51674222
v 1.14468598 1.76861822 1.08312773
v -0.79307282 1.8245958 1.18779587
v -0.99492275 0.96943914 1.11960017
v 0.51112651 -1.5318892 0.45945626
v -0.71022814 0.34811842 -1.10384464
v -0.22902526 -0.73655343 -0.92057037
v 0.31883999 -0.73767858 1.33589291
v -0.7304539 0.69078975 1.05787527
v -1.48810756 1.52061808 0.33692091
v -0.64818906 -1.20053112 0.64914494
v -1.16769349 0.48870298 -0.1193974
v -1.19592583 1.5577805 0.48723241
v -0.75649184 -0.82630384 -0.12269622
v -1.2886784 1.46227979 0.64737772
v -0.13512954 -1.22049939 1.33394789
v -0.38956487 0.07913082 0.98592686
v -1.26717829 1.0423392 -0.08774451
v -0.22895997 -0.74519807 -0.96484768
v 0.62279087 -0.56895452 -0.75404906
v -1.38389897 1.47592866 0.79819709
v -0.24811802 -0.52286976 1.27955913
v -1.26745009 1.34796166 0.82453799
v 0.08142876 -1.24248039 1.35804235
v 0.1671911 -1.07257628 -0.82594245
v -1.04808819 0.25352379 -0.14312633
v -1.13511049 1.2754209 -0.1988707
v 0.64227813 -1.23235774 0.27033522
v -0.40291819 0.03051942 -1.19853663
v 0.19222451 -1.05583715 1.36395669
v -1.268978 0.47561442 -0.16252197
v -0.30112323 -0.9904133 0.98578506
v 0.59409618 -0.68948972 -0.85225313
v -0.62112027 -0.5684266 -0.75549632
v -0.89231091 0.62711036 -1.16316509
v 1.04518973 0.25709819 -0.62102735
v 0.00014896 -0.63643109 1.97987747
v 0.61397773 1.61793971 1.23432588
v 0.00259089 0.94281488 -0.58720028
v -0.23573741 2.02465033 1.2610985
v -0.29067796 -0.85201638 0.92272293
v -0.33246201 -1.06112909 1.27908718
v 1.38304901 1.77610516 0.6975137
v 0.59511703 -0.1291459 0.84330242
v 0.75285697 -0.2749359 -0.81895369
v -1.00927007 0.50431197 -0.81075859
v 0.23443959 1.14710235 1.19616556
v -1.18206441 0.74456208 -0.6187796
v 1.18039453 0.41696155 -0.36594024
v -1.32095158 0.67776632 0.45359033
v 1.31852138 1.79919302 0.63201594
v 1.13083076 0.88388204 -0.78969502
v -0.62998694 1.94930386 1.07323682
v 1.09655535 0.21984691 0.4644353
v -1.34620118 0.95602393 0.43765813
v 0.22535643 -1.22654616 -0.6502369
v 0.00259089 0.48490712 1.03226709
v -1.29544365 1.12363791 0.68825638
v 0.00259089 0.44751817 -1.38305652
v 1.17183291 1.02879476 -0.79031431
v -0.62818157 0.45489308 -1.49539637
v 0.28962558 -0.08371097 -1.20946872
v -1.39052832 0.65316385 0.02934717
v -0.3919492 -1.17959237 1.01760458
v -0.6938728 -0.49974143 -0.76999187
v 0.95995706 1.62276542 1.15927696
v 0.39248803 -1.46892571 0.87212014
v 1.21768522 1.43224453 0.22629584
v -1.02564883 0.12912035 -0.49312728
v 0.53424364 -1.06540691 0.85100466
v -0.79045468 -0.20817437 0.53275996
v 0.75128549 -0.93797141 -0.47650548
v -1.16039359 0.96583086 -0.24180942
v 0.84694725 0.55620658 -1.07607233
v -1.47923088 1.41546988 0.30274096
v -0.74613219 -0.93431568 -0.55081218
v 1.27632749 0.51136899 -0.1935022
v 0.32948908 -1.000759 1.29028761
v -0.35854134 -0.78005749 1.04933631
v -0.65008109 0.10041596 -1.1619029
v 0.69124823 -1.15049779 0.0325855
v -1.09035682 0.94027388 -0.57752722
v 0.6336748 -0.18987104 -1.01083672
v -1.174106 1.64094007 0.25978478
v -0.21607673 -1.46531724 1.00918066
v 1.00867414 0.00019669 0.06168097
v -0.99882799 1.13763582 1.12119853
v 1.10759413 0.23378253 -0.08986438
v 1.07823467 0.47099345 0.682594
v 0.30181175 -0.80322939 0.9344052
v -1.10198652 1.60042965 1.19486856
v 0.10014107 -0.38070517 1.50876069
v -0.68835127 -0.85346043 -0.56872147
v 0.21712465 0.66824024 1.06909716
v -1.0418812 0.63302767 0.92250913
v -0.35284915 -0.92983037 1.20053768
v -1.33483386 0.84283405 0.32975828
v 1.05353915 1.47373986 1.21624612
v -0.55270677 -1.51788938 0.28686279
v 0.48906168 -0.94462955 0.9297471
v 0.16552738 0.20990297 -1.50737965
v 0.68958675 -0.8556745 -0.5654785
v 0.22161568 -1.56376886 0.16264313
v -0.79643142 -0.70557898 -0.17568115
v 0.34916856 -1.57813906 0.42159098
v 0.17373918 1.15208077 1.24889135
v -0.50274366 0.46785312 -1.52484154
v -1.24917829 1.30427575 0.06229822
v 0.64225506 1.70784568 1.26588928
v 0.82513612 0.01117145 -0.66738754
v 0.60900783 -0.74592655 0.76944083
v -0.45523434 -0.97609347 0.94476372
v -1.3214842 1.0078752 -0.25470504
v -1.1326884 1.72542512 1.00717735
v -0.6635797 -0.76462894 0.60375112
v -0.93544423 -0.07778486 -0.28781238
v -0.49808988 -0.54987007 0.76220959
v 0.00259089 0.71033787 1.10893821
v 0.30407288 -0.40711781 -1.08118927
v -0.61295169 -1.40818429 -0.17099955
v -0.70903277 -0.33488869 -0.74852979
v -0.64127516 -0.99450862 0.70172148
v 0.31300306 -1.47734439 0.99858814
v 1.44968593 1.39756441 0.59813523
v -0.43089452 0.49692627 -1.31823694
v 0.4360845 0.49695611 -1.3181988
v 1.20829987 1.29825151 1.11685025
v -0.34079885 -0.51966184 -1.10121417
v -0.29937151 -0.71738714 1.33268797
v 0.14645645 -0.35216447 1.02729857
v -0.17966006 -1.29180395 -0.47720998
v -0.25979682 1.51540029 1.3187952
v -0.3970465 -1.07760298 1.20686471
v -0.73646444 0.76008623 1.03777277
v 0.09168192 -1.45472085 1.12636494
v 1.44222676 0.93450391 0.35301631
v -0.32092964 -0.02391746 -1.24577546
v 0.62125176 -1.33861506 0.42810887
v -0.34977656 -0.70308011 0.94825017
v -0.97617644 1.81762254 1.15128684
v 1.48960816 1.59987425 0.9259662
v 0.24276256 -0.46706607 0.89382994
v 0.83193224 1.1740812 1.1779375
v -0.12817542 -1.39596521 1.17862618
v -0.91087931 0.48873493 -0.66533947
v 0.60592085 0.46802687 -1.33983552
v 0.31477332 -0.5543195 0.99439162
v 0.3613221 0.42974063 -1.61081421
v -1.14889383 1.20786345 1.09892737
v 0.76670455 -0.7054733 -0.27797296
v 1.01715445 0.28782576 -0.50014025
v 1.21972024 1.66976535 0.58816522
v -0.55284774 -0.07347045 0.8976677
v 0.60192757 2.02131366 1.17485392
v -0.32441884 -0.11332141 -1.14872241
v -0.94998228 0.79987108 -0.66835922
v -0.25933989 -0.92778134 1.50037229
v -0.50754892 -0.59031635 0.86599361
v 0.41513058 0.24908097 -1.41172719
v -1.16298914 0.45159399 -0.4543111
v -0.74194848 -0.85556644 -0.39750129
v 0.48828646 -0.0790842 -1.09250044
v -0.7709639 -0.92015695 -0.44875806
v 0.77941983 -0.56847071 -0.15498089
v 1.16576099 0.65371549 0.59128892
v -0.69321465 -0.10233614 -0.99308478
v 1.28259491 1.28814292 0.32814058
v -0.26156961 0.3257021 -1.43722212
v 0.52187562 -0.60395509 -0.84736001
v -0.76401263 -1.00594842 -0.13104514
v -1.16696023 1.12509369 0.91714739
v 0.38930663 -0.95101451 1.20784282
v -0.66292613 1.08956396 1.16423213
v 0.57193398 0.08728174 -1.21755743
v -0.44239932 -0.95286065 1.05739367
v 0.73641926 -0.11019621 0.65738481
v 0.80225229 1.95924937 1.12760472
v -0.1306833 0.05352793 1.13639891
v 1.12740135 0.64869177 -0.13004134
v 1.35278153 0.79127097 0.19129191
v -0.3614296 0.212315 -1.40928745
v -0.18742993 1.99458801 1.15963184
v -1.14798748 0.26994049 0.47110635
v -0.24288252 -1.47464871 0.82491523
v -0.84362477 0.50768131 -0.86655551
v -1.13474309 0.4801208 -0.60068017
v 0.91156059 0.37099695 -0.60911375
v -0.6393767 -0.73346656 0.40545359
v -0.2467352 0.12319338 1.0595467
v 0.6789487 -1.01931095 0.32702931
v 0.40431794 -0.93553859 -0.77158945
v -0.59850567 1.73173177 1.32929706
v -1.10785687 0.55014407 0.63788384
v 0.40162465 -1.12514138 1.14077568
v -0.08675832 0.29780978 -1.48872983
v 0.45274782 0.3436011 -1.48094773
v 0.29969832 -1.06841826 0.98309755
v -0.48759019 1.73118317 0.58138763
v -0.37929311 -0.7830618 -0.9323343
v -0.38707113 -0.76404768 0.85358679
v 0.98098713 0.36946189 -0.80068969
v 0.39409557 -0.51656228 0.78017121
v 0.29821512 -0.01225073 1.09206998
v 0.65238773 -0.85920804 -0.77575522
v -1.15803456 1.05877268 -0.79623997
v -0.57296985 1.6962018 1.22835242
v 0.53279209 -0.78479814 -0.81087124
v 0.36371493 -1.25885701 1.04520416
v 0.61730963 1.46183979 1.24743914
v -0.00774795 -0.64885699 1.97748017
v -0.15877269 -0.83069849 1.02494943
v -1.38610673 1.5696268 0.51922953
v -0.53013563 -0.76564252 -0.82913219
v -0.73203051 -0.27399167 -0.86793535
v -0.4815512 1.46952676 0.15554261
v 0.53598624 -0.61162823 0.85405695
v 1.37545037 1.08360672 0.27562108
v 0.00259089 -0.87302827 1.24278497
v 0.52065318 -1.02701461 -0.64362162
v -0.83646661 0.28192535 0.84950524
v 0.70681393 -0.33630192 -0.75348246
v 0.98790031 0.20468871 0.64155542
v 0.62431705 -1.14795374 0.71425437
v 0.32546952 -0.83910888 1.14512848
v -0.1666392 0.3411341 -1.6172986
v 1.10294532 0.97361874 -0.81994909
v 0.00264851 -0.28802022 1.40159714
v -1.25662219 0.68529218 -0.02377869
v 0.8945167 0.91231262 1.05135917
v -0.29087781 -0.40494313 0.78093594
v -0.68217307 0.45793938 -1.44023609
v -0.49024874 1.45402002 1.29884886
v 0.2479307 -0.87215179 1.06751179
v -0.93790775 0.30257964 0.82016593
v -0.58883225 0.48119863 -1.30441474
v -1.01932692 0.28997126 -0.50333648
v -0.8232994 1.59788525 1.21166288
v 0.24645164 1.86841845 1.22302186
v 1.38588237 1.7379601 0.78590637
v -0.18219424 0.4117136 -1.63617265
v 0.32983169 -0.52231508 -1.09034144
v 0.27867972 -0.43390139 0.88972306
v 0.471035 -0.88624441 0.89802837
v 0.4053865 -0.74431902 0.98437398
v 1.03481686 0.14395102 -0.49627709
v -0.28480541 0.776331 1.11401975
v -1.00996482 0.35241022 0.72416549
v 1.38282454 0.69239294 -0.08196309
v 0.00259089 -1.13140165 1.5480498
v 0.46698716 -1.44257152 -0.1865603
v 0.75310283 1.86914622 1.13245546
v -0.78230851 -0.43540513 -0.60818409
v -1.37840735 1.66725623 0.77614921
v 0.08834771 0.20750631 -1.48094594
v 1.23517429 1.18157923 0.03370201
v -0.67341661 -0.84153932 -0.77709478
v 1.25432062 0.92182284 0.31823432
v -0.35469886 -1.03806209 0.99648058
v 0.61348944 -1.27652537 0.48044678
v -0.12053699 -0.32164475 1.37080872
v 0.71490699 1.30679655 1.19302678
v 0.8434298 -0.31508719 -0.74773401
v 0.96217525 0.77716076 -0.7022711
v 0.52078968 1.22167086 1.19745039
v 0.21014432 -0.93658047 1.63117218
v -0.58786422 0.02038431 -1.11662471
v 0.571958 -0.72454106 0.77270925
v 0.08563801 -0.09672095 -1.24684357
v 1.29000783 0.44138446 0.11585624
v -0.46962186 -0.74903571 0.89580977
v -0.39219096 -0.44832164 -0.95663589
v 0.29066717 -0.44747188 -0.99288404
v 0.68902671 -1.30227065 -0.1082191
v 0.51619613 -0.3638263 -0.99030131
v 0.69173085 -1.16947615 -0.27844414
v 0.39536359 0.01213163 -1.25943255
v 0.19800457 1.01344883 1.20526766
v -0.06699486 -1.59062707 0.83839923
v 0.2669667 -1.11696445 1.23815023
v -0.60857045 -1.36868035 0.43725073
v 1.16755616 0.48629844 -0.12085805
v 0.81456583 -0.40399786 -0.08732312
v -0.92016542 -0.18219783 -0.43664354
v 1.23127043 1.16099309 0.77651065
v -0.25904527 -0.72145628 1.02658414
v -0.28272551 1.44780564 1.26652312
v -0.10738435 -0.51281487 1.05773317
v -0.26853787 -0.90107816 1.08960545
v 0.37892824 2.06547164 1.22804558
v 1.17564654 1.65570271 0.99792903
v 0.14434441 -0.74559032 -0.93754833
v 0.11460488 0.28888946 -1.44299411
v 0.9720276 0.0367924 0.38369321
v 0.64424717 -0.74629825 0.39944943
v -0.84870827 -0.34717378 -0.15044365
v 0.23572507 -0.97332143 1.06575357
v -1.26964688 0.98698365 0.44281804
v 0.81020069 -0.40417352 -0.60929536
v -0.70953095 0.31360903 -1.31310486
v 0.33343455 -1.01006293 0.85581809
v 0.52735549 -0.16306564 -1.15544605
v 1.23287308 0.69584763 -0.35373067
v 0.9376356 1.73648738 1.1171869
v 0.25809824 -1.54046344 -0.09497258
v 0.8523271 0.84523809 1.04738485
v -0.62183487 -0.94834697 0.78131347
v 0.2899577 -0.73950481 1.05281364
v 0.14471525 -0.91659277 0.96759134
v -0.21069324 2.03010034 1.09937048
v -0.89818304 0.11327964 0.72015106
v 0.5695793 -0.39237144 0.73255258
v 1.08151018 0.9096474 -0.51961147
v -0.7749862 -0.54747605 0.04455442
v -0.96671551 0.25231128 -0.64199328
v 0.32106801 -1.34140956 -0.37830904
v -0.2906751 -0.67311239 1.2471795
v 0.33802661 -0.51026713 1.07257497
v -0.39630124 -0.06235272 0.98443102
v 0.55319905 -1.20794904 -0.4137246
v -0.67318648 0.8105449 -0.83158081
v 0.09485435 -1.07301247 -0.71017599
v -1.41185569 1.56803309 0.71724647
v 0.80842602 0.49365812 -1.27861869
v -0.14707301 -1.19661617 1.34894692
v 0.21739406 -1.04797744 -0.78181022
v -0.73631906 1.27934896 1.18517565
v -0.55888998 1.27373158 1.31585812
v 0.62567269 -0.59639704 0.63978999
v 0.28125977 0.42033869 -1.53844618
v 1.36599195 1.40775144 0.37988504
v 0.40632516 -0.5954476 1.01849424
v 0.23571874 -0.81227409 1.67019295
v -0.34190431 -1.01655626 0.87704205
v -0.595142 -0.33803322 0.74851644
v 1.08938229 1.05767476 -0.41520613
v 0.40460717 -0.60564863 -0.9131785
v 1.13244223 0.41358387 -0.62819016
v 0.74929738 -0.11120864 -0.72767263
v -1.10260164 1.55312836 1.12386536
v 0.8452149 -0.24072463 -0.35628399
v -0.30612957 -1.29218733 1.15247237
v 0.30030897 -0.90419775 0.93358647
v 0.24128024 0.19019787 1.0245018
v -0.60166478 -0.70614451 -0.8331061
v 0.19873413 1.65735745 1.24320864
v -0.38530287 -0.05649272 -1.14122867
v 1.33091139 1.07088744 0.76350355
v -0.17564195 -0.43319937 1.02814102
v 1.31321406 1.38378238 1.09854781
v -0.91773045 0.06407191 -0.50436979
v 0.64517414 -0.43939757 0.47203338
v 0.68224883 0.08263795 -1.10548222
v 0.81718611 -0.24039603 0.36597815
v -0.2476 -0.95335304 1.10020029
v 0.27540352 0.75185054 1.08161699
v -1.3738377 1.12434232 -0.14011418
v -0.76130491 2.00093722 1.07832682
v -0.76825052 1.90485405 1.10215735
v 1.45615625 1.19617855 -0.07858212
v -0.63271468 0.78469061 1.08826565
v 0.31847068 -0.96893686 -0.83283925
v -0.75267589 1.17662584 1.23280465
v 0.00259089 1.22245323 1.26038789
v -0.69203597 1.06832802 1.15010893
v -1.08358037 1.76343679 1.13571631
v -1.48908555 1.25173711 -0.31989353
v 0.6507442 -0.59376895 0.4416269
v 0.86570155 1.70820665 0.65880143
v -1.38346302 0.94809514 0.32662999
v 0.86266046 -0.25161698 -0.0969275
v -1.29540932 1.29711008 0.30878576
v -0.97640949 1.44315373 1.2170633
v -1.46992695 1.11890184 -0.24792875
v 0.00772162 -0.39887303 1.43087399
v 0.39492824 0.80899035 1.08269715
v -0.71698677 -0.46184784 0.29357901
v 0.63676339 -0.8630265 0.77677381
v -0.88706123 0.9395293 -0.64780843
v -0.79888087 -0.39515516 -0.07619574
v -1.25957477 1.59873664 0.67509585
v 0.85650908 0.05403201 0.66298818
v 0.69438958 -0.97233873 -0.61108928
v -0.18805319 -0.35666713 1.04448223
v -1.35858917 0.97258651 0.22321265
v 0.00259089 2.04758787 1.05929958
v 0.6975454 0.49074488 -1.41670811
v 1.04203629 0.10865332 -0.39449086
v -0.09565407 -0.97630727 -0.79622417
v 0.65784829 -0.40106201 -0.7806276
v -0.10283244 -0.5111075 -1.04323911
v -1.45450091 1.41500639 0.24025495
v -0.87358397 -0.21300405 0.12624274
v -1.39748776 1.69625878 0.65011596
v 1.17369723 0.70732498 0.73349821
v -0.07444978 -1.57086551 0.15595831
v -0.81302493 -0.23202855 0.46806594
v 0.48545259 -0.93657344 0.95602512
v 0.97398591 1.60646867 1.24503088
v 0.70966762 -0.82407969 0.58789217
v 0.95857769 0.22481922 0.7475717
v -0.71380204 -0.73153132 0.24795341
v -0.56527757 -0.61829614 0.69745296
v -1.42551779 1.41510355 0.5731979
v -1.03752923 0.09938526 0.16367536
v -0.74631148 -0.1187206 -0.72824859
v -0.35582274 0.40454396 0.97373789
v 0.83347904 0.56467068 -1.27148509
v -0.18979357 -1.53419446 0.0267952
v 0.39502066 -0.75473141 1.03923451
v 0.06541247 1.5169692 1.3412584
v 0.08617465 -0.46170362 1.34002733
v -1.5011307 1.18235611 -0.21117524
v 0.31928291 -0.74239713 1.15922617
v 0.73762506 -0.65952187 -0.51958745
v 1.28909373 0.89124202 0.36689341
v -0.46196267 0.94490432 -0.60539078
v -0.45919913 -0.18984207 -1.10046517
v 0.94049805 -0.03231147 0.37247967
v -0.36769539 -0.24327316 0.9265052
v 0.30900377 -0.90188008 1.24771034
v -0.24298222 1.87313938 1.21627414
v 0.72827994 -0.96679753 -0.35917684
v 0.00009245 -0.63909637 1.97936308
v -1.17402684 1.56467831 0.27314063
v -0.71534323 1.82363164 1.20160162
v 0.30222755 -1.56635296 0.04075442
v 1.28725159 1.70170724 0.58076286
v 0.00259089 1.54565835 1.34176194
v -0.1368906 -0.93776452 1.3354845
v 0.31767869 0.60874027 1.08187699
v -0.40381419 -1.34635222 -0.37432184
v -0.27529257 1.06051206 1.21459126
v 0.01463626 -0.75797194 1.22574508
v -0.80212622 -0.49553906 -0.47538214
v 0.30075779 -1.16455316 -0.72696125
v 0.53817296 0.14608451 0.89462691
v 0.57076281 -1.3730092 -0.26546824
v 1.38055229 1.57438981 0.77785426
v -0.72515541 1.033378 -0.48255264
v -1.23173201 1.0121119 -0.61754649
v -0.06950841 -0.50987362 1.28629243
v -0.96100848 0.61597919 -1.04039049
v 0.53579753 0.25621432 -1.40207421
v 0.74887633 -0.27671745 0.4802514
v -0.15844076 -1.59452188 0.74914902
v -0.28693243 1.51513481 1.24637579
v 0.72151619 -0.24738027 -0.66408389
v -0.18344399 -0.5118857 1.56378614
v -0.37720152 -0.80402839 1.11872386
v 0.51210731 0.45679754 0.98381233
v -0.17404 -0.56153029 1.69423055
v -0.49606907 -0.72115916 -0.8308869
v -0.26270517 -0.54022473 0.83179175
v -0.82367038 -0.14405 -0.48995417
v -1.02846324 0.14748928 0.54797893
v -0.60451573 0.85866522 1.07402479
v 0.00259089 -0.39045307 0.89440769
v 0.30846354 1.45048046 1.30005145
v -0.18624158 -1.59221911 0.36139303
v 0.33287826 -0.80950999 0.85266596
v -0.76197099 1.88688576 0.99589347
v 1.07029843 0.69641137 -0.76029223
v 0.61802721 -1.09777855 0.71688753
v -0.11436487 -0.83628642 -0.93882507
v 1.46322619 1.24530923 0.52348125
v -1.20867669 1.38402879 0.10470239
v 0.14321513 -0.308568 -1.15516543
v -1.06539726 0.835343 -0.83003312
v 1.24058437 1.63691318 0.86609113
v 0.53062367 -0.67583572 -0.89006996
v -0.92672091 1.21992898 1.15951085
v 0.29114323 -0.83510303 0.82586497
v -0.86216884 0.03329905 -0.67163312
v 0.68726193 -0.34047445 0.65088993
v 0.07557448 1.02027213 1.16067743
v 0.95166975 0.29182735 -0.5091983
v 0.56494039 -1.01544261 -0.76566469
v 0.61349713 -1.19612491 0.5528649
v 1.22712826 0.64382827 0.58718138
v -1.27310383 1.07464289 -0.00296071
v -0.5485022 0.50552839 -1.41033875
v -0.46947133 -1.21077966 -0.54472804
v -0.05380209 -1.16633081 1.3829056
v 0.42627379 -0.77861666 1.05334973
v -0.03265506 -1.38454091 1.22095811
v -0.17621085 -1.50186979 -0.08436503
v 0.76943254 1.54724848 1.2283281
v -0.2231623 1.73497307 1.3389343
v 1.41781151 1.35336899 0.24626356
v 0.38074329 -0.25544223 -1.09251964
v -0.30383828 -0.48799994 0.94400036
v -0.04579799 -0.55174064 -1.15344357
v 0.00259089 1.09525358 1.19926428
v 0.83979255 -0.13762067 -0.78208684
v 1.4136964 1.19100761 -0.22213201
v 0.86269789 -0.27642464 0.06099358
v -0.04458735 -0.42654529 -1.10296332
v 0.22562655 -0.5319578 1.45222127
v 0.67002433 1.94326114 1.05427742
v -0.75692707 0.62196928 -1.08242178
v 1.18518734 1.39740908 1.07362425
v -1.32910168 0.74910169 0.36100512
v 0.33559152 -0.10654962 1.07797277
v 0.4930427 -1.14312553 -0.64648616
v 0.35816454 -0.25499007 0.92618846
v 1.09935617 0.54929685 -0.55758279
v -0.86391347 -0.38189241 -0.35402238
v -1.25493228 1.62072491 0.28188166
v -0.42430749 -0.77192479 1.06097757
v 0.30571103 -0.50795114 0.81777715
v 0.69316399 1.02833485 -0.48955917
v -0.30690994 -0.61468505 1.06024491
v 0.00261995 -1.47348237 -0.10516738
v 0.73446852 1.26593542 1.23024892
v -1.19358003 0.85190445 0.70187157
v -0.22880779 -0.86057674 0.97209674
v 0.62576913 0.10682641 -1.19402456
v -1.28284382 0.91642713 0.47163742
v -0.2517918 -0.81350433 1.57041096
v -0.47723817 -1.49667835 -0.2188811
v -0.75528818 -0.55937171 -0.028644
v -0.75394326 -0.09281566 -0.84830206
v 0.28574597 -0.66037613 1.06960165
v -1.12211811 0.26742684 -0.32916215
v 0.10013744 -0.79678565 -0.95269173
v 0.50407928 -1.00799155 0.99690532
v 0.72292095 -0.96213597 0.13957792
v 0.11975666 -1.53736019 0.43460726
v 0.22670248 -1.37560761 -0.36087676
v 0.21572807 -0.13718207 1.21725142
v -0.15775956 -0.93915873 0.95092397
v -1.40326464 0.80431211 0.38620567
v 0.15156653 0.04117095 1.13460516
v -0.15668545 -1.54704308 0.19405545
v -0.83737635 -0.18805673 -0.34879064
v -0.83471047 -0.22183525 -0.39440855
v -1.07444584 1.11370706 1.05957353
v 0.00259089 1.90759253 0.87389946
v 0.23956595 -1.29199934 1.23108005
v -0.61476516 -1.20194113 0.57395339
v 0.25518018 -0.97761106 1.49848473
v 0.0654819 -0.54079556 1.06564295
v -1.09276628 0.54692 -0.57302838
v -0.87853342 1.39300966 0.03763695
v 0.52210915 0.72096324 1.04709649
v -0.61521321 -0.62308669 0.59717434
v -0.08508553 -1.56295383 0.30995485
v 0.74151617 -0.46332556 -0.7168703
v -0.27232089 -0.9475485 1.093979
v -0.4347206 -0.7183786 1.03508305
v -1.46480298 0.94326019 0.29178285
v 0.00259089 -0.35365006 1.88235795
v -1.07860386 0.54195344 0.76818227
v -0.2017965 0.00731141 -1.34777426
v -1.15018725 0.72337698 0.66241753
v 0.44097775 -0.77711069 -0.92725521
v 0.23712831 -1.4910444 0.93844848
v -0.721529 -0.3950459 0.50909817
v 1.27419304 0.63258522 -0.04542394
v -0.9433518 1.82528746 0.9968751
v 0.53498411 1.70300138 0.53773635
v -0.58902049 -0.48725882 0.54660201
v -0.18021589 -1.06666874 1.3256489
v -0.48443928 -1.39169764 0.78881645
v -0.73591184 -0.29715195 0.54568886
v -0.40923127 -1.54477 0.52403593
v 1.41028618 1.1115731 0.38396966
v 1.24413824 1.0952233 0.08401806
v -0.30272051 -0.74501586 1.17693805
v 0.71003991 -1.10518777 0.23264852
v 0.02271984 0.11191674 -1.358693
v -1.11949706 1.39277088 -0.04089513
v -0.26995039 -1.00243616 1.07056677
v 0.2199604 -0.42667338 0.85294473
v -0.45916119 0.12958344 0.92941725
v -1.1574521 1.18785989 -0.28374612
v 0.36533981 0.76483446 1.10884392
v 0.42526707 -1.02850544 1.00725579
v -1.0668056 0.14120793 0.22657279
v 0.17776465 -1.05835247 1.30335807
v 0.75438517 1.89764905 1.0110501
v 0.11021751 -0.06426195 1.24401795
v 0.00259089 -1.09130621 -0.68344235
v 0.81767153 0.3801482 -1.20556819
v 0.17273677 -0.51063704 1.60163629
v -0.12174249 -1.30806291 -0.50530248
v 0.00259089 -1.58107411 0.66117024
v 0.21704155 -0.91176116 1.28859698
v -0.4530676 0.58313566 1.00866091
v -1.04004085 0.91866517 -0.47991433
v 0.1843326 -0.85208416 0.9765672
v -0.92032212 1.51919555 1.22205078
v -1.27127194 0.64711386 0.17179253
v 1.08728528 0.17568558 0.10405089
v 1.48263883 1.51740682 0.31799253
v -0.77355915 -0.73597925 -0.26895692
v 0.25678008 0.36739486 -1.61496043
v 0.45861882 -0.65031856 -1.00766813
v 0.4459168 0.33347338 -1.53665351
v 0.3926061 -0.86089944 -0.94150847
v 0.12197869 -1.56504547 0.64590603
v 0.49563342 -1.13382566 0.82811331
v -0.25579044 1.34996235 1.26876521
v 0.55381459 0.4494 0.97612154
v 0.53205478 -1.19007432 0.7873097
v 0.59109073 1.6289848 1.28474569
v -1.13141846 0.37234249 -0.57305789
v 0.26125121 -0.84205132 1.09909939
v -1.26543915 0.38035711 0.08326654
v 0.76659596 -0.76959556 -0.13233622
v 0.12405235 -1.08682966 1.54051709
v -0.74274051 -0.18222278 0.60545063
v 0.73657488 -0.82396215 -0.66604083
v -0.38807579 -1.55159819 0.43465644
v 0.48870286 1.8439362 1.2553817
v 0.59792542 0.5710228 -1.53002655
v 1.03514516 1.06217908 -0.43493863
v -0.12037745 -1.58610177 0.71962398
v 1.00117623 1.80159163 1.03294336
v 0.41795584 0.34497818 -1.39895081
v -1.25208222 1.2693839 0.9175136
v 1.07657253 1.71531832 1.1817224
v 0.39669349 0.27831903 -1.38260269
v -0.7161262 -0.18696524 -0.73094087
v 1.35439169 0.52768206 -0.04618108
v -0.84355914 0.9661529 1.13958489
v -0.00004677 -0.64053058 1.97911977
v 1.10463058 0.30756679 -0.48533269
v -0.66511964 -0.2325927 0.72411674
v -0.70380461 -1.21645462 -0.0653856
v -0.57225 -1.07403349 0.77439028
v -0.49007925 0.46388155 -1.38202726
v -0.53547674 -0.96926122 -0.70012801
v -1.17415142 0.61533039 -0.11624271
v 0.29253685 -0.45220783 0.76008743
v -1.28458344 1.65342867 0.90163493
v -1.40416824 1.10197782 0.36626997
v 0.26667586 -0.53952986 0.83407342
v -1.22473585 1.64257538 0.90827304
v 0.29640689 -0.78691399 1.25770306
v -0.81997311 -0.3662444 0.00891607
v 0.47105553 -1.45511734 0.74894714
v 0.766254 -0.88335543 -0.31204468
v -0.98252767 1.25056517 1.2071408
v -0.0393412 0.29822164 -1.59149301
v 0.3016256 -0.73525482 0.92407494
v -0.73641163 1.42447865 1.21833574
v 0.00259089 -0.31826815 -1.13432288
v 0.40621951 2.0635364 1.148162
v -0.7312352 -0.72667586 -0.46721476
v -1.23389422 0.60313516 0.05906587
v 0.84282392 -0.25347262 0.214147
v 1.41366064 0.99045997 -0.05364889
v -0.20720413 -0.12522554 1.2128092
v 1.27188217 1.23447752 0.69299113
v -0.08167374 -0.81532591 1.27842569
v 1.04951882 0.83308559 0.96356338
v 0.70274829 -0.85068756 0.28116881
v 0.56295436 -1.11798834 -0.5214051
v -0.79347944 0.02526982 0.68927532
v -0.32862433 -0.84601742 0.79930555
v 0.20537927 -0.06484265 -1.2542684
v 1.25217723 1.39365041 0.19582532
v 0.28148075 0.767587 -0.84546154
v -0.79162901 -0.85245478 -0.20289059
v 0.80429852 0.12737464 -0.93603366
v -0.52320087 -1.36251652 0.7224366
v -0.22469016 -0.53302687 1.45700991
v 1.30994308 0.70411372 0.35058176
v -0.91674125 1.65588438 0.57087385
v -0.16434414 -0.52444082 0.92292106
v 0.25538367 -1.04026198 0.91980445
v 1.44557738 1.24974024 0.63254821
v 0.73194813 -0.51437962 -0.8259707
v -0.9717049 0.64769774 -0.74169182
v 1.13279879 0.97980415 0.90355819
v 0.32352483 -0.88900196 0.81089818
v 0.00259089 -0.96758073 1.77891898
v -0.68486321 -0.91115039 0.66549187
v -0.74103647 1.86261415 0.92435336
v -0.19411793 0.24548956 1.03229212
v 0.75640189 -0.11446798 -0.82241863
v 1.07597887 1.39001035 1.18801808
v -0.07468464 -1.125723 1.38106095
v 0.90033888 0.18490371 -0.76787918
v -1.22956693 0.64857924 -0.1282759
v -0.79024714 -0.35168677 0.33992594
v 1.36294889 0.84858441 0.36342334
v 1.26687359 0.63311767 0.39935711
v -0.49314892 -1.52759873 0.56275337
v 1.41899538 1.21871244 -0.07856633
v 1.15756154 0.23220779 0.15780457
v 1.39237725 0.6276139 -0.12484215
v -0.62303894 -1.28637135 0.4493944
v 1.21052205 0.66370785 -0.13676647
v -1.04143691 1.7860924 1.02509391
v -0.30806946 -0.14506609 1.09016323
v 0.69650149 0.79146951 -0.85951823
v 0.42017546 -0.5988112 0.99692779
v -0.08514151 -1.08483636 1.56219363
v -0.57486546 -0.69582539 0.77219325
v 1.06462395 1.6381793 0.59416323
v -0.42705297 -0.5983386 0.99158126
v -0.63191807 -0.48703798 -0.89309155
v 0.64988666 0.31589785 0.87981057
v 1.23017561 0.34823146 0.26763752
v 0.86022561 0.32280731 0.8192262
v 0.4984183 -0.1112549 -1.19506466
v -0.56970477 0.53809559 1.00515902
v -0.46994027 2.00237011 1.17528545
v 0.58675634 0.32623109 -1.4341228
v 0.38532584 -0.76433986 1.11550211
v 0.4430733 -0.66503316 1.03027319
v 0.20774816 -0.50915896 0.83854353
v -0.89382159 -0.16536304 0.21510323
v 0.22366319 -1.09657347 -0.83541446
v -0.46794518 0.60249632 -1.13486588
v 0.2239923 -0.59806919 -1.00409984
v 0.18552187 -0.55533367 1.83299052
v -0.00663064 -0.06332603 -1.32251501
v -0.5952956 0.56945931 -1.52906799
v 0.00259089 0.64355081 -1.02459347
v -0.34029486 -1.15607035 1.1366384
v -1.23278033 0.55421942 -0.05378221
v -0.71037715 -0.51681107 0.38656306
v 0.00259089 -0.50798326 0.81462669
v 0.69067782 0.21671764 0.8691017
v -0.87819212 0.49583488 -0.75389671
v -0.15167315 -1.07150578 1.33272421
v 0.66257417 0.09721786 -1.09359598
v -1.16013753 0.47414895 0.58599281
v 0.90931844 0.44128012 0.87866395
v 0.26096832 -0.39144212 0.86631178
v -0.75254976 -0.84937018 -0.60171997
v 0.47804617 -0.80260318 0.83917486
v -1.38566219 1.49342274 0.62131315
v -0.72988265 -0.97612941 0.18279747
v 0.10487423 -1.55366528 0.19800205
v -0.68761479 -1.11444151 0.44062203
v -0.30984175 -0.48176649 0.79134988
v -0.72986537 -0.71726805 -0.56082153
v 0.83020329 -0.43846604 -0.42572173
v 0.20341396 1.37742865 1.29934227
v 0.00259089 1.45110964 0.11608578
v 0.25890559 -1.09750759 -0.69077909
v 0.2882345 -0.66222351 1.2377429
v -0.46002286 -0.93936759 0.89005738
v 0.44150903 -1.50309288 0.61943978
v 0.00262369 0.26769274 1.02040755
v 1.09742867 0.1985937 0.33402979
v -0.08590725 -0.15469297 1.28507661
v 0.35987526 -0.89211279 1.15274047
v -0.25809013 -1.2749598 -0.50634366
v -0.71944129 -1.09391593 -0.18613386
v -0.20549683 -0.79458767 0.99800378
v -1.02613759 0.05750033 0.05456143
v 1.22686588 0.56579315 0.23253732
v 0.20147891 -0.7176972 1.15954268
v -0.43926268 -0.57146418 -1.03259682
v -0.30859518 -0.90220844 1.24658548
v -0.79823356 -0.53539764 -0.27796661
v 1.28444051 1.16845548 0.27213245
v 0.35184386 -0.60657435 1.09105968
v 1.27547419 1.03630232 0.13989393
v -1.23772239 0.97515636 -0.1698593
v -0.70572376 -0.32866287 0.52040314
v -0.79411572 0.02167115 -0.81618791
v 0.64424198 -0.17980134 0.78747218
v -1.29138636 1.61610305 0.38009718
v 0.73447942 0.26933023 -1.20595061
v 0.8588463 1.82788622 0.90979123
v 0.26941382 1.99175107 1.03361403
v -0.73649793 -0.72379869 0.00586118
v 0.3092499 1.93723416 1.2565025
v 0.285923 -1.42664575 -0.29286921
v -0.12253362 -0.26035508 -1.20231509
v 0.15788145 1.62209618 1.31118869
v 0.36431753 -1.47955727 -0.14493623
v 0.72403013 -0.95798713 0.57556462
v -0.4067249 -0.59569585 1.01845502
v -1.38231909 1.13779735 -0.23397545
v 0.46313145 0.30873662 -1.54728806
v 1.27854967 1.54636192 0.62075895
v -0.5888791 -0.98526579 -0.69825202
v 0.76230275 -0.64319759 -0.11761534
v 0.25091826 -0.75912445 1.23914933
v 0.26813542 1.18986249 1.23664534
v -0.39528983 1.0036211 1.19308543
v 0.51571506 -1.49125218 0.65586549
v 0.43706622 1.71446037 1.27849125
v -0.61354738 0.01853958 -1.067263
v -0.32457178 -0.20130945 0.97940611
v 1.22711014 1.02496516 -0.63204842
v 0.63765764 0.51792216 -1.24702513
v -1.2585318 1.40041077 0.2764551
v -0.02006127 -0.66821378 1.97271728
v 0.76146435 -0.89928758 0.40130269
v 0.76100963 0.15824416 -1.05807912
v 1.03392136 0.32071006 0.72218126
v 0.27588397 2.04124212 1.13591361
v 1.10542643 0.48168882 -0.39004582
v 0.07854957 -1.56406533 0.71231257
v -0.98727452 1.7688086 0.84160023
v 0.14009502 0.24892172 1.00550603
v -1.09958016 0.38240557 -0.57427048
v -0.20054784 -0.7310816 1.80294549
v 0.70290035 -0.94591921 0.17134046
v 1.05382835 0.36191657 -0.36101415
v 0.10865772 0.59838533 1.08277905
v -0.34462815 -1.57237672 0.24589593
v -0.56555658 -0.86799502 0.85942357
v 0.17904463 -0.37981975 1.19141209
v 1.2378745 1.03352117 -0.07431729
v 0.06367161 -1.57098281 0.55246007
v 0.26696509 -0.32219305 -1.06128561
v -0.07193686 -0.71068531 1.14224648
v -1.22592461 1.19144082 -0.34695327
v 0.03455578 -1.60337269 0.62346309
v -0.23337985 -0.39296951 0.92235583
v -1.20861685 1.25266778 -0.33590713
v -1.04417431 0.1605668 -0.02501015
v -0.25221198 -1.00254607 0.87584829
v -0.48048272 -0.86876374 0.90104758
v 0.5562306 -0.52760756 -0.94328457
v 0.54218995 -1.49231946 0.5153104
v -0.42872676 -1.55109059 -0.0586712
v -0.51692974 -1.26085698 -0.4102658
v -0.7428016 -0.19210352 0.67893672
v 0.22033722 0.45190763 -1.62618434
v -0.81473505 0.74884498 1.02946257
v 0.30550107 1.91620981 1.19712626
v -0.36647677 1.62479567 1.29535377
v -0.63427883 0.64163422 1.05281305
v -0.21787455 1.06600391 1.19357883
v -0.10892596 -1.59816753 0.57337093
v 0.00266194 -0.13763079 1.31218111
v 0.68600755 1.87764918 1.13468921
v 0.06310869 -1.41013884 -0.24249546
v -0.83075481 0.54796326 -1.13080155
v -0.43295484 -0.75209993 0.92184275
v -0.97302204 -0.01922423 0.24632799
v 0.28349477 -1.51269924 0.73475003
v 0.14194223 -0.84752905 1.79348969
v -0.69833833 -0.78753352 0.36183789
v 0.94377458 0.35155746 -0.59828382
v 0.8707171 0.46785989 -0.75514996
v 0.27947932 0.39857065 -1.46864128
v -1.34416699 1.39407825 0.71635395
v -0.31772148 1.44844198 1.29109144
v 0.60526371 -1.42353797 0.3627744
v 0.86000174 1.93001556 1.10874331
v -0.62522453 -1.29376494 0.24394227
v -0.98414045 0.52584993 -0.96387362
v -0.40748179 -0.85792046 1.0501604
v -0.29414311 -1.4995507 0.78790509
v -0.56020039 -1.26507151 0.72235363
v 0.44475638 -0.11683087 0.95302301
v 0.35784927 0.84034186 1.13291752
v -0.60946351 -1.42667591 -0.21496956
v 0.49782583 -0.28247448 0.82080107
v 1.37748527 1.06939399 -0.24271675
v -0.44559019 -0.20124253 0.90863496
v 0.09962652 0.87030863 1.16698849
v -1.15065884 0.76326537 -0.2650991
v -1.27063989 1.09494555 0.31271284
v 0.6865955 -0.05953817 0.72311365
v 0.0858384 -0.89570814 -0.93574035
v -0.48203012 1.77925276 1.23084187
v 1.00393652 0.02054782 0.11153155
v -0.62116748 0.42568075 -1.27897489
v 1.30651485 0.5805962 -0.19997842
v -1.2963258 0.47706052 0.28084042
v 0.16793322 -1.51737618 0.70139145
v -1.0846163 0.3982034 -0.44260576
v -0.49198252 -1.10752093 1.04275512
v 0.49331876 0.57359719 1.00846016
v -0.84295535 -0.31479463 0.10300757
v 0.91880852 0.55345374 -0.68497479
v -0.3923321 0.26950255 -1.37662243
v -0.09223959 1.2873671 1.24389517
v 0.61684101 -0.44558396 0.60717475
v 0.64346826 -1.35105729 0.21832811
v -1.33732938 1.71311521 0.7793619
v 0.69658637 -0.32198673 -0.8780567
v -0.64251345 -1.34010338 0.44888651
v -0.6374709 -1.34052157 -0.17490026
v -0.3401018 -0.82165038 0.83520746
v -1.32101476 0.47948837 0.00604069
v 1.15565574 0.41976511 0.3474099
v -1.45163226 1.63023996 0.25063264
v -0.98637902 0.96458399 1.0340178
v 0.19642622 -1.06334996 1.32265126
v -0.2017612 -0.60934418 1.82089638
v 0.59280729 -0.59469246 0.59842485
v -1.20671224 1.38067352 1.03244447
v -0.69556766 1.59103739 0.35719969
v 0.87106818 -0.1219151 -0.71425443
v -0.19786873 0.43035081 -1.42016708
v -1.01066505 1.52857422 0.29013323
v 0.26271215 1.72448432 1.33081209
v 0.43577113 -0.82346755 0.87675094
v -0.65634381 -0.39227244 0.70515453
v -0.72540825 0.01827886 -0.98430997
v 0.130537 -1.15848302 -0.72957092
v -0.96449309 0.12935638 0.58251225
v -0.23360882 -0.48204621 0.75982338
v -0.1617373 1.93324005 1.30073177
v 0.47306922 -0.88831651 -0.90851533
v 0.16933141 -0.59268117 1.89348745
v -0.25660091 -0.8446539 1.12768769
v 0.9143247 -0.10357026 0.4069288
v 0.67589944 -0.48861593 0.47085702
v 0.77645272 -0.18005107 -0.58635073
v -0.36770761 -1.54262602 -0.02938608
v 1.17058825 0.45041519 0.4964264
v -1.33108365 0.97835081 0.43342804
v 0.00828816 -0.72745734 -1.06854617
v 0.104534 1.95019829 1.25951516
v 0.5808289 -0.32318487 -0.94285279
v 1.33450841 1.46410632 0.66234237
v 0.08294972 1.6364963 1.32204806
v 1.14395403 0.85071247 -0.31469315
v -0.89289963 -0.12227234 -0.61389207
v 0.00258728 2.05326938 1.20659208
v 0.00259089 -0.80446481 1.20644676
v 0.07095129 -0.01521092 -1.35304212
v 0.37385577 0.24099439 0.94468557
v 1.13357937 0.22705271 -0.15186813
v -1.14384448 0.66408139 0.6940487
v 0.7080807 -1.09918165 -0.20355352
v 1.22485196 1.1696192 0.86827367
v 0.80890882 -0.3001641 0.35283014
v 0.29805415 -1.26285326 -0.54525905
v 0.75432646 -1.00029492 -0.18098251
v -0.27050188 -0.93216043 -0.79289454
v 0.07320018 -0.04333363 -1.29337692
v 1.02992796 0.20319567 0.53133714
v -0.89263314 1.74316144 1.14312541
v 0.90682113 -0.1433694 0.31036126
v 0.88725394 0.24938142 -0.90948098
v 0.47540441 -0.36238393 -0.98912113
v 1.35302388 1.53621125 0.84466248
v 0.56765121 -0.01363314 -1.17852544
v -1.25078296 0.61695766 0.56152725
v -0.32373461 -1.4251399 0.97626632
v 0.38278746 -1.32904326 1.00593531
v -0.6538766 -0.47261223 -0.83071279
v 0.73963731 -0.19452762 0.67965596
v -0.2559047 -0.67207235 -0.94199478
v 0.30609506 -0.82934218 1.42595243
v 0.56744736 -0.90636783 -0.71923661
v 0.32111981 -1.0127784 1.11048889
v 0.55009388 -0.06260155 0.89629453
v 0.51870572 2.02119445 1.19561064
v -0.75717616 -0.50441634 0.14910419
v 0.83559864 1.33286488 1.25929629
v 0.25937843 -0.74956399 -1.02259981
v 0.96369838 0.51136094 -1.01084792
v 0.12419464 1.01894605 1.15797007
v 0.88162076 -0.16823466 -0.27358967
v -0.49638858 -1.15733444 0.82605016
v 1.11452651 0.93357992 -0.35002228
v 1.05094039 0.08091878 -0.31246227
v 0.48589429 1.99347424 1.08022069
v 0.11540575 2.01113534 1.19821441
v 1.23267734 0.55477494 -0.0531295
v -0.33514574 -0.50841051 1.07528102
v 0.20432132 -0.6548329 1.73525202
v -1.45774126 0.87760859 0.24939994
v 0.22816272 -1.5467869 0.53573519
v 0.09590015 -0.9080863 1.79081988
v 0.99585509 0.42777654 -0.67877793
v 0.47732603 -1.54349696 0.31072792
v -0.39546141 -0.23189707 -1.09809601
v 0.97073394 0.39589527 -0.81758415
v -0.42676794 -1.02886617 1.20841848
v 0.79502427 0.2260562 0.8495152
v 0.25228285 0.35240483 0.98180037
v 0.55155307 -0.14670924 0.88469582
v 0.44261065 2.00876855 1.23796224
v 1.12300777 1.14599883 -0.29132428
v 1.29048776 1.14416658 0.93556851
v -0.8817566 -0.2118064 -0.64428317
v 0.28635177 -0.85653877 -0.95605224
v 0.7279936 -1.1048522 0.08577907
v 0.15529868 2.02890515 1.10836732
v 0.62584883 -1.14117121 0.52145201
v 0.35052076 0.36317041 0.95371162
v 1.1137464 0.46597838 -0.62538915
v -0.31095948 -1.5944513 0.21154244
v -0.75549143 -0.90340727 0.39244598
v 0.25040495 0.01217909 -1.29486036
v -0.33329272 -0.99757814 1.28667938
v -0.09396112 -0.49076512 1.79797208
v -1.04323756 0.85569411 1.05084765
v 0.00259089 0.72593271 1.08002424
v 0.25041019 -0.72145015 -0.93903744
v 0.08452335 1.60602176 1.26928687
v 0.80002439 0.5255894 -0.99090117
v 0.84484523 0.6990121 0.98025745
v -0.7729448 -0.82430464 -0.2925173
v -0.46628677 -0.55411118 0.86498659
v 0.38573798 -1.28819704 0.96892041
v -1.30666256 0.89714908 -0.20728077
v 0.74218171 -0.44827875 0.16960907
v 1.0715456 0.31602898 -0.26888266
v -0.30958539 -0.95696651 1.11966681
v 1.31515908 1.8005166 0.70112675
v -0.16060102 -0.56881701 1.90513873
v 0.41803234 -1.00402379 -0.86042076
v 1.22690105 1.06686246 -0.02756398
v 0.08925653 -0.86414605 -0.94334614
v -0.32184612 -1.40838384 1.05969822
v 0.39220228 0.9076997 -0.65622872
v -0.60625344 -0.15908207 0.81720143
v -1.39084076 0.63320815 -0.13289427
v -0.31379371 -0.26752072 -1.11956906
v 1.06208634 1.85271751 1.03197145
v -1.32415318 1.02336752 0.35474291
v -1.22044217 1.25832653 0.91535091
v 0.7031846 -0.40236404 0.51482838
v -0.74575531 -0.87922549 0.43415111
v 0.0777084 -0.66953176 1.95190155
v 1.05327785 1.86667752 1.1038146
v -1.45239961 1.31686103 0.26861503
v 0.63611692 -1.19704985 -0.35234278
v -0.84369027 1.60944867 1.2318269
v -0.82260566 0.12056563 0.78779792
v -1.16145336 0.27433508 0.32812458
v 0.52643299 -1.31986498 0.75661552
v 0.4392479 -1.03339624 1.18595314
v 0.28268548 0.21025969 0.98349213
v -1.17372953 1.3648374 1.15375316
v 0.5931099 0.0033807 -1.08441197
v 0.95854204 0.35909616 -0.87564939
v 0.43769145 -1.03275489 -0.80170333
v 0.14013069 -0.39044264 1.31523335
v 0.58948057 0.25310331 -1.38590252
v -1.20347213 0.32070842 -0.00779538
v 0.46298 0.08954905 0.92293286
v -0.26386925 0.73382276 1.11251747
v -0.41094848 -1.30314815 0.95299565
v -0.55409491 1.9546951 1.21227061
v -0.97293412 0.23567828 0.75699567
v 0.40893122 -0.76768291 0.90731209
v 0.7689954 0.54537993 -1.07628452
v 0.09396161 1.59828281 1.38477361
v 1.20612883 1.50968992 1.03280961
v 0.09878099 -0.38298669 1.92495822
v 0.53091615 -1.53345978 0.15380939
v -0.17886799 1.29939663 1.26591539
v -0.84270644 -0.04133788 -0.53843963
v -0.74527132 -1.07522189 -0.13374568
v 0.54515075 0.1552347 -1.27679717
v -0.43721011 0.30667749 -1.45639002
v 1.15478456 1.42338013 0.1297229
v 0.51106476 -0.05745994 -1.09164893
v 0.5566622 0.00506779 0.86836665
v -0.52771508 -1.43915104 -0.30551645
v -1.22467935 1.35867893 0.01356694
v -0.80296802 1.14744818 1.1850816
v 0.11649314 -1.50104892 0.93080228
v 1.23766017 0.77685886 -0.19601965
v -1.4338504 0.99820035 0.03150078
v -0.13927277 -1.21745109 -0.58126205
v 0.24685572 1.91505897 1.32503879
v 0.63880431 -1.44124972 0.06381546
v -0.7124772 -1.13404417 -0.22278687
v -1.47737014 1.09120667 0.058891
v -1.15122675 0.25100475 -0.17179115
v -0.9440695 0.34568008 -0.59250295
v 0.70140409 -1.08816969 0.53575182
v -0.08819866 1.32945585 1.30252623
v -1.31496381 1.54100823 0.28535798
v -0.24756971 1.50768399 1.24447
v -0.13312202 -0.12909978 1.26418447
v -0.07166694 0.67431557 1.08095777
v -1.08168423 1.50275278 0.23322503
v -0.17134921 -0.6537671 -0.96646744
v -0.25654247 -0.56884586 0.98526185
v 1.00628972 0.86700201 0.9808076
v 0.80187398 1.84674203 1.17883646
v -1.38861572 0.88138806 0.29637524
v -0.41513139 -0.32015487 -0.99069023
v 1.45720064 1.10404741 0.06890112
v 0.62795597 -0.66615796 0.38889414
v -0.80569773 -0.50232136 -0.26290357
v -0.56828391 -1.09257209 -0.56723278
v 0.52744036 -0.47017481 0.72383588
v 0.31722891 1.56460022 1.29712748
v -0.07930051 0.29734385 -1.45332253
v 0.62063825 -0.91070491 0.77153831
v 0.00259089 -0.39527273 1.73179686
v -0.8410018 -0.45417714 -0.3815574
v 0.74812722 -0.93078857 -0.54578226
v -0.37847092 -0.14506043 -1.09034133
v 0.68607038 -0.78344315 0.34411093
v -0.25177994 -0.36210277 1.01039099
v -0.25439113 -1.55099177 0.53386682
v 0.65607506 -0.68987757 0.68301868
v 1.25331258 0.87999892 -0.59241849
v -1.36928856 1.10281181 -0.22039689
v -0.83309686 -0.3049854 0.05190299
v -0.40016076 -1.17999362 -0.55279666
v -0.18136589 0.66078966 1.09024035
v 0.19200654 1.71800243 1.23126936
v 0.13570906 0.35763403 1.00497567
v -0.6100586 1.63827037 1.22254025
v -1.25237906 0.57702201 0.35155791
v 0.50619679 -0.00968333 -1.19823241
v 0.25054648 -1.35748159 1.1856842
v -0.48085629 -0.80216401 0.84222245
v -0.52791285 0.77335846 -0.85642451
v -0.69601649 -0.06934975 -0.8857088
v -0.39656382 -1.56634879 0.22334878
v 0.70197624 -0.30205202 0.58018541
v 0.58628034 -1.47815036 0.08301069
v 0.64716476 0.00747432 0.8271569
v -0.06227142 -0.37748149 1.63374018
v 0.8616355 0.13642202 0.76378536
v -0.75328886 -0.21992027 -0.71404409
v 0.39479932 -0.9695484 -0.81439441
v 0.39073023 -0.41034531 -0.99757432
v 0.89785206 -0.27701452 -0.46976149
v -0.6498034 -0.83594042 -0.68867886
v 0.68183893 0.22200332 -1.08254933
v 1.03099715 0.92198008 -0.5112099
v -0.83666819 0.07467459 -0.74665689
v -0.4512493 -1.55222034 0.23725567
v -0.05524319 -1.16785323 1.33872389
v -1.21523964 0.97626614 -0.68412756
v -1.28958535 0.95648783 0.26695489
v 1.01883924 0.92042416 -0.59945523
v -0.68412953 0.24579553 -1.08959281
v 0.13939347 -0.29147717 1.35082626
v 1.00626611 0.48849815 0.81830626
v -0.6027534 0.00921209 0.85720431
v -0.31840783 0.32589137 -1.52309274
v 0.55333423 -0.84337812 0.8582828
v -0.69821322 -0.03695126 0.72325342
v 0.51153212 1.47964704 1.24974739
v -0.52492797 -0.54269552 0.68935471
v 0.64940869 -1.19258999 0.62801873
v -0.05014909 0.3551954 1.04684877
v -1.17187929 1.12937367 -0.20996043
v 0.57053881 -0.6503722 0.74548232
v -0.96249306 0.78896874 1.04518508
v -0.98637563 0.27598846 -0.54822176
v -0.69158297 -1.03760564 0.38675648
v -0.44924837 -0.38752713 -0.9559555
v 0.31503772 -1.38346552 1.08634305
v 1.09283137 0.5655924 0.73329627
v 0.3587169 -0.67974948 -1.02128875
v -0.35211676 -0.57884943 0.99168062
v -0.49272149 -0.28663894 0.8219164
v -0.29688403 1.85047602 1.32559239
v -0.04830857 -1.54753422 0.01496299
v -1.41432166 1.20669376 0.51844227
v -0.01219153 -0.62395566 -1.04436516
v -0.55806356 -1.32067048 -0.370411
v 1.05181014 0.09684572 -0.11062586
v -1.14888596 0.7932555 0.75108569
v -0.56204861 -1.39149045 -0.29677546
v 0.66642648 1.99791336 1.15277063
v 1.17806303 1.17081201 -0.18351411
v 0.9942305 0.06473517 0.09250279
v -0.80676293 0.67681336 -0.99851626
v 1.16093218 0.46934336 -0.51185822
v -1.23485088 1.02764105 -0.07759654
v 0.19955942 -1.48797833 -0.1862652
v -0.33874312 -0.583808 1.10169446
v 0.26353934 -0.6379565 -1.08605814
v 1.49980092 1.41509473 0.36281368
v -0.42692583 0.36386501 -1.40138638
v -1.15338921 0.60833388 -0.49963194
v 1.14997553 1.38867855 1.08208644
v -0.66413742 -0.68068361 0.4683209
v -0.50388133 -0.62951183 -0.85188913
v -0.70703494 0.15291489 -1.06747996
v 0.70116257 -0.3367528 0.51882851
v -0.73625308 0.25741037 -1.174425
v -0.0628765 0.05989772 -1.43630659
v 0.67711985 1.58545935 1.25433445
v -0.1520068 -0.22329285 -1.13567662
v 0.11652427 0.08968368 1.0946567
v -0.74752914 0.21826794 -1.14672112
v 0.33317363 -1.5718702 0.16934986
v -1.16034269 0.42393481 0.34139803
v -0.51808744 -0.97106742 0.91125792
v -0.26317587 -0.94718515 0.82488566
v -1.16115713 1.5329591 1.05275619
v 0.90614223 -0.16516193 -0.46428927
v 0.64979201 1.87438237 0.90874218
v -0.72904104 -1.04038512 0.49523446
v -0.59695941 1.52232658 1.31848025
v -1.0655204 0.61103171 0.88388818
v 0.0364917 0.1353169 -1.47753465
v 0.08521991 -0.580859 1.0151304
v -0.57698214 -1.44640779 0.49712151
v 0.16480833 -0.85559654 1.28002846
v 0.66702038 -1.06656527 0.42398253
v 0.96425294 1.1295855 1.1362431
v 0.42586106 0.18245029 -1.42804634
v 0.49559262 -0.70881664 -0.83117699
v 1.42024791 1.44525814 1.03269326
v -0.09605979 -0.98137581 1.71412479
v -1.18581461 1.43749845 1.04110992
v 1.42674171 1.63031661 0.91247636
v -0.65905875 0.09943775 0.83478933
v -1.06738627 0.31640255 -0.26312479
v -0.17322433 -0.83926689 1.27709114
v -1.08426821 0.34057974 -0.63273853
v -0.72924727 -0.37206411 -0.65096133
v -0.37667271 0.26928106 0.95966535
v 1.13472497 1.29714679 -0.10513747
v 0.52174043 0.49797189 -1.52711224
v 0.57811147 -0.98180347 -0.6940366
v 0.29832914 -0.51287627 0.87006956
v 0.73152375 -1.02616369 -0.30486536
v -0.72845351 -0.84364092 0.02079829
v -1.03962159 0.55637276 0.82661342
v -0.73267644 -0.80034512 0.16987556
v 0.05274072 -0.17294678 1.35543036
v -1.34643197 1.0175997 0.25932624
v -0.07697318 2.04307556 1.21559643
v 0.48257893 -1.04376781 1.05704665
v 0.2928133 -1.23127508 -0.5422278
v -0.41725406 -0.87924605 0.82743597
v -0.33407309 2.00973582 1.13193118
v 0.78856372 -0.57926881 -0.27328488
v -1.04152619 0.3388417 -0.3094334
v 1.21114933 0.44293895 0.30106952
v -0.10169005 -1.48488533 1.06259095
v -0.39008227 -1.47078466 -0.23933471
v -0.68322962 -0.89257389 -0.72577559
v -0.35786268 -0.77862852 1.18214106
v 0.61947161 -0.84932321 -0.68587225
v -0.24430273 -1.03148269 1.29484438
v 0.42792218 -0.42176717 0.74587547
v -0.29637172 -0.3421359 0.8770194
v 0.85957527 0.84121608 -0.77880734
v 1.29133617 1.60392117 0.96447527
v 0.48874241 0.03582453 -1.18288707
v 0.3595359 -0.41934162 0.73315888
v 0.68539547 0.39794185 -1.41132009
v -0.37553337 -0.90218669 1.12927377
v 0.95995205 -0.0659323 0.08926813
v -1.25452518 1.53582203 0.51846748
v -0.63452959 -0.20940397 -0.99337863
v 0.8456195 0.53160417 -0.9715631
v -0.32875168 -0.51511901 1.05803036
v 0.76221841 -0.6318683 -0.42021265
v -1.14512133 1.5845555 0.37448498
v 1.24526703 0.38687863 0.30189964
v -0.51976603 1.65543782 1.3200314
v -0.71893394 -1.06233322 0.32726877
v -0.77812564 -0.5852378 -0.38633284
v -1.28510201 1.39362454 0.73117667
v -0.88282132 0.61841523 -0.79575711
v -0.60187667 -1.28850555 0.66201168
v -0.44228017 -0.43711936 0.74686151
v 0.57120788 -0.51648783 0.66707873
v -0.35102945 -0.46242019 0.73667609
v -0.98540097 0.20779007 0.69205528
v -0.70149308 -0.31667923 -0.88335639
v -0.04280795 -0.04688441 1.2050302
v 0.69007772 0.5091108 0.94498974
v -0.61455494 1.38246178 0.02836197
v 0.46933576 -0.92321652 -0.7695806
v -0.56879186 1.12052094 1.2313596
v -0.93082022 0.43063166 0.84559631
v -0.61738026 -0.00033084 -1.14844572
v 0.02127485 -1.48308682 -0.13423746
v -0.46435111 1.20819842 -0.2145887
v -0.26220205 -0.14690779 1.17177856
v 1.08060836 0.39613243 -0.4515064
v 0.00259089 1.0234487 -0.4824416
v 0.48310995 -0.47343826 0.7131235
v 0.73019194 0.56038123 -1.14705681
v 0.3977164 -0.01567326 0.99208116
v -0.54650956 1.78557992 1.24346649
v 0.69612675 -0.06812203 -0.88565599
v -0.53779298 1.84096443 1.30847382
v 1.28420865 1.29706394 0.59491586
v -1.28423845 0.63563728 -0.03698961
v -0.5788567 1.69279646 1.30894529
v -0.63471287 -0.87078279 0.77711761
v 1.29411757 0.47322011 0.03446365
v 1.23476719 1.58598709 0.59979718
v -0.66949874 -1.33967769 -0.11095011
v 0.12192075 1.08286178 1.25491392
v -0.87748175 0.59270376 -0.8351624
v -1.25241458 0.92290228 -0.54651278
v -0.5076797 0.51659196 -1.32143676
v 1.26046586 0.86807727 -0.49415761
v -1.14472639 0.30333986 -0.24106414
v 0.35476964 -1.33688652 1.08050382
v -1.01231718 0.92080646 -0.55739688
v 0.74155312 -0.06338994 0.69388765
v 0.83713084 0.65519356 -0.92886388
v -0.65928846 -0.38167426 0.6505078
v 0.66107058 -1.31904971 -0.20172946
v -0.30668419 -0.50734698 0.82636433
v -0.67867511 -0.41851797 0.48653692
v 0.09814217 -0.995476 1.69440877
v 0.04722657 0.07979558 -1.3295896
v 1.12137162 0.26482597 -0.45546701
v -0.71105724 -1.04878091 0.17539513
v -0.22205336 -0.71931237 1.69545221
v 0.57307285 -0.6330043 0.68424665
v 0.6837809 -0.52391064 -0.80490207
v -1.16009378 0.94468253 -0.78158539
v 0.27649128 -0.83258307 1.01543951
v 0.6826092 -0.58539491 -0.71663951
v -0.7168377 -0.9968239 0.08463889
v -0.8705492 0.00496045 0.6049273
v -0.68960213 -0.53449028 -0.79902249
v 1.37943851 1.28599941 0.92779779
v -0.74146217 -0.55013746 -0.77186036
v -0.2309861 1.41267108 1.30503094
v 1.11130261 1.75374102 0.96140587
v 0.41068431 0.93037891 1.18400847
v 0.00259089 -1.53644716 0.08100702
v 0.02775377 -1.57725608 0.24514472
v -1.42338264 1.62691879 0.38012015
v -0.69130861 -1.1023904 -0.37305909
v 1.22462141 1.10567486 -0.14293682
v 1.08074033 0.40683618 -0.62550348
v 0.39556202 -0.90185153 0.88289988
v 0.73480814 -0.56538808 0.11793603
v -0.70765996 -0.98152524 0.43356609
v -1.41404902 1.15677368 -0.09050884
v 0.83922976 -0.15218569 -0.39391359
v -0.21699233 -1.02174019 1.51929163
v 0.55543315 0.43424895 -1.5172404
v -0.14974156 0.61334192 1.08551847
v 0.33701846 0.37724426 -1.42931258
v -0.3905304 -1.42649638 -0.2878986
v 0.5099951 0.52035856 -1.31642198
v -0.4355424 -0.97636002 1.09904909
v -0.22586251 -1.48587465 -0.12886714
v 0.08384147 0.27615839 1.02029621
v -0.5999239 -1.258901 0.65106874
v 1.25191557 0.82977348 0.50670313
v 0.26819679 -0.61524945 1.05982673
v 1.17334997 1.08368074 -0.28829813
v -0.64404439 -1.26172769 0.51131051
v 0.70356082 -0.66251045 -0.59876096
v -0.66403359 -0.85900193 0.68382906
v 0.68463707 -1.24862349 -0.02611453
v -0.07473514 -1.30941093 1.29826998
v -0.41247496 1.40774023 1.28078818
v -0.3006092 -0.84940719 1.43771708
v -0.82160317 0.83002597 -0.80335044
v 0.29732394 -0.43672365 0.79068577
v -0.56741482 -0.91897767 -0.70961767
v 0.23872825 -1.42740833 -0.25459712
v -0.71684747 -0.66456204 0.06439067
v -0.12749832 -1.03998422 -0.72698324
v 0.83190238 -0.30072045 -0.22119714
v -0.29733434 -0.43985632 0.78978973
v 0.32847932 -1.06351721 1.27692592
v -0.08777611 -1.62020123 0.64648276
v -0.10669288 0.84410482 1.11728036
v -0.67720693 2.00427508 1.12951993
v 0.22880408 -0.79456615 1.09365284
v 0.56885069 -0.91736638 0.84822225
v 0.23966117 -1.54871749 0.08145694
v 0.25200372 -0.16291217 -1.14013707
v -0.20686431 -1.22865867 -0.55628007
v 0.02551214 -0.61973887 -1.111979
v -0.30756509 -0.86851251 1.38850057
v -0.09753682 -1.43134963 -0.25168928
v -1.3565644 0.87385529 -0.0503313
v -0.76696616 -0.64677602 -0.3537462
v 0.07059007 -0.85435181 -0.87388402
v -0.44069197 -0.03977913 0.93728917
v 0.45765399 1.0512799 1.22307419
v -0.85490465 -0.35570597 -0.6640802
v -0.76333653 -0.08700756 0.64193379
v 0.84699517 1.56495869 0.34150674
v 0.00259089 -1.10126555 1.57158064
v 0.59154844 -1.48244619 0.36589583
v 1.29299151 0.71612834 0.034691
v 0.06849978 -0.99507105 1.36715757
v 0.45111796 -1.3135302 -0.37189894
v 1.10411441 1.06865251 -0.35654622
v -0.43510806 -0.81110185 0.8557285
v 0.23854473 -0.22993679 1.18333172
v 0.60045623 1.99963057 1.08252143
v 0.21629229 0.27696839 1.00355482
v -1.23713481 0.38130176 0.35489717
v -1.01480984 0.41018655 -0.65552371
v 0.10542392 1.42018783 1.3145473
v 0.3082351 -0.86492025 1.33227479
v -0.28127887 1.83782851 0.74421286
v -1.3501712 0.69674998 -0.16008043
v 0.32860404 -1.01624393 -0.83258789
v 1.00037407 1.4571588 1.24460327
v 0.69209325 1.30980849 1.23251247
v 1.19054031 0.31486231 0.4395768
v 0.74856072 -0.27141875 -0.6679452
v 0.31666582 -1.51796615 -0.12329225
v -0.1125368 1.0479325 1.17734324
v -1.44217026 1.2511779 0.4773527
v 0.48873257 -0.89459633 1.01740753
v 0.42884764 -0.21237151 0.91783338
v -0.0566328 1.82297825 1.30042135
v 0.52027767 -1.50983035 -0.02691762
v 0.11775053 -1.47949802 -0.11482837
v -1.21288287 0.50381612 0.23304638
v 0.29793807 -0.71232044 1.32648658
v 0.06379289 -1.57008647 0.1166196
v 0.48620754 -0.03064343 0.93593996
v 0.83041834 -0.22161085 -0.40015855
v 0.51836621 -1.26536428 0.7375459
v -0.03204083 -1.49479949 -0.10753793
v -0.18519915 -0.96406722 1.30753994
v -0.63602 -1.34089076 0.26126506
v 0.47429204 -1.25893056 0.83800524
v -1.09406328 0.4156993 0.68496543
v 0.18833081 0.50478625 1.04736363
v -0.68722498 -1.2997632 0.04306501
v -0.58868974 1.95075786 1.07066953
v -0.64598816 -1.10195589 -0.48541399
v -0.70306938 -0.68469935 0.29640549
v 0.60663688 -1.49313271 0.26439508
v -0.71629124 -0.95745891 0.58866214
v -0.76275855 -0.39341926 0.23204061
v 1.08313036 0.31258988 -0.10726389
v -0.52301275 1.18871676 1.20939385
v 1.15422213 0.71417301 -0.61726182
v 0.26871517 -0.89729988 1.48845589
v 0.7300238 -0.36971899 -0.65246081
v 0.00259089 0.13170163 1.08103239
v -0.3179667 -0.74664688 1.34797954
v -0.24634325 1.92112302 1.24538874
v -0.60808605 1.98200619 1.14868843
v 0.88675642 0.40815344 -1.10149216
v 1.18694055 1.66012382 1.06897473
v -0.2745693 -0.83494782 1.01983666
v 0.91201251 0.59726518 0.92635768
v -0.83445411 -0.30107864 -0.21766732
v 0.45309159 1.46090734 0.14201729
v 0.76931285 -1.03540396 -0.09657108
v 0.27650386 0.81473916 1.13952589
v -1.09792268 0.81690603 -0.34985578
v 1.40425968 1.7075988 0.71753948
v -0.32180008 -0.70890241 1.02009844
v 0.67593562 1.23092031 1.22166693
v -0.66520983 1.33879995 1.28379166
v 0.7372213 0.20080584 0.87245994
v 0.31632444 1.06514036 1.1874665
v -0.23845963 -0.83195459 0.90202635
v 0.08900911 1.8734982 1.26891338
v 0.89808917 0.10666713 0.73450535
v -0.23936919 1.88953161 1.31357145
v 0.89144325 0.24294506 -0.930754
v -0.01707964 1.46642303 1.27289938
v -0.89427793 -0.19191412 -0.0647078
v -0.91364872 0.53714984 -1.1564325
v 0.22461353 -0.4498423 0.77841484
v -1.06779134 1.060956 -0.40248328
v -0.81844312 -0.30660471 -0.69643795
v 0.00259089 -1.41920423 -0.23839004
v 1.35754132 1.29129838 0.98426985
v 0.58455854 -1.45164918 -0.09254014
v -0.79034304 0.5050348 -1.01787436
v 0.08292467 0.92909747 1.14450216
v 0.25832933 -0.88482296 1.14841544
v 1.28401756 0.45370256 0.30192768
v -1.06448495 0.1130187 -0.33798432
v 0.72075319 -0.2310387 -0.81128895
v 0.00259089 -0.43988305 0.79348701
v -1.14258182 0.88675153 -0.30163958
v 0.40754875 -1.5419451 0.44607818
v -0.50687456 2.00371003 1.11139249
v -1.11382925 1.00196456 -0.80072569
v 0.38053304 -1.56796526 0.07923736
v 0.04338188 -1.52064943 0.94147723
v -0.3635143 0.16058714 -1.30944907
v -0.88750803 0.69272482 -0.80928582
v -0.69195383 1.02160978 1.18964898
v 0.41500011 1.82873034 1.28869867
v 1.22408711 1.19123554 -0.12709513
v -0.5218302 0.33480277 -1.47075104
v 0.1940563 1.68810296 1.33183074
v -0.49618098 -0.73438757 -0.93851155
v 1.16482186 1.60886323 0.5711469
v -0.28979173 -0.91841781 1.33874166
v 0.28988766 -0.40362414 0.79208105
v 0.71630686 -0.659074 -0.69731831
v 0.4097068 1.14506614 1.18606495
v 0.0934506 0.01525476 1.17033278
v 0.8383212 0.13106572 -0.86214268
v -0.01896964 -1.55890965 0.89146524
v -0.61280208 0.73280584 1.02854859
v -1.06101441 1.75121486 1.07348775
v 1.20307326 1.20624566 -0.10582405
v -0.57611441 0.18963538 -1.29595077
v 1.16298222 0.6297549 -0.54151064
v 0.26753568 -0.8860948 1.05119168
v 1.07131314 1.15729057 -0.32495525
v 1.10725319 0.53499019 -0.48480865
v -0.70448505 -0.83620435 0.19466586
v -0.26868695 -1.43883669 0.96980273
v -0.52821242 -0.02642021 0.90549504
v -0.23499603 -1.33568251 1.2078942
v 0.75416195 -0.87692058 0.48051247
v -0.27507969 -0.50307261 -0.99884206
v 0.49409383 1.12966442 1.1590029
v -0.30722233 0.13438555 -1.38543808
v -1.14864647 1.19719243 1.00914704
v 1.0588411 0.89564424 0.94244158
v -0.19136571 -0.18448896 -1.15117287
v -0.16387368 -1.33556151 1.29285705
v -1.28688776 0.56797778 -0.18749904
v -1.13538026 0.30521747 -0.18275938
v -1.22256565 1.67027258 0.7865163
v 1.30163407 1.74245357 0.78396844
v -1.10278916 0.51548034 -0.46715781
v -1.21327328 1.65839612 0.72578686
v -0.61139869 1.94749629 1.16077864
v 1.10068547 0.87025374 -0.43212297
v 0.75119161 -0.33609938 0.42724251
v 1.14258062 0.92534774 -0.32788634
v -0.31193882 -1.20681524 1.13823187
v 0.79686975 1.97704339 1.10267901
v -0.28003546 1.81541919 1.22061955
v 0.80341148 -0.48492771 -0.49307566
v 0.00259089 -0.51046514 1.32417094
v 0.08382473 -1.15186846 1.3333534
v -0.2735151 -0.59426242 -1.06848502
v 0.22347809 -0.80876648 1.03851628
v 0.58854377 -0.48714292 0.54981446
v -1.06443369 0.82844507 0.90258258
v 0.73493671 -0.77686864 -0.02609074
v -0.52384895 1.05699074 1.14349329
v 0.00261927 0.33677741 -1.46980404
v -0.64345115 0.00529792 0.8196752
v -1.46485519 1.05719173 -0.11709111
v 0.51666778 -0.75201916 0.84076774
v 0.85464972 1.88046574 1.03218615
v -0.60958558 -1.20766019 -0.40183135
v 1.17849075 1.32328152 -0.03403601
v 1.08625924 0.18404811 -0.24107055
v -1.08896768 1.71477901 1.16683661
v -0.18834716 -0.19306795 -1.16650116
v -0.13637056 -1.48732686 -0.15732385
v 1.44909763 1.4765141 0.43558269
v 0.48931047 1.39796042 1.24259436
v 0.28365367 -0.19484497 -1.16136503
v 0.21355123 0.42913556 1.01246535
v 1.45963251 1.56845045 1.01875984
v -0.22530646 -0.50813806 1.37010741
v -1.28405916 1.45729887 0.74477821
v 0.72197258 -0.86282539 -0.01970628
v 0.6526556 -0.39531615 0.70299506
v -0.52857953 0.96252423 1.12861323
v 0.1587401 -0.85843873 -0.92710351
v -0.41232273 -1.41887831 0.86940753
v -1.21965658 1.21559834 0.87593174
v -0.56240618 -1.40799212 0.58618998
v -1.11096918 0.4518153 -0.40825709
v 0.8459497 -0.02191419 0.60832893
v -0.5041387 -1.43706691 0.73835176
v 0.76245802 -0.96201008 0.03926518
v 0.53089457 1.77611374 1.24016952
v 1.40917241 1.25122523 0.238875
v -0.56947439 -0.61418747 0.72128826
v -0.50062865 -0.65388536 -0.96073919
v -1.14887237 0.58874344 0.59873044
v -0.57289725 -0.52204144 0.66853261
v 1.27806019 1.37227761 0.41988766
v 0.4131017 -0.90821498 -0.89897495
v 0.3513461 -1.47790908 0.85422855
v 0.45661094 -0.55603605 0.87767189
v -1.46476173 1.38456678 0.46453276
v -1.27443361 0.83239483 -0.34544113
v 1.34607482 0.68397706 -0.17701898
v -0.13113893 0.24126105 1.05815756
v 0.58097624 -0.45468708 -0.85179227
v 0.9322896 0.63134759 -1.125669
v 0.35950571 -0.8056966 0.8399561
v -1.08247923 0.40752294 -0.62593066
v 0.52814579 -0.28348505 -1.0093913
v -0.43437618 -0.14359685 0.94734901
v -1.02351677 0.17831458 -0.04439671
v -0.40091592 -1.13094091 1.13088572
v -0.61685293 -0.44563898 0.60685545
v 0.07614872 -0.87414246 -0.89189958
v -0.86615443 -0.16646131 0.48529526
v 0.34572643 1.98902618 1.04216611
v 1.25785553 1.39775085 0.98445302
v 0.85298925 -0.08824986 0.51897317
v -1.42986106 1.2884854 0.53609257
v -1.05398142 0.13774853 0.2765316
v -1.32669246 1.63026619 0.67692595
v 0.04403539 -1.01980233 -0.7665469
v 0.07693454 0.99984943 1.20745301
v 0.58494025 -0.57439339 -0.92128789
v -0.77422142 -0.14355443 0.57282668
v -1.13831555 0.48961412 -0.29927989
v 0.71285766 -0.71573048 0.13578495
v -0.07412967 -0.67006611 -1.1004852
v 0.7092036 1.28449511 1.2575159
v -0.23893277 -1.29977726 1.24853515
v 0.50559872 -0.68257266 0.90921932
v -0.95780032 -0.0240915 0.15294508
v 1.23214161 0.39178708 -0.12062392
v -0.92881077 0.71065342 -0.70353549
v -1.20078659 0.30910465 0.07524725
v -0.50233686 -1.23318481 -0.47657817
v 0.38571241 2.00194144 1.09545195
v 1.19435989 1.0500431 -0.17906467
v 0.08059789 -0.3226957 1.89395308
v -0.48017177 -1.53856837 0.07857952
v -0.14228504 -0.21080397 -1.19297468
v -0.43858265 -0.66073507 1.03272807
v -1.36057841 1.17083752 0.6402347
v 0.17555864 -0.92175453 1.29313123
v 1.43124401 1.2425543 -0.18029093
v 0.65849965 -0.65957814 0.46422997
v 0.16059021 -1.54455924 0.18516835
v -1.21107828 0.68106728 -0.44227078
v 1.18846166 0.57170045 -0.07378298
v -0.22393117 -1.01654946 0.95656317
v -0.08440413 -1.39180922 -0.36573982
v 1.20705306 1.53379762 0.97639262
v -0.22924929 -0.74313634 0.88974762
v -0.93247264 -0.09599299 -0.09817875
v -0.72699761 -0.07872656 0.69457602
v 0.45714706 -1.32885372 0.85934352
v -0.59789401 -1.4586153 -0.02819033
v -0.12393324 -0.26965442 -1.11402082
v 0.00259089 1.6620891 0.4336518
v -1.10894203 0.81908106 0.84531015
v -1.18899846 0.59326195 -0.04720437
v -0.47300291 1.39825034 1.31651043
v -0.8080219 -0.21198368 -0.77617901
v -0.05101528 -0.29202678 1.39586973
v 0.27852255 2.01550507 1.13053035
v -0.06679026 -1.28850197 -0.54220491
v 1.39004766 1.12866902 0.65211486
v -0.81094008 1.62092983 1.18732869
v -0.55703282 -0.04741375 -1.15891766
v 0.66106462 -1.34997713 0.0628043
v -0.0422109 -0.4090684 1.76330494
v 0.65624201 -1.3355689 0.16272306
v -0.43862524 0.72053927 1.07863521
v 0.26164966 -1.47359061 0.98771554
v 0.5259059 1.52144861 1.27954566
v 0.86410951 0.04389008 -0.6880936
v 0.29341074 0.83375442 1.11135935
v 0.59724623 1.51324296 1.27251052
v 0.33754175 1.15974319 1.19007015
v -1.06490159 1.42261099 1.21139168
v -0.08613981 0.246436 -1.58000779
v 0.26827034 -0.67046397 -1.10983347
v -0.26587387 -1.49448466 0.74531346
v 0.97431325 1.15438842 1.11756134
v -0.16691835 2.04668235 1.23983526
v -0.62473309 -0.59141469 0.63988214
v -1.43240451 1.0403192 -0.07799515
v -0.83623468 -0.22772158 -0.77679801
v -1.37464296 0.85375982 0.01282085
v 0.38448858 1.27034568 1.21776616
v -0.53201711 0.86531019 1.16770064
v -0.24580943 0.3680641 -1.44619381
v 1.50504529 1.43591606 0.42450177
v -0.43812441 0.63719928 1.03796565
v 0.65325814 -1.00037157 0.67824393
v 1.49554848 1.37450075 0.52868002
v 0.11783888 1.68808782 0.47922587
v -0.52821117 -1.02649033 0.88762456
v 1.10187959 1.2682172 1.09430694
v 1.48768079 1.37399721 0.55665636
v -0.63373541 -1.39980781 0.2235406
v -0.62230235 -1.10133957 0.70592361
v -1.30307114 1.39320027 0.90094703
v 0.97206276 -0.00503877 0.18425959
v -1.0542804 0.10896625 -0.05917621
v 0.0611763 -0.68172204 -0.98593169
v -1.40378093 1.59601724 0.66303879
v -1.05874013 0.1093298 -0.12151134
v 1.21497726 1.03964197 -0.17702856
v -0.83939051 1.02265584 1.14633166
v -1.42186629 1.00316178 0.26960021
v 0.80795973 -0.213292 -0.77324628
v 0.80381703 1.38124847 1.27323925
v -0.20414675 -0.9190706 0.84629941
v 0.24560174 -0.73714089 -0.98940587
v 0.66003811 -0.74461102 0.32911962
v -0.93127709 0.90418309 -0.65625107
v -0.89188593 0.63671284 -1.23025238
v 0.8952462 0.64864307 -0.77236902
v 0.64933353 -1.43786609 0.18093967
v 0.93446689 0.68750339 -0.70776385
v -0.78346276 -0.30776009 -0.72093659
v 0.69305998 -1.16631519 0.2898814
v -1.0587008 1.5788716 0.44440627
v -1.05197382 1.12343013 -0.37055379
v 1.28860807 0.64379459 0.13902169
v -0.30346956 -0.7759059 1.18846011
v 0.10293418 -0.39563849 1.87252068
v -0.65354442 -1.17679274 0.31687328
v -0.37870726 1.31597721 1.28890168
v -0.34441071 -1.54667675 0.58022069
v 0.00259089 -0.73528081 1.14520311
v -0.32860434 0.44945409 0.98570573
v 0.75873208 -0.46254968 -0.67209875
v 1.35203576 1.69146215 0.59968912
v 1.06799316 1.33434188 1.14340925
v 0.55978739 -0.89318347 -0.69411325
v -0.85653805 -0.24198903 -0.35067668
v 0.58054387 -0.5291562 -0.86875623
v -1.34337377 1.09747421 -0.0231527
v 0.32197719 -1.4288305 1.06956791
v -1.04889619 0.67825746 0.85539537
v 1.08510589 1.53213334 1.19256568
v 1.07844114 0.93361198 0.94666796
v -0.86727756 0.44311493 0.93562972
v 0.30910143 -0.69446837 1.25901579
v 0.1573681 -1.35281026 -0.38305863
v -0.23593179 0.52994 1.03835678
v -0.64460343 -0.36931979 0.71281868
v -0.59299087 -1.13145828 -0.48032423
v -0.62642192 0.12989945 -1.19540298
v -1.42754602 1.50620496 0.53686666
v -0.29519614 1.1659193 1.22681915
v -0.73060005 0.51732462 0.99316877
v -0.37510594 1.67019629 1.24523639
v -0.84527152 -0.31686693 -0.74268478
v 0.00259089 -0.69812345 1.96441555
v -0.94200533 1.10931921 1.18322181
v -0.76168292 -0.45721676 -0.66862773
v 1.07103598 0.95364528 -0.67262774
v -1.29134714 0.70855832 0.03875341
v -0.8714317 1.57448935 0.3643772
v 0.39482232 -0.96535247 0.84479171
v -0.80931156 1.116503 1.19939398
v -0.2008083 0.54609519 1.05755162
v -1.13230216 0.8427279 0.84626942
v -0.01104097 -0.57154518 1.07507979
v 0.08252701 -0.05769925 1.27479195
v -0.25376123 -0.77429759 1.09453523
v -0.42043003 -0.89593422 0.87671411
v -0.32624238 1.99257075 1.04464602
v 1.18521559 1.69977867 0.84037739
v -0.36355325 2.02283382 1.10473883
v 0.27712065 1.94938814 1.18646156
v 1.22439432 1.00272393 -0.10992315
v -1.18226528 1.23512637 1.07920312
v 0.17315468 -1.33588564 1.26830601
v -0.551629 0.04666202 -1.14959859
v 0.91801405 0.12714819 -0.6072511
v -0.67381042 -1.29694724 -0.19189687
v -0.68714612 -1.13421809 0.37030369
v 0.6983444 -1.00971579 0.20830622
v -1.17208099 0.34595084 -0.13991364
v -0.09790521 -0.16579464 -1.20508968
v 0.95583522 0.18690747 -0.53666871
v 0.35440394 -0.75461995 1.17877185
v 1.35041594 0.6158564 -0.16570054
v 0.64041626 0.74182659 1.03730356
v -0.65073579 1.10437309 1.20698189
v 0.68857091 -0.68179327 0.29306063
v -0.34666329 -1.03953707 0.93939906
v 0.41887325 -0.61265617 -0.93510973
v -1.06294667 0.94302576 -0.668783
v 1.00690066 0.13468514 0.56111222
v -1.04078948 0.24057017 -0.61551046
v -0.33529549 -0.74949407 1.18239748
v 0.53353267 -0.93383288 -0.85328501
v -0.71191924 -1.06254243 0.11664009
v -0.81683796 -0.48145452 -0.07215104
v 0.22023937 -0.66976231 1.60628306
v 0.06651675 -0.40642193 -1.08818996
v -0.30522367 1.70326829 1.33803069
v -0.21933728 -0.8265475 1.71505355
v -0.69190806 -1.1370939 -0.26832106
v 0.95073008 0.51528918 0.87282586
v 0.30428507 -0.82218051 1.22096085
v 1.12028265 1.03635942 1.01652932
v 0.92223727 0.06805341 -0.50880217
v -0.33143293 -0.63293671 -1.05739402
v -1.02131652 0.02028477 0.04252669
v -0.12600018 -1.53162765 0.00657339
v 0.72797787 0.36659184 -1.27836
v 0.24114632 -0.28628557 1.14974427
v -0.63742846 -0.62249481 0.50407671
v 0.72146934 0.43638896 0.89907777
v 1.01375603 1.25839769 1.15266335
v -0.21401956 -0.91086953 1.29029834
v 0.02306798 -0.69516611 -0.9619143
v -0.64756983 -0.55488985 0.50897866
v -0.75060111 -0.59950763 0.02531513
v 0.78274744 -0.30765169 -0.71822583
v 0.13390252 -0.51624906 1.73662567
v 0.8285942 1.39516139 1.2060126
v -1.02276408 1.83268761 1.03551423
v 0.18341219 -1.04139757 -0.74027234
v 0.26298037 -0.20091295 -1.18253219
v -0.5835936 -0.5371223 -0.81732475
v -0.39410746 -1.00660896 1.05116534
v -0.32888299 -1.23401808 1.13158106
v -0.76959067 0.17395557 0.82245808
v 1.13001573 0.65029144 0.72358381
v 0.40609815 1.40927791 1.26957869
v 0.69991833 0.29924589 -1.31580936
v 1.1318854 1.08222043 1.04011452
v 0.77022868 0.33816367 0.88759994
v 1.48093688 1.26749706 0.44380521
v -1.24753713 1.117437 -0.24231639
v -0.77814269 1.88431274 1.08138144
v 0.77917933 0.27001744 -1.15693879
v -0.15728928 -0.07950137 1.20464575
v 0.59279769 1.19528043 1.23645734
v 0.4611037 -1.12521767 1.07158136
v 1.45520699 1.09245705 0.03623465
v -0.68841314 -0.47419077 0.40607509
v 0.20643533 0.35992217 -1.46045768
v -0.39157906 -0.59333288 -0.95876252
v 0.36443719 1.59501469 1.29121029
v 0.86821025 -0.34285119 -0.53617143
v 0.59649139 0.67920678 1.01662814
v -0.77542424 1.95898938 1.13245451
v -0.19451612 -1.59412968 0.65770465
v -0.25889372 0.95292216 1.15942978
v 1.39963984 0.92141902 0.04324016
v 0.06965547 -0.06111839 -1.23838889
v 0.1851384 -0.80985975 0.92235469
v 1.29194808 0.44766169 0.20114132
v 0.51525944 -1.41082704 -0.24402643
v 0.9098494 0.4970676 -1.135921
v 0.43172973 -1.4206916 -0.25822126
v -0.13198497 -0.5718705 0.97343897
v 0.81809073 1.53657066 1.21369409
v -0.56681597 -0.42529913 -0.88404619
v 0.78575831 1.53103959 1.24777543
v 0.28871357 1.58424162 1.33141923
v 0.36582484 -0.56980687 -1.00475633
v -0.58770442 -0.92024689 -0.74887967
v 0.66848856 0.93864625 1.11495411
v -0.30536323 -0.74133509 1.22323739
v -1.43647623 0.97551006 0.16582997
v 0.33300399 0.37578824 1.00087618
v 0.43860137 2.04969048 1.10956883
v -1.02540147 0.31749454 0.71627265
v -0.07124203 0.50942355 1.0669837
v 0.23784321 -0.74579799 1.00534665
v 0.60885757 -1.22000253 0.49476337
v -1.26209473 0.99585777 0.36733132
v 0.74854958 -1.04968464 -0.22339427
v -0.10210567 2.00860118 1.16016137
v 0.09370281 -1.0811336 1.55927717
v 0.70798319 -0.98751241 0.54509294
v -0.19681163 -0.89215302 1.08922934
v 0.53468388 -1.29527688 -0.34761691
v 0.69042128 0.08864275 0.84044849
v 0.96478754 1.02254724 -0.50838893
v -1.44640171 1.17279911 -0.33439609
v -0.47293803 0.23890452 0.90933758
v 0.00259089 -0.35268479 1.08921921
v -0.65116661 -1.18329966 0.11765846
v -0.74818837 0.29429429 0.89894086
v 0.84223669 0.81433665 1.01584684
v -0.6615864 -1.12089622 0.15463274
v 0.1933947 -1.43192637 1.12972044
v -0.55599844 -0.91757732 0.85660612
v -1.03708088 0.21350807 0.52498108
v 0.23748783 -1.04631555 -0.85750973
v -0.52200758 -1.08585906 0.97667783
v 0.82697844 -0.44106626 -0.6000595
v -1.16663527 0.55595994 0.61876475
v 0.84800076 -0.38859486 -0.60972249
v 1.07628238 0.57098799 0.80834698
v -0.32454282 0.15718568 0.99723756
v -0.1294917 0.49686658 1.06341421
v 0.08074821 -0.36925324 1.38486194
v 0.93103027 -0.09493338 -0.09570804
v 0.69460511 -0.94509512 0.2881762
v -0.59616279 0.43909108 0.96612954
v 0.41823893 0.16483064 0.94639527
v 0.20518593 -0.37181934 1.0403434
v -0.28625506 -0.4933092 0.77371776
v 0.22789189 -0.24670536 -1.08605051
v -0.61461359 -0.46072515 0.55636566
v 1.37614464 1.0437529 0.4633646
v 0.72137361 -0.94903731 0.39459723
v -0.79244768 0.04463785 0.72213602
v -0.90952956 0.37216922 -0.60994744
v 0.74244368 -0.81837022 0.48114928
v -1.06493425 0.39121279 -0.48654589
v -0.69247704 0.19262607 -1.18689811
v 0.2460847 -1.04611337 1.01652634
v -1.18507278 1.037647 -0.6837275
v 0.46437162 1.01280522 1.13632345
v -1.04385948 0.38485527 0.71327531
v -0.00688303 -1.55559885 0.21512433
v 0.9580661 -0.04111339 0.27929183
v -0.29080349 0.35167527 0.96608954
v -1.11810374 1.42660129 0.11676421
v 0.21879626 -1.4947977 0.82991814
v -1.0700649 1.52889597 0.26172208
v 0.76636427 0.51238471 0.93640387
v -0.40549808 -1.49083721 0.77455002
v -0.8745262 0.48201641 -0.82162618
v 0.70559799 0.34584307 0.89360421
v -0.5393235 -1.4629414 -0.20544938
v 1.19656324 0.88375103 -0.17440709
v -1.26273822 1.12868344 0.17481629
v 0.18366132 -0.85113358 0.88550365
v 0.80207341 0.04358347 0.71601086
v -0.72749108 -0.42722687 0.35600861
v 0.87599283 -0.21163846 0.02858598
v -0.74700522 -1.05750608 0.05247873
v 0.29306873 -0.8063395 1.42691695
v -0.74604696 -1.04905414 -0.04783798
v -0.32190877 -1.35954117 1.05678987
v 1.03634882 0.15580706 -0.02161602
v 0.77643686 1.73299205 1.21757125
v -0.79289019 -0.27943 0.41021996
v 0.43020382 -0.96968698 1.14646482
v -0.67931318 0.37791302 -1.24622213
v -1.04087078 0.37880712 -0.41419833
v -1.3529489 0.64930588 -0.14069499
v -0.8927043 -0.29286864 -0.41521054
v 0.45788472 0.1773868 -1.33964908
v 0.55720931 0.09098012 -1.19591307
v -0.65120196 -0.70187664 0.71027422
v -0.70410913 -1.09988868 -0.00828404
v 0.79289764 -0.38940334 0.03024195
v 0.76241678 -0.77318322 -0.31558817
v -0.74938809 -0.95253425 -0.24270235
v -0.59351503 -1.34310495 0.55281037
v 0.52568203 -0.54423755 0.68485271
v 1.17111849 1.08320474 1.03562331
v 1.41823411 1.00180828 0.26830175
v 0.46169838 -0.14229114 -1.08921206
v -0.18201249 -0.40614515 1.13584458
v 0.28408363 -1.10184884 -0.79126167
v 0.63752234 0.50761807 -1.50524175
v -0.24712051 -1.14799726 1.24236834
v 0.30014485 0.86715275 1.15470528
v 0.39560264 -0.15647131 0.97918123
v 1.28188717 1.46741747 0.48972082
v -0.6079595 0.34993839 -1.44678521
v 1.00833594 0.44832062 -0.60175538
v -1.22579109 1.07241833 0.82211363
v 1.40362954 1.18506956 0.69505375
v -0.49220967 0.34725129 0.92302626
v -0.76240515 -0.94137364 -0.1333865
v 1.41484642 1.29244661 0.72519171
v -1.07110095 1.00485467 0.99917686
v -0.29133856 -1.30017805 -0.4367243
v 0.00259089 -0.59024518 0.99333769
v 1.05994308 0.15263925 0.26666715
v 0.26027879 -1.17697334 1.22637462
v -0.87852031 0.75460833 -0.81958597
v -0.30723384 -1.43119251 -0.23564621
v 0.45168638 1.63897788 1.26637315
v 0.09381818 -0.80367761 -0.90149825
v 0.305224 -1.27233016 1.14715647
v 1.39344286 0.86783075 0.14759865
v 0.69019907 -0.53894561 0.4205906
v -0.04748257 -1.37703549 -0.34023669
v 0.62488848 -0.60870498 0.52133774
v 0.90463113 1.51094281 1.1986469
v -0.48089054 1.33189737 1.28570652
v -0.98468583 0.41407159 0.8733831
v 0.63201928 -1.29031813 0.16127808
v -1.40514886 1.32099032 0.60284215
v 0.7745639 -0.59666472 -0.38103514
v 1.31310236 0.50449478 -0.09821964
v 0.83491975 -0.23998701 -0.77287298
v -0.45201286 -1.47091949 -0.23972573
v 0.73244679 -1.0399295 0.15572416
v -0.66534262 -0.53926396 -0.78422546
v 0.34523466 -0.5734846 0.99547243
v 0.32421606 -0.55284267 0.95093768
v -0.26011619 -0.14094543 -1.21358478
v 1.38597106 0.85681837 0.23526097
v -1.11012291 0.2319884 -0.08865629
v -0.23669827 -0.78480565 0.84306478
v 1.16724026 1.66859483 0.64910763
v -1.05307078 0.47957336 -0.55659264
v -1.13793683 1.47625589 0.23865206
v 0.21459181 -1.53598976 -0.04773681
v 1.21885752 0.61488211 0.00104006
v 0.59734535 0.49463766 0.97996234
v 0.22726592 -1.52921581 0.64814543
v 1.22430479 0.57449674 0.10149075
v -0.54552733 0.90991044 1.14826667
v 0.53844195 -1.5548321 0.28824952
v 0.38755407 0.31180179 -1.55037379
v 0.16984565 -0.09768505 1.22111058
v -1.19261336 1.21059441 -0.37482968
v 0.19206912 -0.23952339 1.26384472
v -0.53163796 0.03284373 -1.20783329
v -0.89953327 0.35300904 -1.03491973
v 0.02030999 0.87463647 1.17267417
v -0.16174684 -0.57045948 0.97129499
v 0.51618224 -0.07053827 -1.19303214
v 0.38069239 2.05665254 1.10522282
v 1.09703779 0.16585995 -0.03410027
v -0.90399038 -0.23793344 -0.31452283
v -0.64683812 -0.1527072 0.78594768
v -0.74162823 -0.81984913 0.48096209
v 0.16358438 -1.49974191 0.82681077
v -0.46887955 -1.38298654 -0.36709845
v 0.20131968 -0.38902175 0.89342206
v -1.15929031 1.18727564 -0.32566106
v 0.17676286 -0.92906075 0.89389312
v -1.06098127 1.19592177 -0.27866068
v -0.86754816 0.1510593 -0.78708046
v -0.23830619 -0.46215656 -1.02871358
v -0.05578178 0.39020454 -1.45566475
v -0.08278612 0.36121925 1.03805005
v -1.31805288 1.58023917 0.89005434
v -0.22000891 -0.11386241 -1.23432838
v 0.4988088 -0.18775634 -1.09723377
v 0.00259089 -0.22763592 1.8799709
v -0.1874078 -0.97345417 1.00677919
v 1.27002668 0.97506111 -0.52642864
v -0.1837815 -0.72012811 1.15785765
v 1.34746158 1.15553629 -0.09591169
v 1.17835867 1.70695638 0.7212271
v -0.62928319 -0.67118167 0.3881843
v 0.26127293 -1.56367099 0.32732445
v 0.11522698 -0.52135819 0.98713368
v 1.38318979 0.96773022 0.31207892
v 0.35006716 -1.52621769 -0.02349544
v 1.14819037 0.47274163 -0.23456493
v 0.32459196 -1.50106692 0.68470674
v 0.35302525 -1.21850419 -0.54232335
v 0.55585092 0.51164776 -1.32895565
v 1.22736477 1.48688709 1.03377103
v -0.444577 -1.31237661 -0.41750752
v 0.62037557 -0.82069504 0.78797447
v -0.25536689 -0.4930537 0.91360265
v -1.12973916 1.08963608 1.02094066
v 0.2899512 -0.61693453 -1.05540168
v 0.26218995 -1.04427743 1.28781843
v -0.61025929 0.74006325 1.07501673
v 0.10800463 -0.6477102 1.07036507
v -0.55110216 -0.84697032 -0.74119752
v -1.00725615 0.36834755 0.79381179
v 0.50520122 1.14177668 1.22569024
v 0.53109371 -0.31519141 0.77114558
v 1.18620419 0.54885602 -0.21577689
v -0.06254539 -1.00081503 1.36956107
v -0.1967995 -1.51129078 0.84964978
v -0.41429176 -1.51018095 0.67361754
v -1.17109942 0.75511717 0.66308021
v 0.33152797 0.55311626 1.00848424
v -0.46414595 -0.46784883 0.72143423
v 0.49160531 -0.0972452 -1.10558307
v 0.69808548 -1.05294942 0.28102389
v -1.09463965 0.91700202 0.92222738
v 0.00257339 0.13195301 -1.48295319
v 0.29481387 -0.53446888 -1.01461732
v 0.60048008 -0.54595756 0.64592689
v 0.40006706 -1.51293671 0.63038957
v 0.39701819 -1.13989353 -0.67663639
v -0.73544526 0.37969386 -1.31134653
v 0.81110167 0.19873893 -1.03393983
v -1.29964244 0.77669411 -0.07921294
v 0.03852776 -0.23412793 -1.17552387
v -0.84296596 1.30846059 -0.09641216
v -0.14327223 -0.32985156 1.33263492
v -0.71643018 -0.86887145 0.58952152
v 0.1376737 0.29062002 -1.55213117
v 0.30317437 -1.14615726 1.18450868
v -0.86887371 0.10283397 -0.78204768
v -0.78508168 -0.18482957 -0.56481045
v -0.40169858 -0.14933207 0.97985398
v 0.37158364 -1.24497234 -0.5034151
v -0.87839436 1.32785892 1.19886183
v -0.21004179 -1.38305044 1.18222546
v 0.45172718 -0.73787689 0.94199037
v -0.5684778 1.75984072 1.20614862
v -0.74969232 -0.14735016 0.65176075
v -0.65443712 -0.65461224 0.34370961
v -1.18425691 0.70073115 0.55371689
v 0.65794998 -0.46647623 -0.83543902
v -0.47268649 -1.06178426 -0.63995933
v -1.09852874 1.55301582 1.2077893
v 0.41094934 -1.05110061 -0.77178961
v -0.14866022 -0.89782565 1.00543761
v 0.61976903 1.38247299 0.02831308
v 0.80312556 -0.17480118 -0.64489775
v 0.75012528 -0.96213287 -0.09473446
v 0.84724313 -0.28025397 0.02830355
v 0.75669461 -1.01181376 -0.05002658
v -0.46688088 -0.09292101 -1.08777034
v -0.68652176 -0.92582231 0.26828381
v 0.73953574 -1.05642795 -0.12920486
v 0.71663188 -0.80584847 0.51759982
v 0.06276908 -1.57015645 0.79012221
v -1.12455582 0.64158672 0.66351556
v 0.36121895 0.83180642 1.15696585
v -0.71133279 -0.79050886 0.47932142
v 0.00259089 -0.48141112 0.77448636
v -0.12485903 -0.46285185 1.24004685
v -1.04109084 1.35668587 -0.05812575
v -0.13247717 -1.44407856 -0.22709578
v 0.77679705 -0.38849526 0.16306701
v -1.12156522 0.40987184 -0.19509007
v 0.73488587 -1.10878396 0.01647655
v 0.71144849 -0.46948215 0.32999897
v -0.7039383 -0.82550084 0.33975625
v -0.61621081 -0.56737589 -0.90338522
v -0.19945786 1.41437804 1.28877389
v -0.6270917 -0.45382094 -0.80009681
v 0.85710626 0.08853735 -0.70892053
v 0.22615763 0.57753801 -1.14510846
v 0.74249804 -0.89023739 -0.36821064
v 0.43994137 -1.01441717 0.94340968
v 0.78508549 -0.39315235 -0.64782321
v 0.57962268 -1.37220645 0.51645731
v -0.96056819 1.20556294 1.15404844
v -0.81167876 -0.18877919 -0.52788531
v -1.10328114 0.90577095 -0.3682135
v 0.57279628 -1.38250303 0.63596606
v 0.59695094 -0.00512077 0.86387372
v -0.91689491 -0.10267253 0.42153891
v -0.1183746 -1.55408215 0.89538079
v 0.39233851 -1.4262191 0.95504468
v -1.29521215 0.45192 -0.02840023
v -0.52850282 -1.47735965 0.61227631
v 0.06225862 -1.34464156 1.24701452
v -0.30043378 1.43774664 1.29826521
v 0.30839464 -0.48765844 0.94261562
v 1.0910902 0.97297287 -0.39405787
v 0.2774181 0.41990289 -1.42210316
v -1.41617429 0.77337491 0.30408453
v -0.04300447 2.03338837 1.11584401
v -1.16205048 0.93494522 0.82587003
v -0.9581803 0.03867356 0.49348354
v 0.19110634 -0.67701333 -1.05629086
v 0.09294945 1.58149969 1.3335874
v -0.06563712 -0.3762511 -1.09612822
v 0.27434092 -0.43960538 -1.07011652
v -0.23983398 -1.44718062 0.98112911
v -1.01041162 1.72919809 1.18543469
v 0.69504517 1.00900602 1.13324582
v -0.82655364 -0.27619323 0.33479279
v 0.00259089 -1.40045011 1.14621615
v 0.63202035 -1.12668311 -0.43820035
v 0.06181137 2.04815244 1.1097778
v -1.35213494 0.98682373 0.27453997
v -0.65149146 1.46710515 1.23041391
v -0.09602003 1.97802734 0.99363291
v -0.96120196 0.39040234 -0.90114831
v -0.11152052 -1.54383325 0.15521448
v 1.17739975 1.27821433 1.04295933
v 0.70760935 -1.00047016 0.40565955
v -0.95546442 1.80184078 1.08066248
v -0.91141521 -0.14153748 0.31641632
v 1.1364094 0.43704927 -0.1749957
v 0.00259089 -0.45734489 0.75280171
v -0.6722669 -0.64378064 -0.7927432
v 0.52636092 -1.13495039 -0.53145325
v -0.75231039 -0.99477887 -0.21882456
v -0.19797441 0.77555698 1.14360106
v -0.68628221 0.63622635 -1.09182941
v -0.31250566 -0.89067858 1.20439517
v -0.89190864 0.2632285 -0.91831177
v -0.17717766 -1.45813667 1.04736387
v -0.72334867 0.57013452 -1.14906442
v -0.03011346 -1.57020473 0.33931258
v -0.14109139 -1.47154521 1.02921879
v 0.73269623 -0.64258217 0.12724342
v -0.94937986 1.3667773 1.22908127
v 0.19140805 -0.99739241 0.93201541
v 1.12385594 1.19668269 -0.24767075
v -0.83833152 1.48126602 1.21971595
v 0.03415922 -0.47035497 1.38996219
v -0.20992484 0.15973384 -1.46358597
v -0.8355019 -0.27579879 0.23757651
v 1.25214016 1.15513742 0.99716186
v -0.8873505 -0.05742726 0.52277994
v -0.33344385 -1.54269981 0.52881187
v -0.65655773 -0.60200029 0.43300873
v -0.30186817 -0.82909768 1.22422552
v -1.04662501 0.5556389 -0.66583901
v 0.7660548 -0.61862963 0.01734332
v -0.6016916 0.10769511 -1.21589255
v -0.2044143 -0.73957151 0.95785218
v -0.07364603 -0.45291599 1.37448811
v 0.26834851 -0.97369748 1.31768131
v 1.21829927 0.51894348 0.21629457
v 1.36847925 1.41231668 0.43494927
v -0.58973634 -0.00416998 -1.16574502
v -0.14910423 -1.27700805 -0.51896333
v 0.17099964 1.66453051 1.29724049
v 0.3381491 0.11854361 -1.39543283
v -1.22990834 0.72558611 -0.20225776
v 1.39144396 1.05577564 0.53377485
v 1.21544694 1.05600154 -0.09599637
v -0.0926126 -1.10475122 1.54963529
v 0.08166544 -0.76953375 1.90598404
v 0.46846422 -0.81329006 0.94323021
v 0.00255668 1.99230361 1.004323
v -1.03189098 0.69527316 -0.79943728
v -0.73059868 0.088298 0.80953764
v -0.22063012 -1.20611786 1.28548717
v -1.0129534 0.56741762 -0.73044866
v -0.73266011 -0.87582361 0.08535946
v -0.69727665 -0.52557802 0.35218665
v 0.48622855 0.30773839 -1.45751774
v 0.65642339 -1.03806757 0.65803146
v -0.77959603 -0.56827551 -0.47382441
v 0.73305863 -0.89889347 0.58097976
v 0.40870675 -0.95448839 1.11650157
v -0.94231969 0.29534876 -0.83133453
v -0.32089084 -0.79488194 0.81561213
v -0.58919847 -1.47591412 0.2028432
v 0.22016753 1.81510222 1.33230614
v -0.02003834 1.46267485 1.34322893
v 0.10504005 1.98310351 0.99990671
v 0.32274973 -0.985044 0.93346232
v 0.79430687 -0.48858395 -0.08190269
v -0.72191429 -0.95784735 0.13683107
v 0.30279672 -0.98671609 0.9824807
v 0.1669221 -0.97900164 1.00061321
v -0.38887703 -1.42664074 0.94291281
v -0.06295115 -1.55968678 0.39433628
v -0.25512233 0.50217372 -1.28876173
v -0.73503786 -0.90509629 -0.00031996
v 0.79038631 -0.85797494 -0.17294521
v -0.03660054 0.1532206 1.05629563
v 0.8002097 -0.19445253 -0.52602016
v 0.74910444 -0.6290853 -0.0195666
v -0.56273162 0.98957455 -0.54936462
v -1.16019308 0.38143271 -0.40491613
v -0.41150569 -1.35959184 0.89336103
v 0.26372015 -0.45328766 0.78966158
v -0.25739523 -0.45373389 0.79062914
v 0.40101006 -1.38552355 0.92260253
v -0.82151055 -0.48489052 -0.48962211
v -0.54288029 -0.73108381 0.82231545
v 1.31498396 0.95294135 0.56267613
v -1.20852494 1.65040254 0.30748233
v -0.22271436 -0.67677569 1.6014086
v -0.99581986 0.44584399 -0.83138197
v 0.7578727 0.41466444 -1.13458764
v 0.90345567 1.84440863 1.13185811
v -0.03317998 -1.59312498 0.65531563
v 1.40555214 1.15174543 0.05558927
v -0.24541732 0.64201557 -1.03326737
v 0.23056434 -0.98918294 1.101902
v -1.29277885 1.39675891 0.29439994
v -1.25536036 1.44884157 0.2775903
v -1.28225255 1.63549435 0.31688416
v 1.25482595 0.93657773 -0.46523851
v 0.68565601 -0.15795667 0.71908617
v -0.31423926 -0.49476352 0.89722245
v -0.52931606 -0.6027069 -0.92463523
v 1.15248072 0.60558736 -0.49505147
v 0.56064319 -0.9825896 0.8515973
v -0.3096311 -0.69753116 1.26405143
v -0.09598057 -0.37327548 1.92254662
v -0.11405038 -1.23908114 -0.592857
v -0.68326377 -0.60362231 0.31697261
v -0.1241659 -0.51494687 1.73968863
v -0.06198401 -0.54615873 1.05580771
v 0.66147822 -1.35475349 -0.13155709
v -1.27354502 1.1324321 0.36154249
v 0.19785398 0.15756698 1.05139565
v -0.03131019 0.00644372 1.13522255
v -0.45069742 0.38918539 0.95371961
v 0.67486333 -1.12007939 0.39144071
v -0.05500316 -0.94260215 1.79775857
v 0.07283305 -0.73407709 -1.04621088
v 0.7592808 1.90030217 1.07323479
v 0.4463711 -0.71279299 1.00307858
v 1.03247928 0.08438739 -0.32713192
v -0.27220848 -0.97272861 1.31594371
v -0.72740274 -0.2728351 -0.65000194
v -1.429497 1.3191322 0.26127636
v -0.41256284 -0.04107435 -1.18114352
v -0.7438659 -0.94877088 0.48432332
v 1.14471685 0.3048335 -0.24035619
v -0.04861309 -1.61630153 0.72489559
v 0.46462014 1.74851489 1.28210806
v -1.28956639 0.86985921 0.42866447
v -0.64275974 -1.23779141 -0.31330293
v 1.2269535 0.73245912 -0.46533492
v -0.23679395 -1.01032531 1.39899635
v -1.17350161 0.72456646 0.60873764
v -0.83994782 0.16952864 -0.91959971
v -1.26150214 0.8292244 -0.2102309
v 0.20822462 2.03075933 1.16464936
v 0.17076136 -0.1519172 -1.16710221
v 1.08819603 0.35014152 -0.63173073
v 0.98475676 0.25355067 -0.52117925
v -1.25355279 1.29640114 -0.00034657
v -1.46435749 1.5998578 0.34384098
v 0.74419415 -0.63445711 -0.64461374
v -0.74036449 -1.01223385 0.02586867
v 1.04550516 0.38220784 -0.51273673
v 0.23797509 -0.99772614 0.86966234
v 0.12396697 0.03238036 1.16438555
v -1.27664601 1.2325406 0.04001333
v 0.75712984 -0.91944605 -0.03454177
v 1.07323646 0.16148828 0.21016612
v 0.00259089 -0.43467283 -1.06616008
v -1.27287411 1.12360227 0.74112695
v -1.26400995 1.18114209 0.17799057
v 0.7204765 -0.75447982 0.13769689
v -0.36034193 -1.56437158 0.0804611
v -1.45644879 1.01531004 0.01951987
v -1.22007381 0.55924165 -0.08440653
v 0.27947542 0.03261967 -1.31111419
v -0.76132059 0.14877276 -1.0478034
v 0.6704722 1.94625377 1.10162437
v 0.17100837 -0.01651361 -1.27790355
v 0.23004615 0.11162098 -1.41054356
v 0.2232097 -1.55509054 0.44286599
v 0.4597018 -1.08480823 -0.73277545
v 0.65656465 0.36953073 -1.20198309
v 0.27574899 0.16665263 -1.4723314
v 0.77076816 0.37541979 -1.24854469
v 1.40180885 1.00962936 -0.11092674
v 1.41621458 0.94984346 0.23090401
v -0.31717792 -0.74736875 1.08787667
v -0.30576539 1.9131695 1.20195782
v -0.08896283 -0.55764675 1.00518178
v 0.72511023 -0.81494426 -0.72479599
v 0.1322142 -1.54964625 0.35193061
v 0.19149851 -1.38873219 -0.30860865
v 1.18029522 0.58147871 -0.35861906
v -0.21349199 -0.89624464 -0.83654797
v -0.09075498 0.00051618 1.15466284
v 0.14666827 -1.4354664 -0.25492548
v -0.23517927 -0.79262083 -0.95225298
v 0.13518579 -0.49990025 1.93094015
v 0.73373585 1.27434158 1.18865251
v -0.55013543 -0.14981174 0.88485336
v 0.80313128 -0.36491912 -0.70365315
v 0.62590336 -0.94304281 0.77557718
v -0.26655519 -0.95821321 1.49206864
v 1.4482634 1.08471441 0.17100437
v 1.21137106 0.70687145 0.54253941
v -0.16652974 0.12460343 1.07037198
v 0.14716683 -1.45482778 1.08020508
v -0.65163195 -1.3969568 0.10920815
v -1.35249698 1.38623631 0.79489797
v 0.74836647 -0.87753492 -0.63352346
v 0.83597701 -0.47643166 -0.34799233
v -1.06940043 1.23944115 1.14592742
v 0.32829475 -0.72501421 0.98121482
v -1.11626219 1.43796837 1.19884967
v 0.52053076 1.42370677 1.31124746
v 0.25562453 -0.50829345 1.26010406
v -0.87646323 -0.22053526 -0.14611296
v 0.07531307 -1.25747168 -0.54683131
v 0.5281952 1.30641102 1.26619231
v -0.03691003 -1.45177495 1.12530553
v 0.03496972 -1.31784927 -0.45926335
v -0.47519651 -0.80492335 0.93193924
v -0.25477269 -1.39551615 -0.31810534
v 0.0284166 -1.39776158 -0.29833695
v 0.23148191 -0.57359403 0.98135393
v 0.2382103 0.23739536 -1.52721226
v -0.69368732 -0.9708327 -0.62679642
v 1.02348673 0.08641172 0.16302868
v 0.00259089 1.93827664 1.25947737
v 0.31170788 2.02920246 1.25542938
v 0.76190197 -0.70901906 -0.07789377
v 0.23064291 -0.96225428 1.39515626
v 0.00259089 1.80317318 1.27817404
v 0.32100784 -0.84810602 1.19665741
v 0.71164727 -0.82117545 0.36236619
v -0.66439837 -0.41328522 -0.79897052
v -1.03399217 0.14626562 0.51195079
v -0.1154423 0.73847019 1.08585596
v 0.224422 -1.37245988 1.20560872
v -0.78200233 1.64361047 1.23419904
v -0.6409766 1.63800549 1.22619009
v 1.34296751 1.71081185 0.87574213
v 1.14821732 0.33649337 -0.23963671
v -0.64365708 -1.30660069 0.35681411
v -0.32174259 -0.26762116 0.90098488
v 1.17055499 0.81918662 -0.33526518
v 0.27735227 -0.9330464 1.32968628
v -0.64451468 -0.06515581 0.7824127
v 1.37812876 1.63596367 0.82401222
v -1.41513943 1.6730802 0.69106602
v 1.50025749 1.63949751 0.937312
v -0.65080881 -1.02914917 0.68508034
v -0.83790308 0.5028705 -0.91407871
v -0.31662836 1.30805039 -0.07180862
v -0.25109091 -1.01520168 -0.71907258
v 0.72144526 -0.2021103 0.57667785
v 0.71131861 0.10054495 -1.05303204
v 1.21739411 1.02234828 0.90739953
v 0.49349671 0.23418305 -1.47580993
v 0.81555795 -0.15495424 -0.47841173
v 0.81844109 1.9043616 1.01312375
v 1.13252997 1.72306132 1.12708592
v -0.63316172 -1.36782801 0.20884317
v -0.4560455 -0.68594354 1.01918458
v -0.20462222 0.25060698 1.0080806
v -0.45171737 -0.66082125 -0.8715589
v 1.15773451 0.53094875 0.63787728
v 0.54863977 -0.29157769 -1.03549265
v -0.57962179 1.90952062 0.95372647
v 0.72163736 0.21143558 -1.14507305
v 0.71269899 -0.61919361 -0.60985386
v -0.87286841 1.82270896 0.90547764
v -0.65245145 0.54947918 1.00342237
v 0.25031751 0.68595707 1.08329033
v 1.27030789 1.78375804 0.62371432
v 0.30725154 0.44580876 0.98406982
v -1.3765577 0.82793802 0.12959401
v 0.36584028 -0.16800269 0.96678036
v -0.81298452 -0.47410723 -0.14818169
v 0.27822083 0.5345996 1.02775502
v 0.07465842 1.55660259 1.38512742
v -0.31059187 -0.91714364 0.91041535
v -0.62777614 1.64970541 1.24248373
v -0.76902329 -0.57771235 -0.09322491
v -0.71917671 0.46106585 -1.14760637
v -0.77209299 0.62487804 0.98779994
v 0.11500214 -0.25500181 1.34419286
v 1.19315958 0.38475805 -0.31315895
v 0.12257516 1.79203915 1.24904882
v 0.52626323 -0.47867482 -0.88661122
v 1.27190351 1.27611565 0.73894441
v 0.12999203 -0.11533868 1.28643882
v -0.08994673 -1.5396794 0.03751726
v -1.03708827 0.10060326 -0.39114281
v 0.69151163 -1.06606113 0.36113706
v -0.0732327 -1.48970592 -0.15286794
v -0.23109276 1.93110907 1.19701373
v 1.02739739 0.07645259 0.30488103
v -0.35281124 -1.36407971 -0.35226461
v 0.32290098 -0.50925976 1.01337564
v 0.3286679 1.98057961 1.20596849
v -0.18172399 -1.38934123 -0.30633831
v 0.74526023 0.99168217 1.12522983
v -0.21916408 -0.45122101 0.78311127
v -0.06876687 -0.08572062 -1.29382443
v 0.46899953 -0.93171376 0.87876504
v 0.5495606 -1.02596569 -0.62187027
v 0.05427544 0.01168941 -1.29264235
v -0.79888004 0.46838909 -1.27318346
v 0.4484277 0.43843737 -1.38533139
v 0.15925088 -0.45605552 1.02527129
v 0.67871636 -1.07503962 -0.43274101
v -1.24280011 0.60653996 0.11791659
v 0.86484748 -0.36978873 -0.32388791
v 0.68919718 -1.12323498 -0.29508784
v 0.55372494 -0.14321389 -1.1006844
v -0.16727794 -0.50922608 1.85161995
v 0.74052697 -0.2325284 0.65257453
v -0.21288767 -1.482468 0.90108972
v 1.20289135 0.31719499 0.01093821
v -0.18594868 -0.36311784 0.97473919
v 0.78411257 -0.21073347 0.53521955
v -1.11760902 1.57628965 0.42925354
v -0.42487847 -0.74937534 0.97443014
v 1.26458311 1.08986187 0.20239031
v -0.54675573 0.23275126 -1.36846232
v 0.72803014 0.9596641 1.13194406
v 0.31394374 1.22632086 1.21187126
v 1.29902565 1.05562281 -0.16952525
v 0.60312211 0.31328153 0.90488886
v -0.66704899 -0.44274783 0.45683914
v 1.33779704 1.00367343 -0.25285646
v -0.58070188 -0.48750725 -0.94857603
v 0.37373861 -0.77430689 -0.94450199
v 0.83499836 -0.29025164 0.11005859
v -1.37605357 1.07418 0.47535881
v 0.37508347 -0.9190886 -0.79390919
v -1.2659626 1.06504797 0.07299403
v 0.44590935 2.06662583 1.20149171
v 0.63506549 -1.22964298 0.41529029
v -0.2700138 -0.8666985 1.48968768
v 0.11761277 -0.50929373 1.67489337
v 0.37500187 -0.79431915 1.1118133
v -0.31369519 -0.80674308 0.88715201
v -0.60503822 -1.28956759 0.5444529
v -0.14881278 0.02845009 -1.37639498
v 0.29414477 -0.77752912 0.86147433
v 0.74610143 0.79552972 1.03366649
v 0.5481705 -1.3710128 0.72679841
v 0.68977987 0.93064081 1.1296221
v 0.66441476 -1.11141192 0.65180355
v -1.4777826 1.5800631 0.26978373
v -1.42947518 1.09327089 0.13714706
v -0.89297992 0.95658028 1.13215637
v -0.47983393 -0.05538969 -1.17598724
v 0.25832709 -0.34651118 1.00898385
v 0.26703691 -0.96543538 1.43111836
v -0.90996831 1.17631006 1.19788289
v 0.6837601 -0.79908925 0.59829932
v -0.28416496 1.65750789 1.23315489
v 0.27921512 -0.94576865 1.37672376
v 0.2807416 -1.16031813 1.22838485
v 0.64405095 -1.1687287 0.43834871
v 0.00259089 0.17812891 -1.52340638
v 0.26230135 -0.89576685 1.27058565
v 0.34304398 -1.55675137 0.03574426
v 0.72265672 -0.93086415 0.55823433
v 0.16526684 1.52087819 1.35509657
v 0.4870671 -1.37441277 -0.28135624
v 0.1667415 1.35905933 1.28763246
v 0.14051196 1.35108542 1.29535734
v 0.32301753 1.7157911 1.30985832
v 0.3141579 -0.49851951 0.89012956
v -0.74832725 1.91520941 1.01122427
v 0.13372646 -1.40929365 1.17828261
v 0.05228047 -1.18333911 -0.64518559
v 0.98255598 0.98827916 -0.5362187
v -1.13029825 0.35354727 0.41430994
v -0.86152964 0.974155 1.13041436
v -0.91386431 1.79304254 1.0983591
v 0.47791379 -1.16146922 0.85549438
v 1.06011402 1.25959277 -0.18523275
v -0.35501062 1.97316587 1.17355108
v -0.47698104 0.44435182 -1.43680167
v -0.59668791 -0.5495662 0.57648086
v 1.19681465 0.55724817 -0.07374265
v -1.39348959 0.81942522 0.38691538
v 0.89334142 -0.16328595 0.21573802
v 0.54746294 -0.01065354 -1.10068011
v 0.2815608 1.7849915 1.33261191
v -0.71390843 0.11623397 -1.06759762
v -1.46281027 1.08704865 0.15490156
v -0.73708242 0.19469235 -1.11776948
v -0.71681529 1.94801747 1.15837717
v -0.6790595 -0.48979252 0.47179016
v -0.44980046 -0.66755926 -1.0049473
v 1.05675149 0.27599147 0.59051072
v 0.22913242 -1.30266225 -0.47555658
v 0.3372856 -0.83542692 0.84212434
v -0.52817952 -0.33722093 -0.97030752
v 0.72689932 -0.8982377 0.07235494
v 0.65111786 1.69546937 1.20076644
v -0.85720735 0.50534522 -1.24027848
v 0.27193531 0.4813196 -1.63704347
v 0.66294562 1.82945036 1.17619824
v -0.748021 0.39803084 -1.11084532
v 0.88030189 0.49759614 -0.84605348
v 0.49512761 -0.54687851 0.75432682
v -0.21115745 -1.58771729 0.23424314
v 0.17714619 -1.45629847 -0.20371803
v 0.20655258 -0.66876459 1.08629846
v -0.28643864 -0.51355242 1.04907286
v -0.25496903 -0.89105218 1.25045049
v -0.84401822 1.2004894 1.19494295
v -1.26012194 1.2489413 -0.22550642
v 1.01994156 0.57541006 -0.70055389
v -0.04947872 -0.17010001 1.3297398
v 0.90026217 0.83157187 -0.74757909
v 0.45315069 -1.37325859 0.87089788
v -0.36121776 -1.18017518 -0.57980406
v -0.34210363 -1.10562384 -0.63609159
v 0.98227399 0.48114949 -0.6851086
v 0.32845601 -0.96205025 0.82555812
v 0.48075422 -0.51191908 0.71398323
v 1.14521443 1.55015432 0.42155107
v 0.15055809 -0.85139834 0.970824
v -1.25370895 1.21473789 -0.28085923
v -0.29462578 -1.22576463 -0.53505092
v 0.64536875 -0.6620059 -0.81928706
v 0.57543969 -1.52700734 0.19656391
v 1.05275821 1.49757289 0.23423157
v -0.36895617 -1.26943123 -0.4282287
v 0.03260901 -1.20187926 -0.59658813
v -0.37414553 0.12631508 -1.29566454
v -1.17774677 1.21865236 0.96944677
v -1.3526622 0.54229426 0.13827055
v -0.21141319 -1.00058615 1.28468489
v 0.08268319 0.04502956 -1.30546498
v 0.95547163 1.21449244 1.16705858
v -1.14940655 1.16784048 1.02180206
v 1.01416349 1.33830666 1.20007693
v 0.16265913 -1.54602789 0.63715285
v -0.64778721 -1.41156268 -0.01881464
v 0.63702207 0.15315376 0.87933194
v 0.95378708 0.03458343 0.48682016
v -0.56007713 -1.48676216 0.39777949
v -0.62071716 -0.91208368 0.77268135
v 0.00940708 -1.2814325 -0.49660337
v -0.54320764 0.52723544 -1.52086591
v 0.71944224 -0.36189717 -0.83560681
v 0.1903944 1.97584533 1.2079761
v -0.79537302 -0.24369166 0.43906632
v 1.30966639 1.21526074 0.9020828
v 0.29572284 -0.44829005 0.78442382
v -0.85680794 -0.19612744 0.30239456
v 0.85070902 0.56619828 -0.86435616
v 0.47306799 -1.52624034 -0.02393873
v 0.28512758 -0.4582009 0.75460457
v 0.49536448 -1.43046546 0.72817575
v -0.67470997 -1.08259904 -0.46458134
v 1.36219227 0.70478051 -0.15811547
v 0.14372219 -1.22607314 1.32001483
v -0.33981844 -0.38154915 0.79983335
v 1.16089057 0.39232763 -0.41037723
v -0.84063953 -0.40561673 -0.4736731
v 1.27463209 1.20880162 1.01906931
v 0.36223256 -0.76410985 -1.0346986
v -1.03543567 1.4371016 0.11370581
v -1.28223991 1.55382943 0.68792009
v -1.09921312 0.20882813 -0.25146418
v 0.39102062 0.80349522 1.12033188
v -0.22875098 -0.80991053 0.94757974
v -1.22572231 0.57265424 0.10500503
v -1.02817595 0.07352162 -0.31794494
v -0.52888619 1.33897113 1.30873763
v -0.18265652 -0.88576197 0.99937558
v -0.27660054 -0.70613509 0.96240264
v 0.04134224 0.85393488 1.11527323
v -0.1994618 -0.92809426 0.92298483
v 0.25161925 -0.94471037 1.13668394
v 0.48351186 -1.1212027 0.91979247
v -0.29740911 -1.595986 0.33013096
v 0.49346262 2.00152087 1.1901828
v 0.1783764 1.63035547 1.33274698
v 0.27600923 -0.55329448 0.97132027
v 0.27791601 -1.03815639 1.06981098
v -1.06704616 0.1692865 -0.31581771
v -0.85114383 -0.37209644 -0.21771498
v -0.36629051 -0.68198388 1.10224056
v 1.38767087 1.4561522 1.07595253
v 1.26427149 0.37890794 0.08369306
v -0.1764125 -0.39621692 1.19643271
v 0.64332509 0.24790242 -1.3273307
v 0.00259089 -0.43239525 1.83096444
v -0.30049046 -0.96153956 0.93961483
v 0.76717799 -0.35405606 0.30414727
v 0.6400755 -0.4282729 -0.79284268
v 0.70740646 0.33034113 -1.3310399
v 0.31789895 -0.39889782 -1.01149225
v -0.61856842 -0.41324466 0.55973023
v 0.66418677 -0.41713947 -0.79629254
v -0.38245007 -1.20986723 1.02534556
v -1.10932087 1.75676572 0.96977466
v 0.50726133 0.63625097 -1.08297133
v 0.30919727 -0.18692015 -1.15163171
v 0.31826406 -0.89611589 1.21798932
v 1.2661215 1.22585415 0.28036779
v 1.19890964 1.09296667 -0.18093571
v 0.51734143 -0.8304544 -0.84112083
v 0.43383434 0.68161773 -0.98542457
v -1.36938965 0.60551893 0.01090811
v -0.28991317 -0.72192841 0.89339417
v 1.44986128 1.37672424 0.26344424
v 1.17778766 0.52617359 -0.14954197
v 0.07849766 -0.38982629 1.61574149
v -0.54760265 -0.26508754 0.7992202
v -0.71981924 -0.63841152 0.20413763
v 0.8133251 -0.36471164 -0.11850325
v -0.48519563 -0.34184196 0.77252668
v 0.21864788 -0.84306025 1.70571577
v 0.10445024 -1.54010295 0.10268788
v 0.27058297 -1.31292176 -0.42700305
v -0.07442212 1.93594753 1.27956485
v -0.37346947 -1.27735734 1.05233275
v 1.26108658 0.65106374 0.49737432
v 0.06154069 -1.09104466 1.36765182
v -0.78557843 1.75502431 1.16177463
v 0.29589718 -0.83857852 0.91380238
v 0.61779505 -0.40397945 0.56060355
v -0.51968944 -1.26924657 0.8146547
v -0.56913 1.78899383 1.33241677
v -0.56041276 0.05584565 0.85451054
v 1.30504465 0.8416357 -0.15323251
v -0.7643488 -0.74533444 -0.02627648
v -0.11601755 2.03683209 1.21441459
v -0.18474827 -0.51382833 -1.01554513
v -0.74377602 -0.63809061 0.00376533
v 0.71019995 -1.19695246 -0.17008541
v -0.1438996 -0.62187784 -0.97700303
v 0.94923877 1.55838179 0.35483634
v -0.52489471 -0.83676046 -0.83147847
v 0.70054948 -1.16847467 -0.14624515
v 0.13313624 -0.3425726 1.34211504
v -1.17711353 1.34408986 -0.14395856
v -1.04356706 1.65440738 1.208117
v -1.00266468 0.45477584 -0.61848366
v 0.61236667 -0.45260587 0.5491569
v 0.28799471 -0.39160546 0.82912945
v -0.81391727 0.21461899 -1.04361987
v 0.93726772 -0.07684977 -0.27848395
v -0.6273747 -0.25787547 0.76668065
v 1.17126476 1.01523244 -0.6486234
v -0.19515913 -0.96907466 1.60778069
v 0.00259089 0.44362348 1.01327478
v -0.43078413 -0.15256266 -1.07203757
v 1.15203166 1.0540539 -0.80331999
v 1.2131921 1.38792443 0.13190123
v 0.51731813 -0.97000688 0.91424113
v 0.17551875 0.82116508 1.13890039
v 1.22140443 1.43317198 0.1815997
v -0.40944144 -0.00716633 0.98997122
v -0.6037569 -1.37438821 -0.27982088
v -0.62305903 -1.23219525 0.59953373
v 1.06481444 0.1288443 -0.07759712
v 0.32379555 0.15576607 0.98242199
v 0.93293052 0.10499188 0.59897738
v 0.00747758 -1.08091294 1.35948133
v 0.53328186 0.03488733 -1.20986795
v 0.3168962 1.93797755 1.29648017
v 0.34441673 0.04526737 1.01885044
v 1.26521468 1.07075583 0.27491745
v -0.68538326 -1.25662338 -0.19808286
v -0.46658644 -0.87944853 -0.8185113
v -0.40963909 -0.96049666 -0.74718523
v 1.07066392 0.84468221 -0.83214652
v 1.25441324 0.87122947 -0.22055518
v -0.53543591 -1.51631069 0.48674017
v -0.30142021 -1.55291974 -0.00955343
v 1.29847776 1.25264906 0.28532937
v 1.25770032 0.82701575 -0.21063077
v 0.05529727 0.25104683 1.02775991
v -0.95866316 0.57991725 0.91790759
v -0.38780567 -0.99605625 -0.72108244
v -0.9561066 0.40574821 0.80680346
v -0.58489006 0.24642129 -1.3764851
v 1.27000641 0.40414047 0.35290646
v -0.44896173 -0.97646206 1.01771938
v 1.03024399 0.77084708 -0.8106184
v -0.33120399 -0.67898845 1.09634709
v -0.32664832 -0.95712149 0.81827217
v -1.15092861 1.51322674 1.17994952
v 1.21273887 0.93993336 -0.68347108
v 0.61395651 -0.6155523 0.59359312
v 0.27388563 0.02170382 1.07026004
v 0.49789756 1.95323669 1.23013198
v -1.02257549 0.75996547 -0.80243295
v -0.50329232 -1.53760659 0.44740027
v 0.92051023 -0.12438962 -0.12325051
v -0.33373978 -1.18399405 1.14271211
v 0.66154187 -0.52581322 -0.85338425
v 1.04024541 0.37782374 -0.41442856
v -0.31890362 0.24419865 -1.38457441
v -0.0363157 -1.09963846 -0.68711692
v -0.44799488 -0.75806856 0.99016457
v 0.00259089 -0.99997997 1.36510777
v -1.24886024 0.7941116 -0.4607298
v -0.46571463 -0.79514491 1.01459419
v 0.69941222 -0.84455561 0.19903698
v 0.87530309 0.77610844 -0.83714419
v -1.07885694 0.40594452 -0.31923568
v 0.67261689 -0.51950764 0.46456852
v 0.78261786 0.01644663 0.69744724
v -0.30877316 -0.06405793 1.09853446
v 1.19309365 0.38598442 -0.16306407
v 0.85700267 -0.14525681 -0.3628968
v 0.21099707 -1.00957739 1.52909171
v -0.65227168 1.84380626 1.19087457
v -1.23662972 0.390601 -0.09079134
v 0.6699174 -0.8468979 -0.61126035
v 0.07875386 0.81245178 1.14356899
v 0.59995919 -0.56109839 0.59480351
v -0.28451591 0.17835228 1.00159943
v -0.59739565 -0.74697816 0.77702021
v 0.23651506 0.73039907 1.0815221
v -0.53586447 -1.50211393 -0.02601186
v -0.70413726 -0.66269326 -0.59556067
v 1.06412863 1.82205557 1.14298379
v -0.31360885 1.40296053 1.28973126
v 0.96097552 0.35687366 0.80283737
v 0.64565199 -0.07074081 0.77939254
v -0.88311916 0.45240572 -0.75270879
v -0.59171539 1.73990225 1.26315581
v -1.24739205 0.74102073 0.4462969
v -0.6015073 0.48587739 -1.366472
v -0.50954788 -1.54792535 0.14496552
v -0.75185293 -0.78850537 -0.39968368
v -0.94042241 -0.03654502 0.37688988
v -0.7732526 -0.77959173 -0.36224937
v -0.56747376 1.84266603 1.32478058
v 0.97041583 0.36608037 -0.8283137
v -0.9939146 0.52142888 0.86328214
v 0.96888244 1.82223665 0.93290025
v -0.0921164 0.24682766 1.04705202
v 1.05225575 1.84893286 0.97982144
v -0.16376182 -0.61418014 -1.07067322
v 1.0055648 1.34665918 -0.04954841
v -1.02758598 0.06946385 0.30970537
v -1.35534977 0.55609965 0.18581306
v -0.61910116 -0.78304994 0.77966517
v 0.85727018 -0.29524138 -0.60929358
v -0.65315735 -1.22063732 0.42699492
v 0.8008567 0.49292671 0.94059246
v -1.19451284 0.64079439 0.55527764
v -1.1078571 0.21548593 0.42759615
v 0.23007655 -0.52212971 1.25461196
v 0.81758338 -0.2949174 -0.70738762
v 1.28473258 0.43460518 -0.01781645
v 0.39375385 -0.94235128 -0.79040843
v -0.2797195 1.74208498 1.33506047
v -0.31036371 -1.49038755 -0.14123901
v -0.20799008 -0.85811287 0.969253
v 0.66207909 0.40664869 0.91546136
v -0.25421109 -1.52825856 -0.02911319
v 0.67790257 -0.90732491 -0.71646803
v 0.92914944 1.79994642 0.8828507
v -0.65108144 0.25299903 0.88138943
v -0.60130614 0.16544482 0.86793905
v -0.03335876 -0.62326061 -1.00061774
v 0.32433471 -0.95071327 1.14555287
v -1.34732949 0.79707199 0.07218258
v -0.8752703 -0.08890887 0.48371392
v 1.06391882 0.89611333 -0.46745306
v -0.23151297 0.02730579 1.12645065
v 0.05602169 0.85556024 1.16606116
v -0.48710405 1.69232761 1.31408464
v -0.64453572 0.36549109 -1.43021285
v 0.39457047 -0.36859685 0.77408552
v -0.07598238 -1.39182007 1.21913325
v -0.68436545 0.41958802 -1.42360687
v -0.06898313 0.13432921 1.07946705
v -1.03246104 1.79026651 0.96849244
v 0.42507499 1.49271905 1.25886762
v 0.76142305 -0.85978412 -0.5756511
v 1.11767661 0.67599952 -0.13770279
v -0.63212502 1.96461141 1.19330716
v -1.29117584 0.91505456 0.54521244
v 0.67326271 -0.37648871 -0.87496435
v -0.3505975 -0.49255347 0.76616936
v 1.18503511 0.48576098 0.29459986
v 0.6599667 -1.37799024 0.00165717
v 0.76389879 -0.02413183 -0.81439268
v 1.26734542 0.60972547 0.30614391
v 0.21485094 -1.04643905 -0.87296199
v 0.66125494 0.00811756 0.79217523
v 0.6569491 -0.75525122 0.63189429
v 0.61476272 -1.46261835 0.22166065
v 0.00682789 0.16098336 -1.40811419
v 1.25357592 0.39260309 0.09838718
v 0.36145097 0.4716598 1.02977669
v 1.17096984 0.75615608 0.72119051
v -0.02299108 -1.58557999 0.52604031
v -0.91559165 -0.14518582 -0.55011749
v -0.06343826 -0.5234791 -1.04255092
v 0.37828418 1.14696478 1.17413342
v 0.34369593 -1.1682769 -0.63132166
v 0.71552294 -0.82607722 0.08474724
v -0.75223225 -0.67707866 -0.02224521
v 0.41819471 -1.20851397 0.98515677
v -0.72381389 -0.87083774 -0.445977
v 0.20733811 -1.50416708 0.7337619
v 0.61154627 -1.43385565 0.28273603
v 0.66499674 -0.7989341 0.68135273
v 1.07663846 0.5847606 -0.65297949
v -0.50329357 1.85699236 1.22566688
v 0.74258363 -0.87754809 0.42698296
v 0.19496782 -0.78410416 1.04040563
v 0.55532503 0.96367234 -0.58589232
v -1.40785324 1.59243619 0.75487142
v -0.72647583 -0.82207101 -0.67176634
v 0.23495018 -1.52672183 -0.0656785
v 0.629197 -1.20511961 0.66911202
v 1.26097476 1.42775511 0.31472119
v 1.29480707 0.95903635 0.27528342
v 1.29012978 1.22459209 0.71068376
v 1.40380919 1.02622449 0.24750147
v -1.24940538 1.30291545 -0.1066185
v -0.59184163 -0.2111838 -1.02607893
v -0.48884576 0.7393592 1.10956096
v -0.4727433 -0.98873645 1.08851385
v -0.64076101 -0.42927315 -0.79265421
v 0.48595807 0.52177804 0.99788236
v 0.07623392 -0.98888731 -0.78177964
v 0.56367945 -1.10137176 -0.65124148
v 0.67927998 0.59866201 -1.14546275
v -0.89310973 0.11161513 0.68039459
v 0.89179021 1.36747765 -0.00692169
v 1.01446592 0.39258897 -0.63464033
v 0.41903027 0.06213221 -1.310979
v 0.68152719 -0.87831211 0.65479964
v 1.10659515 0.21461869 0.49209657
v 0.63333755 -0.30672809 0.74189913
v 0.73687207 -0.85451918 0.47867837
v 1.00744509 0.92745894 -0.54232233
v 0.04416098 -0.94757801 -0.83823579
v 1.14838695 1.69200539 0.7501713
v 0.31422573 -1.50479102 0.80524337
v 0.2888332 -0.11008535 -1.1728934
v 0.69544303 0.02404079 -0.99521452
v -0.37192776 -1.10359358 1.20730257
v 1.11504161 0.3698571 -0.51090246
v 0.02717269 0.16809135 -1.49412512
v -0.81586277 0.56062501 0.93860292
v -0.80787301 -0.35731715 -0.71108818
v -0.12028732 -0.87677711 1.30787086
v -0.82876861 -0.43678695 -0.60263264
v -0.70918166 -1.23258411 -0.13910588
v 0.89919495 -0.1321014 0.22548174
v -0.3280344 -0.88662225 1.14113521
v -0.66688215 1.22551715 1.23628234
v 0.42439401 -1.55642294 0.21043779
v -0.58894693 -0.53001338 -0.85807508
v 0.02589342 0.25087013 1.0172013
v 1.25867867 0.97164654 0.81525689
v -1.1395818 1.33171653 1.07973742
v 0.78048074 1.47521209 1.21965348
v 0.45595347 -0.95501095 0.89351135
v -0.8428753 1.51403248 1.24071395
v 0.63007849 1.1795907 1.21357154
v 0.40302577 -1.01124835 0.88636565
v 0.91299259 0.35559231 -0.98264634
v 1.03408181 1.54702103 1.23991477
v 1.29544818 0.70803117 0.42521268
v 0.4314123 -0.89858984 0.85092932
v 0.71784371 -0.05160181 -0.96828502
v -0.12454467 -0.27827802 -1.13428366
v 1.06772363 1.77408802 0.87659579
v -1.28203868 1.49731338 0.9339751
v -0.24320145 -0.56091499 0.93387013
v 0.26508599 -0.91636353 1.11137092
v 0.0524015 -0.12274511 -1.24480521
v 0.21383029 -0.66287362 1.78613269
v -0.70063978 -0.35457119 -0.88188505
v -1.33734047 1.5379486 0.87314528
v 0.00220477 -0.13473764 -1.24839067
v 0.00259089 -0.37116336 1.32591748
v -0.06078895 1.74352443 1.29931366
v 0.72164559 -1.04004657 0.51430058
v -0.21452811 0.79436707 1.12374532
v -0.10087123 -0.38152673 1.50726449
v 1.22408294 1.31161236 0.03282691
v -0.45045012 0.92450767 1.16225588
v -1.02538728 0.35612806 -0.5924645
v 1.16186571 1.0232042 0.97333312
v -0.31801974 -0.80702495 1.12790679
v -1.30285298 0.95241439 0.51426917
v -0.05454627 -0.11614304 -1.25091528
v -1.12912046 1.0854702 -0.30266323
v 0.2152733 -0.80722636 1.27438461
v -0.56496638 -1.33078026 0.71244674
v -0.53937882 -0.04909008 -1.09763479
v 0.18930615 -0.95377963 0.9917168
v 0.59024012 0.51874375 -1.53557968
v 0.47225517 -0.5997821 -1.01158678
v -0.74357312 -0.23113475 0.64816826
v 0.58840787 1.39776778 1.28241467
v 1.09214401 1.0185194 -0.42675435
v -0.15223266 -0.65879529 1.09155845
v 0.124168 0.33088293 -1.55753195
v -0.98326236 0.81246393 -0.71121949
v 1.41961789 1.15398311 0.31108728
v -1.27969098 0.41603767 0.341421
v 0.38719731 -1.39127171 -0.29307064
v 0.05692467 -1.12203621 1.55353593
v 0.85149389 0.38052076 0.88372349
v 0.55902111 -1.28151464 0.64185494
v 0.85957896 0.48567459 0.89866197
v 0.66667032 -0.6140517 0.33827167
v 1.45329654 1.22213625 0.44273293
v -1.38202774 1.62064909 0.27311435
v 0.07826358 0.04533421 1.12067461
v 0.28029722 -0.67572158 1.34978222
v 0.1876823 -0.46536827 0.88301545
v -0.74827575 -0.91156566 -0.27907559
v 0.65708345 1.14496386 1.20761156
v 0.16750483 0.36179566 1.01678586
v -0.04046148 -0.4404456 1.41637623
v 0.52284205 0.50372743 -1.46701479
v 1.17067909 0.94276905 -0.28953519
v 0.65141183 -0.63481432 0.41113659
v -0.03361988 -1.57286858 0.20881548
v 0.88768672 0.72535663 -0.80244189
v 1.19537615 0.92968422 -0.15113025
v 0.70424675 -0.79262501 0.2698414
v -0.77055227 1.39517712 0.03546176
v 1.36679887 1.58667683 0.88365572
v 0.73084819 1.47039771 0.16297002
v -0.6988703 1.46086597 0.14906439
v -0.86604052 -0.27506342 0.04383029
v 0.46226427 0.52618742 -1.26970505
v 1.14512801 1.06700301 -0.31913766
v -0.34193947 -0.81803327 1.17499363
v 0.30478185 -1.47178125 -0.19021792
v -1.11475849 0.99474382 -0.35786753
v 0.30343338 -1.54065048 -0.04324168
v -1.3062359 0.67596358 0.11607704
v -0.27775114 -1.5141412 0.61552739
v -0.6030479 0.53095245 -1.53588545
v 0.27699244 -0.2431937 1.09141922
v 0.12189029 -1.54468393 0.74992787
v 0.69204855 1.17222297 1.20676195
v 0.80235528 0.94751924 -0.63610011
v -0.73872256 0.94645977 -0.63128036
v -0.65009492 0.97825402 1.10810089
v 1.17402362 0.60088098 -0.43152692
v 0.15236215 -0.53909248 0.93486118
v -1.36260104 0.93414646 -0.12577308
v -0.06668942 -0.39276757 1.41727078
v 0.49559912 -1.51782882 0.65351426
v 0.51320701 0.01755983 -1.14025116
v 0.12660791 -0.4592348 1.2318629
v 0.85418146 -0.18224048 0.47991174
v -0.74570643 -0.84281444 -0.3281055
v -0.62305259 -0.63134491 0.64645624
v -0.73040652 -0.46172231 -0.76975131
v 1.08972883 0.63554137 0.7930845
v -0.97389763 -0.03964202 0.14437204
v 0.97395908 0.09182061 0.54402053
v -0.26281333 -1.08927965 1.26885044
v -0.67438858 -0.3786301 -0.87230098
v -0.15577876 -0.31400027 -1.15617728
v -1.03751969 1.55203509 1.22533965
v -1.04459357 0.257972 -0.12617108
v 1.14654922 1.05247688 -0.34784171
v -1.18200695 0.89600944 -0.16414067
v 0.32688561 0.39571681 -1.61848342
v -0.76640647 -0.55414456 0.13164354
v -0.62728077 -1.25320899 0.39885714
v 0.58164125 1.36914825 1.22807359
v -0.43326714 0.28403571 0.93625158
v -1.35256695 0.65083575 -0.18095099
v -0.58596426 -0.12050127 0.88157415
v 0.69980102 -0.5884239 -0.76950538
v -0.38455972 -0.82432204 0.8194856
v -0.53868281 -0.13885429 0.90536731
v -0.31961178 -0.85190773 1.1913762
v -0.46042645 -1.18421614 0.89412689
v 1.25930893 0.99411165 -0.57601219
v -0.65167844 -0.64147508 0.39748957
v -0.55173182 0.51140415 -1.28912174
v -0.35474395 0.0742322 1.01724577
v 0.00259089 -0.41930106 1.85604798
v -0.47971886 -1.12059307 0.94984763
v 0.7662878 -0.52555722 -0.52591162
v -0.58328044 1.82892525 1.1983776
v -0.77838146 -0.69910562 -0.23059867
v -0.65338635 1.05596101 1.20324623
v 0.24801392 -0.45802113 0.82595843
v -0.49082303 -0.68656963 0.94051843
v 0.72250187 -0.49996027 0.16163805
v 1.24834454 0.97700923 -0.54384797
v -0.66604089 -0.34408924 0.56216538
v -0.62463057 1.88513863 1.24010777
v 1.25158619 1.09680819 0.01001779
v 0.05296713 -0.77251142 -1.01630425
v -0.79450142 -0.66631257 -0.14786958
v -0.1323723 -0.41384899 -1.0887748
v -0.12551958 -0.42965155 1.86055064
v -0.02799332 2.06377959 1.18220269
v -0.80869805 -0.33752939 0.21000057
v -0.74084782 -0.7616949 0.02111808
v 0.28111296 -0.50599438 0.98618167
v -0.18109376 0.27347815 -1.57789206
v -0.01023981 -0.80075776 -1.01312983
v 0.07666845 2.03083324 1.14441692
v -0.41990548 1.77173471 1.22350585
v -1.2033658 0.97293764 -0.1270778
v -0.59167534 0.36548683 0.92526787
v -0.43077704 -1.47881925 0.7578507
v -1.02235901 0.23915137 0.62019878
v 1.36518681 1.58819735 0.61677521
v -0.64925885 0.52416408 -1.44410693
v 0.6127817 -1.29722452 0.23719486
v -0.79181438 0.06205793 0.7563861
v -0.43985399 0.5908277 1.02918481
v 0.77105319 -0.63519817 -0.08559054
v 1.2328577 0.83463597 -0.55850964
v -0.46268388 0.07383128 -1.22194683
v -1.14682865 0.76508891 -0.69130235
v -1.19799482 0.74620097 -0.55477881
v -0.17826744 -0.77545255 1.00797796
v 1.35815525 1.0881778 -0.24737991
v 0.93208366 0.41794121 0.83481752
v -1.19371545 1.58596611 0.41554442
v -1.25156736 0.36212372 0.06884466
v 0.46429878 -0.96867466 -0.87439298
v 0.99818414 1.15116024 1.12134277
v 0.6475839 -1.39628565 0.22843512
v 0.06456186 -1.50635588 0.88203209
v -0.90003722 -0.12830486 0.21927024
v -0.78301578 -0.4057095 0.1887568
v -0.28037655 0.83519172 1.12357127
v -0.39327222 -0.98441511 0.86278146
v 0.05396091 -1.48437535 1.00525784
v 0.93652075 1.54506778 1.27460801
v 0.8184486 0.0652698 -0.81582909
v 0.81850087 -0.49245649 -0.48509162
v 0.3785544 1.99752545 1.13385486
v -0.12989789 0.31530097 -1.45385921
v 1.22138822 0.96663725 0.87623566
v -0.70398193 -0.89188635 0.18170322
v 0.55276733 0.35111722 0.92686271
v 0.76494169 -0.66076678 -0.35463362
v 0.05773701 2.0676248 1.17701697
v 0.71134424 -0.73712742 -0.52637392
v -0.5041123 0.25454306 -1.40929675
v -0.65568268 -0.0197233 -0.9343245
v -0.64065742 -1.27089262 -0.23580002
v -0.66032064 0.01457156 0.7869184
v -0.41469138 -1.01699531 0.96810537
v 0.79653006 -0.33338019 0.30965983
v 0.68274456 -0.54515439 0.34727135
v -0.27488359 1.96732425 1.28644418
v 1.12679815 0.40753808 -0.12775099
v 0.03436624 -1.39166986 1.19927346
v -0.65708303 1.49171054 1.3165791
v -0.28035649 0.0309147 1.08805823
v 0.77132272 -0.26108765 0.49659305
v -0.70190691 -0.01139244 0.74748718
v 0.83619302 0.07418868 -0.74438804
v -0.28117951 -0.94197678 1.3992939
v -1.18343448 0.42858853 -0.37992146
v -0.11737158 0.64191263 1.06708276
v -0.73895174 -0.46312695 -0.73152053
v 0.46857067 -0.80895632 1.0074048
v -0.63739711 0.82272774 1.11416959
v 0.46766409 0.36588335 0.94891506
v -0.68522959 0.21733441 -1.08504712
v 0.45557799 0.20541204 0.91407752
v 1.15078008 0.44312307 -0.53414201
v -0.67357176 0.68944054 -1.01148343
v 1.47756207 1.43025147 0.55857247
v 0.00259089 -0.88240534 1.85996937
v -0.72019565 -0.90374457 0.33283871
v 1.02409768 0.68802791 -0.79546314
v 1.42653679 1.2710036 0.70265883
v 0.86198282 0.2400577 -0.93795758
v -0.25752741 -0.97784823 1.35702884
v -0.84934884 0.55081391 -1.07000422
v -1.2912929 0.68463122 0.41284161
v 0.62617439 -1.37406945 -0.18295623
v -1.19345128 0.39214149 -0.32508042
v -0.1705894 0.76512515 1.13539683
v -0.81787824 0.52742129 -0.96663332
v 0.5539115 0.84020668 -0.76273405
v -0.68676966 -0.36010992 0.60908848
v -0.66727918 -0.7210502 0.6642071
v -0.16867545 1.54408419 1.3172996
v 0.40497773 0.26606798 0.93959373
v -0.36729213 0.60070133 1.03736245
v 0.16140545 1.64283597 1.36979985
v -0.89310652 0.4080345 -0.64172184
v -0.03884018 1.38850581 1.26946413
v -0.31021985 -0.44671165 0.76741641
v 0.78449344 -0.12937691 0.57341647
v 0.62523913 -1.38210046 0.34713712
v -1.16837573 0.50674313 -0.15317179
v -0.23043295 -0.96204954 1.39411699
v -0.15229339 -0.64842724 -0.98206204
v -0.39185419 -0.95622283 1.20940649
v -0.98960453 1.10096967 1.16037941
v -0.26088824 -0.97498267 1.42989325
v 1.48883175 1.48910725 0.45139014
v 0.41536921 -1.47611963 0.77375161
v 0.54508906 -1.41169321 0.63379287
v 0.53083235 -1.44782233 0.61000335
v -0.14816206 -1.51760709 0.01085816
v 0.19893968 1.90609049 1.22879779
v -1.15157949 0.70044708 -0.60757952
v 0.06978536 0.19009332 -1.39956104
v 1.20698785 0.53339523 0.20621298
v -0.09028006 -0.49496832 1.96433615
v -0.25399899 -0.04760413 -1.24345552
v 0.39400011 -1.0288378 1.06207513
v -0.15616481 -0.16672411 -1.1767435
v 1.15476834 0.95739823 -0.27203115
v 0.68748831 -0.03796623 -1.03612208
v -0.97931611 0.7109695 0.9946016
v -1.46553373 0.97933661 0.26791867
v 0.68231684 -0.15955668 -0.9585331
v -1.33523953 0.75448316 0.18673355
v 0.6861146 0.04277947 0.83384376
v 0.6227203 0.01609601 -1.14993059
v 0.582237 -0.53902846 -0.81584829
v -0.07051383 -1.24061298 1.361956
v -0.15385261 1.83818423 1.31853556
v 0.04579436 -0.06672325 1.26122319
v -0.69760173 0.48867678 -1.41564881
v -0.34850654 -1.46234023 0.85765487
v -1.35817539 0.78446435 0.22004279
v -0.2472715 0.12481123 -1.42023432
v 0.34206479 -0.05021864 1.07430827
v -1.14279472 0.24290871 -0.13675847
v 0.05908534 0.06596157 1.12330806
v 0.6874727 -0.35993245 0.61226421
v -0.27804055 -1.13831508 1.20766842
v 0.1714607 -1.20222961 1.33073353
v 0.08162799 -0.4998309 1.26495862
v 0.22260133 -1.20602154 1.25267994
v -1.30098927 0.69767981 0.49962791
v 0.73007851 0.08607774 0.81174546
v 0.41955724 0.38117182 -1.56504464
v 0.00259089 1.57166039 0.29175594
v -0.63988304 -1.23553669 0.4769079
v -0.74803972 -0.87377673 -0.63416117
v -0.27155879 -0.6317265 1.03947866
v 1.42750537 1.42838394 0.9620946
v -0.43075862 -1.4310261 -0.31658223
v -0.5211035 0.33224839 0.92627209
v -0.67548054 -1.21797895 0.05655672
v 0.18930257 -1.28600788 1.27395916
v 0.50612407 -0.01237225 -1.18316531
v -1.19846391 0.58288323 -0.23779796
v -1.31010091 1.2078551 0.33002641
v 0.38844677 -0.51706206 -0.94313377
v -0.31973514 1.4391874 1.32321941
v 0.85207295 -0.11799684 0.49990379
v 0.50317883 -1.55386722 0.36924091
v -0.98046743 1.80261874 0.90272784
v 0.87275427 0.56130474 0.94152307
v 0.17614997 -0.52811533 1.64779388
v 0.11007816 -1.41426193 -0.25089469
v 0.37408304 1.40550565 1.2589662
v 0.10220992 1.89819848 1.23714923
v 1.11781597 0.25082546 -0.29701525
v -1.17331636 1.03138554 -0.78628945
v -0.65307587 -1.26267552 0.08434917
v -1.19185149 1.69600451 0.90821337
v 0.02324093 -0.02863876 1.22646188
v -0.45276671 -1.55404961 0.49409952
v -0.36049479 -0.4056884 0.75333577
v -1.33457219 1.49924707 0.27850496
v -0.71724796 -0.64620602 0.1407635
v -0.22928679 0.35145241 1.00285112
v 1.26767098 1.7900474 0.68413859
v 0.29921671 -0.78359109 1.11140143
v 0.70171153 -0.50949442 -0.75437635
v -0.90980774 1.73663091 1.18776774
v -0.11257273 -0.62481635 -1.10802793
v -1.15985012 0.71901035 0.69946062
v 0.0423451 -0.25565135 1.90185999
v 1.12284946 1.00034785 0.91278779
v 0.61592918 0.42873475 -1.49319827
v -1.21222388 0.57165312 0.55197984
v 0.54984933 0.42411059 0.98246038
v -0.95706188 0.50370335 -0.80670207
v 1.27208817 0.83779841 -0.33410275
v -1.26095163 0.6120671 0.49747061
v -0.65811675 -1.2961713 0.11023864
v -0.99985176 0.55466622 -0.90270209
v 0.68579441 -0.72431558 0.26109039
v 1.18748784 1.28706359 -0.08137499
v -0.31391561 0.25292727 0.97239685
v -0.27150422 0.26723241 0.98247629
v 0.89345222 0.39350259 -0.6279698
v 1.07478046 0.16228687 -0.33963552
v 0.52435427 2.00592207 1.08979618
v 1.10840773 1.66766846 1.16050016
v -0.73984319 -0.65778619 -0.61478167
v 0.84472411 0.49432897 -1.24626565
v -1.23954343 0.72790902 -0.38047039
v -0.3768174 -0.72796672 1.04636669
v 0.80763185 1.72561538 1.20054519
v -0.64857149 -1.05033135 0.66811394
v 0.42896938 -1.24633419 -0.48189386
v 0.58992749 0.15857146 0.87999987
v 0.28695765 -1.52981042 0.63122212
v -0.95082837 0.02310453 -0.48732072
v 0.42187115 -0.9437288 -0.91604441
v -0.6433556 -1.14576149 0.68854159
v -0.46243715 -1.54608464 0.39844322
v 0.22586287 -0.05606071 1.15788805
v -0.66377198 -0.29460901 0.72174519
v -0.25571164 0.39311885 -1.58496558
v -0.6989848 -0.4171884 0.38675895
v -0.58913797 -1.30646348 -0.37063798
v 0.72410398 -0.73088043 0.06913648
v -1.02559721 0.29639715 0.7433235
v -1.23878514 0.61033016 -0.10120351
v 0.6624313 0.91077631 1.11262798
v 0.23104997 -0.48173439 0.76743996
v 0.15326164 -1.21805596 -0.64589446
v -0.51277411 -1.33025932 0.78453314
v -0.39642232 -1.55516636 0.47211656
v 0.37641784 -1.57897996 0.30359396
v 0.27775806 0.80615508 1.11730504
v -0.35682749 -1.53986954 0.46466383
v -0.65968161 -0.33626002 0.72637903
v -0.56720632 -1.34393346 0.66187638
v 0.32175472 -1.58695685 0.33186379
v -0.01696883 -1.43508827 -0.17822687
v -0.46487641 -1.53561592 -0.05683778
v -1.08696031 0.17372231 0.08060838
v -1.25054109 0.38373157 0.10426362
v -0.71909171 -1.02132666 0.17869217
v -1.2875148 1.68830537 0.72077441
v -1.2957127 0.47516033 0.03222101
v -1.00190246 0.06732951 0.29054042
v 0.64891773 1.63653886 0.43050125
v -0.093048 0.37563219 -1.62567567
v -0.86974382 -0.08021271 -0.4179368
v -0.70982617 -0.98797428 0.39726769
v -0.70697552 1.67995417 0.54413288
v -0.68197745 -1.27906096 0.02236831
v 0.89396184 -0.04667421 0.5192821
v 0.28148764 -0.5007317 0.77965539
v -1.33627486 0.67400455 0.40150901
v 0.80259591 -0.51390552 -0.25029596
v 0.73645389 -0.26939743 -0.66372889
v -0.68584287 -0.99448072 0.34356096
v -0.14028765 -0.81193298 1.26900339
v -0.86839127 -0.12641589 -0.37315183
v -1.08901035 0.28915903 0.4688445
v -0.76167625 -0.54274839 -0.5143997
v 0.27767679 0.29313355 0.9844346
v 0.41222697 -1.06955754 1.19945573
v 0.52027839 1.348356 1.23103833
v -0.0620478 0.56897217 1.05918788
v -0.55397743 -0.66871553 0.77933734
v 0.28689801 -1.56406331 0.22454181
v -0.98799824 0.38912135 -0.79692554
v -0.68241071 -0.72653287 0.52319628
v -0.27840447 -1.37322735 -0.3330048
v 1.03900885 0.46806633 0.75777733
v -0.99851387 0.06899296 0.08791815
v 1.13008606 0.52146029 -0.4691596
v -0.96559524 1.81631028 1.0446012
v 0.66366702 -0.72487378 0.62481099
v -0.51035416 -0.05822746 -1.08685267
v -0.66724157 0.79198879 1.0915147
v 1.25597786 0.73936027 -0.22659285
v -0.73704278 -0.85567021 0.47408962
v 0.09162855 -1.09868419 -0.76196283
v -0.72939455 -0.6158508 -0.53998553
v -0.45537167 -0.50621187 0.72696203
v -0.45501172 -1.01088511 1.12341022
v -1.15436029 0.47964608 -0.5568121
v -0.23210392 -1.58312845 0.45169982
v -0.19657996 -0.08165659 -1.2365247
v 0.34344556 -1.43500089 -0.20199759
v 1.14880275 0.77883368 -0.7022016
v 0.84926933 0.81304329 -0.8470785
v -0.30076557 -0.63124066 -0.94312918
v -0.34623771 -0.93493861 -0.79042071
v -0.04135546 -0.63710695 -1.12567699
v -0.69745743 2.00227809 1.08340799
v -0.71152389 -0.59290731 -0.64201611
v -0.6588481 1.94623887 1.03570294
v -0.40915283 -1.57117128 0.05068155
v 0.59298926 -1.00345742 0.77322214
v -0.54740351 0.05389148 -1.18294954
v 0.00264127 -1.53560471 0.12201125
v -0.55476194 -1.19170415 -0.45560735
v 0.40429434 -0.03875029 0.97601908
v 0.38971224 -0.5933544 1.02124273
v 0.16886569 -1.49772524 -0.04625915
v -0.40406832 -0.35623586 -1.01270461
v 0.86220639 0.41049218 -1.16088998
v -1.23681676 1.25862741 -0.31764903
v 1.35186946 0.64223521 -0.13175813
v -0.66934603 -0.71714335 0.34278523
v -0.72318452 -1.09285867 -0.25363627
v -0.53612154 -1.0582329 0.84549844
v 0.41064304 0.59545689 1.05372893
v 1.20022714 1.15591788 -0.19380827
v 0.83559233 0.79340732 -0.85268342
v 0.33799657 -1.40285182 -0.27962294
v 1.16596829 1.10006809 -0.24084988
v -0.56119209 -0.90483838 -0.70530021
v 0.61853569 -1.31114518 0.4226087
v 0.45123803 0.02527815 0.92320954
v -0.02371496 1.62569654 1.29956269
v 1.27257537 0.82451248 -0.3584418
v 0.19564518 2.01076531 1.0515927
v 0.13376013 2.05598592 1.16470193
v 1.01002407 1.65387034 1.2297821
v 0.49579405 -0.16119054 0.90470659
v 0.94650155 -0.04053404 0.41157695
v -0.4695118 1.44831371 1.30816674
v -1.29368329 0.44142997 0.23688398
v -1.10345029 1.1661123 -0.33712631
v -1.20059287 0.99866461 -0.59071147
v 0.34045106 1.59113037 0.33641868
v 0.88036924 0.94610315 -0.63826662
v 0.34323263 -1.18350052 1.14429426
v 0.71222615 -0.6257494 0.2024656
v -1.07365226 0.86151313 -0.43216764
v -0.89728301 0.10974235 -0.6421206
v 1.40170013 1.07837057 -0.19538998
v -0.38012385 -1.34415304 1.02121365
v -0.27471715 -0.88965475 1.01363217
v -1.16422736 0.26588678 0.30162394
v 0.17160317 -0.39113411 1.19681668
v -0.07096735 0.24780803 1.05278706
v 1.25562369 1.21646738 0.17140734
v -0.71251529 -0.75217908 -0.51358187
v -0.11367306 -0.03306208 1.18883192
v 1.24633085 0.91653919 -0.56610906
v 0.69565045 -0.96032309 0.23857416
v 0.06875062 0.62601894 1.08146965
v -0.72906488 -0.11526501 0.66146004
v 0.26585769 -1.11435544 -0.68989127
v 0.66616827 -0.98914426 0.3351913
v -0.07220552 -0.10038075 1.23245549
v 0.80398428 0.68347317 -1.00853121
v -0.55805921 0.09004668 0.87223613
v -0.19891466 0.12952774 1.0651735
v -0.20232947 -0.81575602 1.08026206
v 0.8601101 0.31282299 -1.05283856
v -0.38394326 -1.37875628 0.96341109
v 0.40901589 -0.06066912 -1.18341279
v 0.25089201 -0.9509198 1.50636398
v 0.52459138 -0.6890949 -0.93975025
v 0.3331485 -0.81668353 1.14416194
v -0.90463215 0.10149022 -0.60470157
v 0.39503836 -0.58362376 -1.05981969
v 0.03837381 0.43955737 1.03468322
v -0.71799063 -1.12809991 -0.07463164
v 0.77826768 -0.0762133 0.62083727
v 1.21703791 0.86393439 -0.6287108
v -0.99174243 0.90818065 1.00623941
v -0.43966069 -0.740731 -0.9616006
v -1.28561306 1.50563609 0.57973384
v -1.19016265 0.77991336 0.58837592
v 0.10097014 0.30738058 1.01174676
v 0.05511067 -0.81810993 1.28837442
v -1.3102777 0.99924868 0.41459268
v -0.29816794 -0.75948858 -0.96122121
v -0.00965008 -0.85613644 1.31013488
v -0.1030816 -1.35560619 -0.40213635
v 1.25103795 0.58089262 0.33943322
v -0.95170652 1.26667416 1.21724522
v 0.81471353 0.64078164 -0.99613428
v -0.1336279 -1.01417195 1.33646047
v 0.48410275 -0.22593176 0.86524283
v -0.23234951 -0.4605872 0.87802016
v -0.59527605 -0.59886592 0.59927618
v 1.10098016 1.83746182 1.08957004
v -1.26750743 1.209131 -0.11231842
v -0.32959178 -0.56281471 0.97065419
v -0.97149395 1.72314453 1.19802069
v -0.24142441 1.35136497 1.28587496
v -0.4604685 1.36423087 1.27062273
v -0.45137637 0.07203591 0.92943018
v 0.65350556 -0.03248367 -0.9244821
v -0.36290657 -0.0250175 1.03200388
v 0.10423613 -0.94538128 1.34428823
v 0.47346562 -0.97350353 0.99604004
v 0.03719296 -1.21133112 1.3608911
v -0.89388471 1.2237147 1.1678729
v 0.77763432 -0.82887285 -0.29661461
v -0.19060346 -1.07909989 1.32855868
v -0.84589338 0.00954035 -0.60460794
v -0.6890642 -1.18331146 -0.2745448
v -0.13549616 1.68793439 1.32551431
v 0.71163743 1.79960095 1.21377909
v -0.54614138 0.90536791 1.15119016
v -0.13045188 2.01496958 1.14654922
v 1.1774919 0.74412995 0.67586237
v -0.10150929 -1.56020486 0.85693025
v -0.40399369 0.95379704 1.17397153
v -0.32347261 -0.55494171 0.99534457
v -0.45552992 1.51349985 1.30335152
v 1.11210107 1.11547851 -0.34226366
v -0.39483693 1.68548977 1.29429376
v 0.38916572 -1.48142421 -0.10331251
v -1.33925724 0.57819169 -0.12214119
v 0.11472209 1.19620883 1.22718095
v -1.30874788 1.02717542 0.59597432
v -1.35543274 0.62689352 -0.16784505
v -0.93812441 1.44060921 1.21919083
v 0.12840819 1.17208218 1.23649382
v -1.39803051 1.1262139 0.34260866
v 0.87098258 -0.07509429 -0.42085501
v 0.05065085 -1.16056215 1.37887561
v 0.05025499 1.28674066 1.28666782
v 0.73529809 1.08872783 -0.40069294
v -0.04637168 1.45379221 1.34534657
v -0.23119241 -0.9858908 1.51869547
v 0.19818496 -1.03096771 -0.86336624
v -0.9611786 0.18492065 -0.54286807
v -0.02039842 1.37256968 1.33847308
v -1.02894914 1.86203765 1.11515402
v 0.65901202 1.71242773 1.24482774
v -0.90859508 0.07365327 -0.51370626
v -0.84607476 -0.40393015 -0.42715603
v -1.26569056 1.31418514 0.80801349
v -0.21148078 -0.51172316 -1.02632641
v -0.68238741 -1.09031498 0.45841792
v 1.19022095 0.81351608 -0.65948081
v -0.85411346 0.73445648 -0.88888698
v 0.34054845 -0.52218955 1.08306241
v -1.32446837 1.71392989 0.74278402
v -0.35467255 -0.0699131 -1.2096976
v 0.08180329 -0.64912575 -0.98536616
v 0.69474083 -1.12904095 -0.10951317
v 0.66075289 -1.41617226 0.12647248
v -0.27674201 -1.57087624 0.10882351
v -0.2038763 -0.21333485 -1.18972647
v 0.75438356 1.6762247 0.55222976
v -0.05565743 -1.19174134 -0.62758278
v -0.21997734 -0.88513684 0.91719454
v -0.23885972 -0.76552301 0.92670232
v -1.24568033 1.02072453 0.71308273
v -0.24957536 -0.81169503 0.86288839
v -0.85682642 0.78383445 -0.83994412
v -0.48522403 -0.923765 0.97115635
v 0.61831826 -0.51734775 -0.77830469
v -0.14717359 -1.60341179 0.36243388
v 0.09472302 0.97910487 1.22364437
v -0.8573777 -0.28874814 -0.61937117
v -0.16938251 -1.62919533 0.47855791
v -1.01063883 0.27104517 -0.55499392
v 0.25450244 2.04545402 1.10684883
v -0.79998612 -0.41639074 0.02085241
v -0.80770301 -0.39666929 -0.62585526
v 0.48999828 -1.24368858 -0.42686843
v 1.35684967 0.8057571 0.0396954
v 0.6892386 1.9566909 1.15764808
v -1.46134614 1.55206084 0.42148619
v -0.0579047 0.04343615 1.10624241
v -0.64655262 0.38738715 -1.22589528
v -0.94100189 0.44974687 0.91762358
v -1.18737149 0.3253313 0.43230864
v 0.61930459 0.45317429 0.9459694
v -1.32940948 1.06290614 0.59670031
v -0.70786678 -0.83355426 0.60417795
v -0.95278197 0.33385533 -0.81424993
v 0.2445023 -0.78208529 1.59028744
v 0.67313957 1.76424431 1.18760848
v -0.26822188 -1.37916052 1.14534354
v -1.07759487 0.12176017 -0.01926157
v 0.89834433 -0.27631843 -0.4268516
v -0.5946421 -0.50786852 0.60593462
v -1.18921196 1.36434984 -0.09499927
v 0.49689462 -1.08886265 1.08510708
v -0.38852956 -1.24729549 -0.47202441
v 0.50014811 -1.08078515 1.03958785
v -0.25330624 -0.83463418 0.91955202
v -1.00061821 1.58574986 1.21933114
v 0.00256804 1.31714665 1.29906082
v -1.44192123 1.22020542 0.37311136
v 0.98958277 0.49908193 0.84685397
v 0.53732442 -1.34907198 -0.31108424
v -0.5928294 -1.42543673 -0.25361415
v -1.07296168 1.54144668 0.29085889
v 0.4796729 0.42406061 -1.51320195
v 0.71514183 0.6968311 1.00266528
v -0.19472724 0.34642583 1.02984595
v 1.34499812 0.79470908 0.07415564
v 0.16765599 -1.11012756 1.33078146
v -0.39818549 0.64301294 -1.04579699
v -1.26010191 0.39436271 0.15801405
v 1.15761387 0.6052894 0.60671138
v 0.27051439 -0.91249215 1.10964226
v -0.62094694 1.92682921 1.22927367
v 0.25656542 -1.34272182 -0.40410512
v -0.26655209 -1.41208565 1.07574224
v 0.63715857 -0.69347941 0.42438736
v -1.06614995 1.85612273 1.09525585
v 0.86562854 -0.36646574 -0.43078777
v 1.38940715 1.34472882 1.00354576
v -0.62506371 1.54664838 1.22949779
v 1.36455977 1.37118518 1.04605114
v -0.29364723 -0.80779051 0.95298171
v -0.70777291 -1.00259864 0.51460319
v 0.65925651 1.92431402 1.0053879
v -0.98426747 1.56143367 1.23161625
v -0.21114997 0.92563164 1.14464891
v -0.16564805 0.25050512 1.03732919
v -1.13634979 0.42704835 -0.13049054
v 1.28677129 1.47438204 0.63847714
v -0.78375411 -0.80722099 -0.18649317
v 0.65332174 -0.33183497 0.7313103
v -0.10808046 -1.16414737 -0.63239055
v 0.07595943 -0.45296129 1.96989369
v 1.18776965 0.95081293 -0.74356895
v -0.06280963 -1.56186151 0.27316951
v -0.37509933 -0.82513135 -0.90479111
v 1.17794275 0.89860236 -0.24452577
v -0.13773906 0.36169764 -1.54426646
v -0.71172028 -0.80384922 0.25967252
v 0.64592063 -0.36750879 0.71116304
v 0.08273688 1.37389779 1.31781649
v 0.38233408 -0.85826021 0.82695722
v 0.29315194 -0.79926705 1.20663106
v 0.17959779 -1.48550033 0.84719115
v -0.78234815 -0.68915945 -0.28828328
v -0.9495396 0.29061427 -0.79188984
v -0.15102693 0.43517279 1.03987979
v 1.08092534 0.85620272 -0.40763643
v -0.67316126 0.31266769 -1.36783349
v 0.30296281 -1.01905381 -0.76368922
v -0.15077969 0.52575635 1.04120826
v 1.49618089 1.49281406 0.33057245
v -0.02945967 0.11883932 -1.48750233
v 0.28322035 1.08817076 1.20500373
v -0.6463533 -0.8297832 -0.66252088
v 1.18140912 0.75429374 -0.60485273
v -0.30557167 1.27038061 1.2657566
v 0.61664515 -0.62645888 0.64335125
v -0.11339224 -1.04838562 -0.73973304
v 0.31830197 0.40101513 -1.51287269
v -0.10208522 -0.83634203 -0.95657342
v -0.79093372 1.1717236 1.15685987
v -1.42984402 1.19303953 0.45904943
v 0.04132677 -0.0035647 -1.36143815
v 0.58197826 -1.32231533 0.61329054
v 0.37278026 1.28411889 1.23904895
v -0.50133121 -1.08413934 1.03233361
v 0.81746953 -0.01995877 0.64793068
v 1.162835 0.28032901 0.37513282
v -0.35752025 -0.79201293 -0.92298013
v 0.35768613 1.3010329 1.23266136
v 0.65903914 -0.55109721 -0.77738183
v 0.61194098 -1.34647131 0.49471983
v 0.43692025 -0.91021728 -0.90932172
v 0.70564591 -0.83549207 0.35563591
v 1.11680066 0.27675178 -0.48745575
v 0.08153479 -1.56456482 0.47782123
v -0.2594383 0.40574461 -1.43355703
v -0.08039639 -0.79047983 -0.99733156
v 1.17218387 0.57208651 -0.06263557
v -0.57193142 1.76734566 1.24462842
v 0.23671177 -1.5345714 0.66918152
v 0.37456643 -0.94421857 -0.79186159
v 0.444541 -0.97890597 1.03508865
v 0.00259089 -0.02825572 -1.30050313
v -0.69996047 -0.59927952 -0.7606526
v 0.65560925 0.45356562 0.94341677
v 0.69528734 -1.18720901 -0.03349636
v -0.73695516 -0.41568002 0.30305683
v 0.48600724 0.55593079 1.01822602
v 0.75674665 -0.7958709 -0.15137462
v 0.29356291 0.32971963 -1.59112763
v 1.22421169 0.69147783 -0.38744816
v -0.61472719 -0.20888529 -0.99818432
v 1.10357987 1.53228759 1.18829727
v -1.16436922 1.07885789 0.90314382
v -0.47150975 -1.47406268 0.73767399
v -0.01679533 -0.59177553 1.05674421
v -0.85906785 0.61696672 -1.26184201
v -0.45600751 -1.43387818 0.81810033
v -0.74019867 -0.93464291 -0.05125322
v 1.37530744 1.05512344 0.35372826
v -1.26869845 0.89040976 -0.23180337
v 1.29276764 0.75403994 -0.05393865
v 0.25478017 -0.67603153 1.1265434
v -0.78016811 -0.34159109 0.28102397
v 0.5061565 0.11144869 0.914402
v 0.36757165 -0.59624552 -0.92896217
v -1.00337672 1.00497162 1.11724591
v -0.62568783 -1.36060881 0.35058528
v -0.70090532 -0.30448994 0.58350604
v 1.39862728 1.10023939 0.53645867
v 1.0250318 0.36013022 -0.59802728
v 0.41246235 -0.99865734 -0.83555519
v -0.37297105 -1.52320838 0.65815258
v 1.35966348 1.05387997 0.65270143
v 1.13724446 0.78745222 0.85880595
v 0.11762777 1.42135202 1.3313651
v 0.039379 -0.5896331 1.05494368
v 1.36709594 1.05285537 0.59917628
v -1.112131 0.77507406 -0.2719351
v -1.19264924 1.59193885 0.99099797
v 0.45793235 -0.36180323 0.76433938
v 0.77434986 -0.78415477 -0.24728502
v 0.47992277 1.05602884 1.20709204
v -0.83397597 -0.40459519 -0.53177827
v -0.26485896 -1.21221184 -0.56844705
v 1.36504697 1.11855125 0.2655127
v -0.58522296 -1.04890465 -0.62441641
v 1.08089125 0.12474925 -0.03047264
v 1.22453486 0.7753371 0.49361878
v -1.1284914 0.65182936 -0.13287445
v -0.17718917 -1.36075031 -0.38421514
v 0.87217795 0.19415175 0.78460466
v 1.25573051 0.36873835 0.06628366
v -0.12121731 0.53515678 1.07780051
v -1.11519992 0.6786229 -0.14743606
v -0.2989422 -0.54588377 0.90257728
v 1.20016741 0.31025165 0.0751791
v 0.73281699 0.38522985 -1.08868241
v 0.24205492 -0.77312243 0.89110815
v 1.14875268 0.25436875 -0.14866279
v -0.76633411 -0.36699977 0.33414727
v 1.44125449 1.17912507 -0.20417359
v 0.51594662 1.41921544 1.25508034
v -0.74303221 -0.35852059 0.42324942
v 0.1624117 1.65223026 1.25762653
v -1.47675514 0.95717281 0.23949211
v -0.57888299 -1.46036922 0.41460123
v -1.41173338 1.61179876 0.25252699
v -0.58268219 -1.38916754 0.57452899
v -1.24100291 0.82028341 0.56627446
v -0.3541226 -0.14537821 0.98644775
v -0.36613157 -0.16586689 0.9557414
v 1.3923366 1.12969374 0.2684026
v 0.23564539 -1.47634565 -0.1853058
v 0.22059792 -1.56848108 0.28049895
v -0.53294217 -0.20966528 -1.06453418
v 0.23831641 -0.81797808 0.85452789
v 0.88409304 1.85068333 1.03105115
v 0.94601267 1.43629908 1.26557493
v -0.03682787 0.21876129 -1.41521441
v 1.39673459 1.7154448 0.67330026
v -0.26040643 -1.59591829 0.2378544
v 0.20181749 -1.00046372 1.06027424
v -1.14877569 1.53660249 0.25246655
v 0.18311126 -1.54359853 0.3586075
v 0.54315161 -0.0451534 -1.10067999
v 1.37734925 1.569821 0.93982976
v 0.2877711 0.1607957 -1.45232117
v 0.70129978 -0.35570907 -0.88116228
v 0.04750158 -0.50888723 1.31371891
v 1.45242631 1.23769509 -0.19624279
v 0.73250985 -0.45920735 -0.76611626
v -0.60758847 -1.33149564 0.54909879
v -0.72350406 -0.81259208 0.04369858
v 0.29076367 -0.9069181 1.46023392
v -0.83622038 0.68387401 -0.95498037
v -0.78831243 -0.62554127 -0.11141859
v 1.18815636 1.6967951 0.91084742
v 0.54885643 0.05597419 -1.18720054
v 0.7832781 1.93520009 1.059955
v 1.13728714 1.72869861 1.00475478
v 0.98268997 0.81627261 0.96925431
v 0.28266143 -1.16001069 -0.63917088
v -0.28652593 -1.03497016 0.92806321
v -0.9422391 -0.05142527 0.41945868
v 0.18214505 -0.14462104 1.2229278
v -0.37361437 0.00395594 -1.22950685
v 0.35298985 -0.73616421 1.03735458
v -0.75736624 0.23894465 0.85726517
v 0.64761859 -1.29858267 0.09311156
v 0.75790458 -0.93711477 -0.18492078
v 0.25625079 0.105485 1.03415
v -0.87683153 0.34574022 -1.04531931
v 0.05327034 -0.28224846 1.40218257
v 0.43843889 -1.47849047 -0.12144848
v -0.84440368 0.68541342 -0.90769487
v -1.2407993 1.29240107 0.93504953
v 0.38137486 -1.53186082 0.59282422
v -1.18113529 1.22084605 0.99795341
v 0.26838594 -0.8970524 -0.90545994
v -0.57717239 0.4452402 -1.51844692
v -0.35940995 0.71409142 1.08312559
v -0.2813234 -0.62147688 -0.99751186
v -0.31975069 0.6429817 1.067384
v -0.27306303 -0.11527682 -1.17692148
v -0.24401582 1.97234141 1.23476398
v -1.21631598 1.21127367 0.90973556
v -0.08607047 -1.05293238 1.36853539
v -0.89770758 0.46600413 -1.14089798
v 0.54473596 -0.2247827 0.83443719
v 0.67805063 -0.60984569 -0.80280292
v -1.01192784 1.03807425 -0.47118657
v -1.10540652 0.54440248 0.71921366
v 0.26484367 -0.44287139 0.76222032
v -0.30097788 0.6967591 1.07880973
v -1.12603926 1.17301154 -0.27013954
v 0.22856187 0.51464527 1.03817129
v 0.19292429 -1.05455625 -0.74612844
v 0.21131596 -0.91061312 1.00755322
v 0.47877821 2.02562594 1.12029063
v -0.18765711 2.0108428 1.18273985
v -0.07215987 -0.22793182 1.3528105
v 0.49973478 -0.97299969 -0.70696473
v 0.20279401 2.04705262 1.12503206
v -0.2584486 0.33577528 -1.5708388
v 0.4670498 -0.92011416 -0.8133468
v 0.07820926 -1.54048335 0.80920732
v -0.25402712 -1.27016675 1.22791481
v 1.02319574 0.62142437 -0.76304841
v 0.21001696 -0.671229 1.68234229
v -0.81876796 -0.12547086 0.53409755
v -1.20055437 1.08093738 -0.14314046
v -0.7588377 -0.64430779 -0.4152061
v 1.05062031 0.85404294 -0.81473434
v 1.31790542 1.43868744 0.83114373
v 0.4211848 -1.51746141 -0.02337946
v -0.21262465 -1.42386961 -0.26365196
v 0.76750183 -0.69391727 -0.2046076
v -0.72581553 -0.21647056 -0.81357801
v 0.64950901 -0.98362714 -0.65095716
v 0.42014768 -1.55198991 0.06929159
v 0.2140167 -0.90343928 -0.90353661
v 0.24101159 -0.92607605 1.05952048
v 1.32674181 0.50181984 0.18143838
v 0.71574181 0.72812706 1.01893031
v 0.69192183 -0.84165203 -0.75341594
v 0.20043379 -0.91026735 -0.88046735
v 0.63065832 -1.12036752 0.46694248
v 1.26358854 0.40204626 0.17030346
v -1.16712462 1.67361986 0.71774584
v -1.11935651 0.96572202 -0.81960851
v 0.83397191 -0.40706017 -0.52277934
v 1.12461626 1.61755478 0.56191647
v -0.72512286 -0.19562476 0.57826054
v -0.71275913 -0.22254976 -0.85294038
v 0.74991869 -0.9419744 0.46186137
v 1.1076163 1.02786314 -0.37350136
v 0.40963667 -1.42738354 0.8964113
v 0.26434114 -0.87741226 1.05283117
v -1.3792566 0.68182885 -0.05405217
v -0.86471962 0.645837 -0.88797181
v 1.26403737 1.09145593 0.05418242
v 0.14380894 -1.30517447 1.31300365
v 1.17448985 1.01485407 -0.24777214
v 0.21097832 -1.0486871 1.30431962
v -0.35026338 0.31250941 0.9641121
v -1.078552 0.45582991 0.68873357
v 0.82623863 0.54232627 -1.13648426
v 0.59722054 -1.24083352 0.58649212
v 0.07853315 1.85589575 1.25612855
v -0.19466823 -1.47710526 -0.17133092
v 0.38565138 -0.3107039 0.83065319
v 1.49617362 1.69168698 0.93747472
v 0.22460107 -0.85412788 1.02705597
v 0.81272947 1.9680581 1.07879805
v 1.36008179 1.51382923 0.74309396
v -0.29987502 1.07556426 1.20541644
v 1.15707314 0.72647923 0.73932886
v -0.7305848 -0.92884677 -0.40093502
v -0.26129022 -0.52835482 1.2307502
v -1.12702465 0.60761368 0.64265734
v 0.27456903 -0.02237891 -1.2793039
v -0.15821726 -1.13797426 1.34971761
v -0.17006866 2.05285692 1.21485078
v -1.31370747 0.83635872 0.34544065
v 1.0102458 1.16850829 1.10644197
v 0.23034809 -0.88911747 1.0022943
v 0.75807344 -0.91858065 -0.45261076
v 0.24772501 -0.92336773 1.0324018
v 0.37486529 -0.40388974 -0.9923321
v -0.49958831 -0.21661432 0.86675274
v 1.33453416 1.47972762 0.83828949
v 0.99553173 0.05115566 0.25903368
v 1.21153938 0.98881024 -0.17381106
v -0.76582026 0.92338609 1.10408616
v -0.6126486 -1.46122765 0.08689823
v -1.37862813 1.60414695 0.79961895
v 0.58424842 -0.48383334 -0.9466204
v -0.18213255 -0.24820075 1.30026173
v -0.22903265 -0.52845096 1.26507937
v -0.81253618 1.04185175 1.15600466
v -0.55775684 -1.497738 0.11209648
v -0.05863872 -0.28519898 1.90698123
v -0.19682134 -0.95234149 1.05989468
v -0.23856505 2.0344069 1.23858261
v -0.37561109 0.38520818 0.95709705
v 0.69237232 -0.39533183 0.45764595
v 0.05167391 -0.75680846 -0.93583214
v 0.59614062 -0.21869577 -1.01480782
v -0.76808697 0.29439458 0.87389123
v 0.98522228 0.03867339 -0.40878224
v 0.78463041 1.39804494 0.0407229
v -0.9114809 1.21363401 1.17380023
v 1.16013622 0.68304777 0.68100118
v -0.01983995 -1.2420963 1.3400166
v -0.26974576 -0.48052886 0.77754586
v -0.10238038 2.00381445 1.04473674
v 0.96905303 0.30514806 0.76776987
v -0.66219872 -0.39520537 -0.78525674
v -0.85299497 0.18098028 -0.87609916
v -0.81331634 1.39415001 1.21131718
v 1.45518267 1.45046734 0.27565315
v 0.65859103 -1.1937375 0.22479081
v -0.12228313 -1.3251928 1.28056669
v 0.69407528 -1.17121005 0.19908228
v -0.24768216 -0.71978902 -0.99436968
v 0.87175464 -0.21168741 -0.67254918
v 0.16467182 -1.48888659 0.94001817
v 1.33119869 1.44189083 0.84792661
v 1.19517421 1.01840961 -0.22846864
v -0.17149244 -0.75614172 -0.99068301
v -1.053254 0.64743316 0.82280504
v 0.353325 -0.73732662 0.92690342
v 0.74303418 -0.40442526 0.25418654
v 0.7076348 0.15560011 -1.07014882
v -0.70859348 -1.24318707 -0.17573978
v 0.24088832 0.67404055 -0.98265868
v -0.61247843 -0.85219502 -0.6901744
v -0.21384148 -1.24772667 1.27859926
v -0.66369342 0.94530552 1.10383057
v 0.67237085 0.19738835 -1.22960794
v 0.93372446 -0.14351804 -0.09164691
v 1.44577598 1.22246265 -0.06270539
v -0.50614237 1.26864576 1.29021763
v -0.85889476 -0.23438921 -0.22967933
v 0.19892545 0.58126938 1.04768788
v -0.91563183 -0.13376727 -0.11677327
v -0.18033453 0.11149865 -1.44090068
v -0.09848643 0.08450517 -1.45088756
v 0.39579859 -0.37728259 -1.00234293
v -0.20764972 -0.6951816 -1.00398433
v -0.26037854 -1.51167488 0.67707461
v 0.60944879 -1.45369577 0.3419356
v -0.74478977 -0.45148366 0.13932573
v 0.16459305 0.6500228 1.07943141
v 0.41794362 -0.48393487 -0.9409399
v -0.06418925 0.08712475 -1.44719255
v -0.15107603 0.77318745 1.10348665
v -0.37801882 0.46266874 -1.37060487
v 0.38322511 0.46264061 -1.37059485
v 0.54458683 1.54030311 1.24496018
v 0.85311174 1.00273788 1.10879576
v 0.68546086 1.73038482 1.17471468
v 0.69929677 -0.89684712 0.24315381
v -1.27000081 1.07885944 0.26271015
v 1.17968189 1.06294405 0.85312247
v 1.00373041 0.04250468 -0.20413504
v 0.92544883 0.57973104 -1.14351642
v -0.34895256 -0.35107901 -1.05240047
v 0.17432874 -0.58961063 0.99476653
v -0.83469402 0.58660942 -0.92571491
v 0.84623432 -0.07688456 -0.55631804
v 0.18594929 -0.07779299 1.17159867
v 1.38520503 0.63698113 0.06550129
v 0.76281696 -0.5677796 0.04930673
v -0.77521342 -0.63874894 -0.12409865
v -1.22575163 0.47936463 0.25906217
v 0.57690936 0.3558194 0.91721916
v 0.43094679 -1.169474 0.96648138
v -0.75696569 0.656102 0.98935997
v 1.47154247 1.25856983 0.40425062
v 0.91175741 -0.05366533 -0.42653134
v -0.79546386 0.73257559 1.0470668
v 0.98786157 0.11211781 -0.54981827
v 0.64379859 1.67045891 1.21430695
v 0.06646923 -1.0342226 1.67230594
v -0.18782891 -0.65772831 1.85357618
v 0.32711589 -1.58189094 0.22552827
v -0.79216611 1.50882637 0.2315272
v 1.01044845 0.50101798 -0.79626137
v -0.73703306 -0.67162847 -0.47569358
v 0.93614822 1.11873638 1.13428199
v 0.5680437 -0.61304396 0.71763169
v 0.23273873 1.56810283 1.34811937
v 1.03198814 1.76351022 1.17161893
v 0.90315908 1.30347287 1.23098933
v 0.7947188 0.0321897 -0.82772052
v -0.20323978 -0.67681986 1.09452021
v 0.46578869 -0.76698386 0.87123179
v 0.81924384 -0.04236984 -0.63357889
v -0.57044231 -0.49094387 0.69228482
v -0.70792603 -0.51018142 0.26581192
v -0.99676895 0.94300043 -0.54412233
v 1.21923816 0.70559877 -0.37223947
v -0.73630201 -0.65434819 -0.52173805
v -0.63918274 -0.16312603 -1.01133906
v 0.74746084 -0.72841924 0.00414373
v -0.22258313 -0.73816275 1.7454878
v -0.83443373 -0.08116939 0.5757907
v 0.63572746 -0.16386057 -1.0147351
v 0.93846488 0.45300599 -1.02682721
v -0.25792327 -0.67035651 1.11948025
v 0.98987925 1.78175592 1.07105052
v -0.85416942 1.72561407 1.14035594
v 0.95864874 0.55609834 -1.04656803
v 0.44150796 -1.22010874 0.91366601
v -0.66616451 0.75013136 1.03662335
v -0.66062533 -0.96896833 0.69641077
v 0.48697421 -1.20204365 0.87018537
v -0.38678941 -0.53814721 -1.06409823
v 1.28659486 0.96368539 0.73823928
v 0.65865492 1.18337845 1.20679593
v -0.54734271 -0.39531442 0.74340868
v 0.77063608 1.90055763 0.99688923
v 0.74909025 -0.96128082 -0.21996925
v 0.3433921 2.0580101 1.21797096
v 0.4891999 -0.87284255 0.96797782
v -0.22156226 -1.55093276 0.69651889
v -1.27796769 1.10823643 0.24264226
v -0.43578285 0.66236162 1.07611382
v -1.35801553 0.99651747 0.20741318
v -0.73726022 1.99659371 1.12550711
v 0.84350746 1.36030399 1.26722621
v -1.461447 1.18502831 -0.06201486
v -0.26502537 -0.83976292 1.25952923
v -0.47995829 0.54137426 -1.24297285
v -0.96144604 1.02144777 -0.51093971
v -0.38158395 -0.77109813 1.12324774
v -1.23544538 1.34429228 -0.14486381
v -1.28691327 1.02167093 0.14088265
v -0.51106309 1.24226164 1.23618006
v -0.2573474 -0.38450887 0.87221097
v -0.23547549 -0.84843885 1.26847481
v -1.26433622 1.01731407 0.1436721
v 0.69998258 -0.80720448 -0.7496348
v -1.15160715 1.27003145 1.0493859
v 0.65128278 -0.83620899 -0.65431112
v 1.2096827 1.36983561 0.07046241
v 0.33199164 1.96658515 1.16428232
v 1.45248901 1.49872517 0.98385763
v -0.0882928 -1.60849738 0.75246119
v -0.48881906 0.05548626 0.89345622
v -0.36950567 -0.60710012 1.03944122
v 0.52567094 -1.44415128 -0.17377097
v 0.23594147 -0.72456991 -1.04162955
v -0.78589606 -0.56443905 -0.16922105
v 0.56066072 -1.49070513 0.03543609
v 0.07968 -0.95855784 -0.85928601
v 0.61036181 0.29202213 -1.40089619
v 0.22270607 -0.2232743 -1.11694562
v 0.30052283 -0.74647647 1.18194043
v 1.49066937 1.56144011 0.97328007
v 1.06003677 0.37750142 0.6995126
v 1.32182025 1.33751726 0.55413448
v -0.99310112 0.14081956 -0.56793755
v 1.45037388 1.42783975 0.54879158
v -0.81930202 -0.03861453 -0.64042294
v -0.67691111 0.94914251 -0.63322043
v 0.23293182 1.55204474 1.33489108
v -0.23750428 0.65675294 1.09983158
v 1.0572437 1.19518756 1.09572112
v 0.46955657 1.2081784 -0.21455469
v -0.03221944 -0.72103041 1.1787101
v -1.24702334 1.05090224 -0.10852824
v -0.21818158 -1.58939099 0.38698369
v 1.06195271 1.25840592 1.1150192
v -0.78202503 -0.06728909 0.62002402
v -0.71752476 -0.93176007 0.5728212
v 0.24506036 -1.05967843 -0.72671723
v -0.27571544 1.61311256 1.32717537
v -0.97834795 0.85323482 -0.61938333
v -0.69507074 -1.28727638 -0.10346554
v -0.98596388 0.8934856 -0.59057647
v 0.3963271 -1.43903946 -0.20723782
v -0.50435209 -1.49579644 -0.19996982
v 1.26989197 1.296489 0.32849764
v 0.94362384 0.51479464 -1.02911353
v 0.04991545 -1.57472491 0.36779195
v -1.26569712 1.09890711 0.01398049
v 0.72070205 -0.65980947 -0.53021413
v -1.22057306 1.33295929 -0.16312326
v 0.61345315 -0.45169231 0.66267013
v -1.24717044 1.3383485 0.13240836
v 0.3785015 -1.05601799 0.99289196
v -0.53887462 -0.57472544 -0.87264114
v 1.18827629 1.1275084 1.03133344
v -0.67490893 0.55633938 1.00742662
v 1.4751172 1.56995832 0.98517936
v 1.22135651 1.2804023 1.10925722
v 0.49360984 0.05314876 0.90090531
v -0.7510901 -0.88107007 0.4918074
v 0.33224389 -0.67411524 1.09264266
v 0.94895947 0.19113619 -0.57053738
v 0.95813614 0.27124974 -0.71909576
v 0.00838942 -0.19402079 1.36240637
v -0.76760119 -0.06453409 -0.7516371
v 0.56661301 -0.49197471 0.68982201
v 1.29520976 1.36880683 0.82885313
v 1.03688931 1.84581792 1.03012013
v 0.6706494 -0.84624528 -0.6377049
v 1.14823186 0.31024399 -0.18483983
v -0.57477891 1.03208923 1.19565236
v -0.08435378 -0.49221935 1.76029896
v 0.27474582 1.01329004 -0.49824842
v -0.25878164 1.02568936 -0.48013639
v -0.97520232 0.50159621 -0.69955283
v 0.58492183 0.51479578 -1.41887557
v -0.3221333 -1.57080161 0.12629102
v -0.47715488 -1.29733657 0.85955846
v -0.08248832 -0.63994181 1.061154
v -0.41069138 -0.93504691 0.83852917
v 0.36515614 -0.44871786 0.71901392
v 1.15926718 0.79537946 -0.16506435
v -0.48530554 -0.10725276 0.93580311
v -0.70147895 0.72794425 1.03480076
v 1.19640409 1.25391781 1.11196756
v -1.18348538 0.86858767 -0.70512509
v 1.04940927 0.29378122 -0.20564445
v -0.41984 -0.2333554 -1.03715336
v -0.9155907 0.58251905 -0.68940526
v -0.40659117 -0.18530158 -1.05478203
v 0.00259089 0.74847316 -0.86024123
v 0.26054284 -0.52269029 1.24314916
v -0.6907286 -1.29204273 -0.03902008
v -0.08281455 -0.59591126 1.02296578
v 0.98682904 0.00247668 -0.19733838
v 1.03026831 0.30158096 0.67799204
v 1.01710426 1.86615324 0.99102145
v 0.84581214 0.00984783 -0.60749423
v 0.03192589 -1.44598376 1.0913788
v -0.52638053 1.4705373 1.3136456
v 1.11084651 1.53614437 1.16929781
v -0.44364926 -0.07711321 0.95088577
v 0.67269492 0.49397292 -1.2244091
v 1.15524828 1.25298655 1.1246854
v 1.04581975 0.31294119 -0.23105722
v 0.73142713 -0.61257404 -0.54723197
v 1.26359069 1.28825354 0.83482062
v 1.06976974 0.36579185 -0.28459584
v -0.17982521 -0.94450277 0.89027208
v 1.40721344 1.3441528 0.92546004
v -1.05230605 0.91844338 -0.51468241
v -0.7175017 -1.23732233 -0.08951932
v 0.22322952 1.63133537 1.35112309
v -0.1263127 -0.5181142 0.97160273
v -1.0803889 0.42383322 -0.62337607
v 0.34900218 -0.60474008 1.03837728
v 0.92152357 0.15298044 -0.64059639
v -0.52355736 -1.50824773 -0.12133884
v 1.09202206 0.95930391 -0.62499529
v -0.40071022 -1.44109857 0.87626034
v -0.3631078 -0.90642732 0.80705243
v 0.53563725 0.69916296 1.04182255
v 0.92583829 0.71970069 -0.70940357
v -1.13358438 1.57494747 0.47391173
v -0.72303712 -1.16894638 -0.18600243
v 0.91032916 0.56470739 -0.69179588
v -0.09766023 2.00756979 1.21704363
v -1.27359759 1.55302536 0.28878557
v 0.66494375 -0.71300154 0.67473024
v 1.19061076 0.95271986 -0.18980945
v -0.66527593 -1.38000297 -0.08537888
v -1.01670706 1.34943234 1.20048594
v 0.96713852 0.25439861 -0.64136427
v 0.35192188 2.0295515 1.08713018
v 0.47730281 -0.39953041 0.752837
v -0.75638312 -0.9811117 -0.36433193
v -0.8029505 -0.45605152 -0.03671813
v -0.63080686 1.53743672 1.30994546
v 1.16330647 0.53282594 -0.29402181
v 1.07149672 0.18454168 -0.33935368
v 1.14406919 0.98214608 -0.32277593
v 0.42136329 -1.55685663 0.31806585
v 0.30921372 -0.47939181 0.78792172
v -0.59256589 0.71032768 1.03079307
v 0.40784296 0.05636486 0.96419036
v -0.84650933 -0.03235554 -0.61077988
v -0.58122193 -0.32498076 -0.94178497
v -0.71550679 0.33079129 -1.11815929
v 0.76743042 -0.45950388 0.02338204
v 0.89794826 0.46453759 -0.76633721
v 0.52307599 -1.08755183 0.97492164
v 0.98974126 0.51808804 -0.8239032
v 0.08975097 0.80950027 -0.77229058
v -0.08016931 0.80975121 -0.77188122
v 0.3694466 -0.94721311 1.17431938
v -0.2451483 -1.01697289 1.0239979
v 0.03107686 -1.57204031 0.44585773
v 0.00209832 -1.45786547 1.06743884
v -0.83925235 -0.13861648 -0.77731615
v 0.48101466 -0.07501395 -1.17866587
v 0.46527007 -0.16392809 -1.12823283
v 0.71644461 -0.32872557 -0.77923041
v -0.71404761 -1.18714404 -0.0826183
v 0.0654018 -1.35357999 -0.37403175
v -0.41326972 -0.77940928 0.87370938
v -0.12620966 -0.63044875 -0.98414421
v -0.71666789 0.21068508 -1.13646757
v -0.48884448 -0.77645611 0.8464424
v -0.71060997 -1.06836485 -0.3151645
v -0.77565681 -0.53724914 0.00577631
v -0.81720292 -0.38099497 -0.65737694
v -0.08821271 -1.59431731 0.48348879
v 1.39125645 0.9382618 0.33551776
v 0.90158551 -0.13688635 -0.60723418
v -0.37753927 -0.58850699 -1.06692707
v 0.04372858 -0.63568449 1.08544993
v -0.75951439 0.56154936 -1.10400128
v 0.27854478 0.47954684 -1.6548419
v -0.26312041 -1.33980166 1.157696
v 0.14232872 -1.32459366 -0.45111906
v -1.4835205 1.1781001 -0.28939178
v -0.64253002 -1.38468956 -0.10359663
v -1.37330675 0.98884612 0.4115853
v -1.4362142 1.29506564 0.54765731
v -0.71637421 -1.05976963 -0.26205557
v 1.38727235 1.32143843 0.91153508
v -0.18104048 0.00714722 1.13955438
v 0.19590216 -1.1110264 -0.80154699
v -0.28269165 -0.97228395 1.05305349
v -1.06948316 0.65132659 0.89693069
v 0.00263224 -1.01585471 -0.75969964
v -0.51890736 -1.10626685 0.82822412
v -1.17090082 1.40704655 0.10864629
v 0.13425935 -1.05297017 -0.73124241
v -0.38333457 0.52026349 1.00584125
v 0.38234788 2.06916737 1.19539201
v 0.66294854 -1.18707811 0.38854211
v -1.45295596 1.38754153 0.48851817
v -0.78193199 -0.62981736 -0.25749245
v -1.27604532 0.82306349 -0.32384473
v -1.29402005 1.535236 0.7078402
v 0.37539178 1.90230107 1.29515361
v -1.23196291 0.94413554 -0.48679438
v 0.35519662 1.85214591 1.31065344
v 1.10135519 0.82636839 -0.35409563
v 1.11066615 1.39198374 1.12972486
v 0.65664386 0.53519165 -1.46864724
v -0.50041914 -0.46243575 -0.90446561
v -0.2265536 -0.07697661 1.188573
v 0.20129454 1.76647436 1.22886312
v -1.21739077 1.34109962 -0.11296172
v 1.03862178 0.26992228 -0.16735363
v -0.6486426 -0.67630958 0.66167408
v -0.99694049 0.21457842 0.65420293
v 0.1667505 0.35036021 -1.45585012
v -0.12426718 -1.61586511 0.47116065
v -0.9702512 0.99531596 1.13363909
v -0.51270806 2.00860405 1.15597772
v 0.23855452 -1.00813889 1.40796923
v -0.79425144 0.56671094 -1.04007124
v -0.24301749 -0.87658274 0.91797262
v 0.09284459 -0.49586319 1.75762522
v -0.181381 -0.46090096 0.91267377
v 0.93683296 1.11784362 1.12319898
v 1.07207441 1.59904754 1.21112442
v 1.36093473 0.85267293 0.42982083
v 1.39518213 0.66934859 -0.16440071
v 0.27362275 0.9039219 1.14349186
v -0.37295317 1.69565498 1.23069608
v 0.25481927 -1.28324043 1.20495259
v 0.16999393 -0.35416704 1.06532788
v -1.25129258 0.85442596 -0.362282
v -0.78524029 0.59029954 1.0171231
v 0.56757134 -0.87553477 0.86021572
v 0.16194799 -0.23293644 -1.19491863
v -0.54647243 -1.2465167 0.75327092
v 0.31312429 -1.57549989 0.27795416
v 0.16863152 0.35303354 -1.49002981
v 1.23176562 0.60308718 0.07335037
v 1.10934591 0.80611813 -0.307112
v 0.23166841 -0.22000779 -1.18926394
v 0.15829539 0.14088577 1.06637251
v 0.18868388 -1.53234911 0.09699871
v 0.12397941 -0.41014877 -1.09924209
v 0.05059364 -0.35398268 -1.12763273
v 0.08512795 0.1308816 1.06842744
v 0.06931247 -0.26646363 -1.17103612
v 0.18243172 -1.55981707 0.17783552
v -1.12700092 0.79145836 -0.30614844
v 1.33505499 0.56947326 -0.05854227
v 0.75117445 -0.21467872 -0.62562668
v -1.24789989 0.92934924 -0.57242274
v 1.30941224 0.90533983 0.33851647
v 0.36295595 -0.62354624 -1.05510222
v -0.38924643 -0.71827256 1.12108576
v -0.44175139 1.74089193 1.24875354
v 0.22147119 -0.9222579 0.84490889
v 1.25543034 1.00638818 0.19962433
v 0.75432008 -0.72647917 -0.1008079
v 0.3469277 -1.05273938 1.04352951
v -0.08222872 -1.08437967 1.38347685
v -0.61742538 -0.44945228 0.65929615
v 0.1236326 0.13327498 1.05736208
v -0.49594256 1.80798649 1.31279909
v -0.40647488 -0.36145648 0.77921271
v 0.60945785 -0.14664888 -1.04949283
v -1.24827611 0.9827454 -0.55094176
v 0.86857587 0.6334902 -1.27791285
v 0.29811734 -0.75742745 -0.96819394
v 0.26929608 -0.74222862 -0.98054164
v -0.0386086 1.60045015 1.28772056
v -1.15009307 0.5785557 -0.50518822
v -0.73813515 -0.99579972 -0.31378483
v -0.1479488 1.67992162 1.31947577
v -0.21034869 -0.42987176 0.87208813
v 0.00427709 -1.58686316 0.52750057
v -0.31817403 -1.51559603 0.75551658
v 0.94782811 0.80329024 -0.67213225
v 0.69669121 0.01763059 0.77417534
v 0.75811171 -0.79069751 -0.38932192
v -0.9426043 -0.08168984 0.23907674
v 0.49843692 -1.54375696 0.09417725
v -1.38855505 0.9683634 0.22899524
v -1.266402 1.32861495 0.30635017
v 1.23495638 1.11492514 0.01125138
v -0.11776605 -1.50761497 -0.09060582
v 0.65774095 -1.28419101 0.02367866
v 0.75277459 -1.0121783 0.04362565
v 0.49973177 -0.73815792 -0.93187999
v 0.05796231 -0.42499598 1.41673123
v -0.47124835 0.40310731 -1.50622558
v 1.37420952 1.77015292 0.65695291
v -0.83376222 -0.31870383 -0.09690665
v -1.43097066 1.51624906 0.23333706
v 0.29130822 -0.622698 -1.07140934
v -0.70093864 -0.80321043 0.57070106
v 0.67155063 -0.33701482 0.55282586
v 0.0332005 0.08320932 1.11682808
v 0.9716348 0.8443557 -0.62463861
v -1.42006766 1.41816723 0.24209852
v 0.23331582 -1.18263721 -0.73132157
v -0.27850964 -0.4028238 0.80841535
v 0.83277624 -0.08396007 0.57149356
v -1.06004798 1.84048616 1.12672984
v -1.05442702 0.59228503 0.78886395
v -0.10509515 -1.53439199 -0.03368101
v 0.81568408 -0.38901543 -0.64494472
v -0.25481665 -1.16285622 -0.60438072
v -0.74120312 -0.76698756 0.08319156
v -0.87030547 0.3783676 -1.10999131
v 0.00259089 -0.222194 1.89181625
v 0.98432773 0.90254569 -0.58457791
v 0.76434171 -0.96425604 -0.01216436
v -0.03370869 1.47868096 1.36446106
v 0.31111785 -1.20736384 -0.66172885
v 0.25673514 -1.40355098 1.17196428
v -1.14104974 0.31696027 -0.33494165
v 0.73099595 -0.25232124 0.63443303
v 0.36533138 -1.48104822 0.74940264
v -0.38489922 1.44412529 1.30944132
v -0.72530013 -0.7332369 0.12096519
v 1.06293785 1.3836435 0.01850955
v -1.01994752 0.50329715 0.78948855
v -0.53513389 -1.10227537 -0.5948866
v 0.51490914 -1.38464653 0.75717878
v -0.04141334 0.76053023 1.08646476
v -0.56185555 -1.01740944 -0.64077383
v -1.10565316 0.54558956 0.7414084
v -1.03757095 0.46896919 0.76263457
v -1.13404047 0.38878729 0.519845
v 0.29562255 -0.56575197 0.96139878
v 1.01865744 0.97801107 -0.52596598
v -0.64693421 -0.67654269 -0.80664241
v -0.54903024 -0.02631687 -1.08778286
v -0.70946341 -0.7170723 0.16719582
v -0.66860276 -0.84635156 -0.61176151
v -0.30505797 0.01101109 1.08207404
v 0.39758592 -1.53867054 -0.00186048
v -0.0591932 -1.61508381 0.62573593
v 0.35451299 -1.51413059 -0.07116458
v -0.42777538 -1.28904497 0.95118659
v 1.37604641 0.92013245 -0.04481433
v -1.39216733 1.62348949 0.40832611
v 0.90059399 -0.24654313 -0.29715773
v -0.76446998 -0.72427237 -0.31793731
v -0.49819213 -0.98535758 1.03102886
v 0.73756098 1.85574924 0.91051244
v -1.42037487 1.59246909 0.48153361
v -0.71581327 -0.32847341 -0.78148198
v -0.45412543 1.93820881 1.20381653
v -1.02201867 0.36065185 -0.45150607
v -0.25384932 -0.5057311 1.25866365
v -0.99436599 0.06340266 -0.4389199
v -0.72497999 -0.74589121 0.22525388
v -0.43564227 -0.94148236 0.88950979
v -0.60213959 -1.44116067 0.35322555
v 0.53229624 -0.64611196 0.87058693
v -1.005741 0.86482238 -0.67988389
v 0.36788711 0.31598934 -1.40898084
v -0.65177744 0.00231875 -1.00983715
v -0.71890026 0.3148933 0.89141833
v 0.83707469 0.49553892 -0.87268722
v 1.16496467 1.61490321 1.11149299
v 0.89020508 0.53247982 -1.20345079
v 0.70032179 -1.28252208 -0.13409848
v 0.57326757 -1.42876017 0.47215211
v 0.66655892 -1.37551081 0.10980415
v -0.09713535 0.96370387 1.15750718
v 0.31128028 -0.21176113 1.01970696
v -1.10489404 0.17165041 -0.03955367
v -0.42920473 -1.04916703 -0.65999597
v -0.90533691 -0.1695813 -0.02253944
v 1.13875174 0.37897265 -0.58036601
v -0.37483629 -0.98000395 0.977593
v -0.83385884 -0.21429044 0.39780461
v 0.56801849 -1.38699412 0.57868194
v 1.03608083 0.16125144 -0.5292828
v -1.16567874 0.36761394 -0.3014236
v 1.00137436 0.10707166 -0.499998
v 0.25030317 -0.1543335 -1.17351353
v -1.328112 0.52058011 0.20479106
v -0.12897422 1.62912309 1.31912422
v -0.29732224 -1.5739746 0.40408742
v 0.86456352 -0.34985238 -0.50759857
v -0.48226046 -0.91229802 1.00593912
v -0.66661697 -0.54785239 -0.84226298
v -0.87629473 -0.29430145 -0.21875128
v 0.29752677 -0.94357466 0.93764478
v 0.73519408 -0.69643139 -0.57970541
v -1.15434706 0.81810003 -0.16568751
v 0.61680251 -1.46461474 0.15559597
v -1.21857273 0.7653374 -0.1907369
v -0.59955877 -0.86389964 0.82308125
v -0.32529285 -0.98037344 0.93102031
v -0.50055146 -1.48994159 0.63915967
v -1.23985588 0.76670736 -0.18170802
v 0.15737719 1.37622833 1.31282043
v -0.40646588 0.36015129 0.95572924
v 0.5596956 -1.42527675 0.5792132
v 1.10019147 0.37843611 -0.57561487
v -0.17103633 -1.57015037 0.80023378
v -0.60077875 -0.55503171 0.5562576
v -0.18439523 -0.10167635 -1.25042855
v 0.87233442 0.14092877 -0.82696616
v -0.19535909 0.1348686 -1.46636295
v 0.60176533 -1.32762646 -0.27836951
v 0.38290736 -1.09734594 -0.73750758
v 1.05682671 0.49306699 -0.56554693
v -0.48892268 1.09229612 -0.38686341
v 0.50233584 1.07681667 -0.40959066
v 0.65935856 -0.86369615 0.70355737
v -0.75832331 -0.55527776 0.08869145
v 1.46434617 1.37746131 0.63131868
v -1.25479161 0.75021463 -0.12054587
v -1.17095613 1.15879988 0.95333463
v 1.41010534 1.15811228 -0.23682473
v -0.77985715 -0.48553642 0.04051868
v -0.35661801 -0.97853815 1.04323804
v -0.22208088 0.4445607 1.01587534
v 0.21327865 -1.04085469 -0.74140524
v 0.3481594 -1.49830615 0.74195945
v -0.79291504 -0.45694938 0.05710044
v 1.49254882 1.31997036 0.43629962
v 0.48220181 -0.97414475 -0.84978526
v 0.22835375 -0.88306433 -0.91211396
v 0.50150752 -1.05976307 -0.75379169
v 0.26085656 0.05719971 -1.36173188
v -0.67939084 -1.38537478 0.01159627
v -0.26059937 0.46284702 0.9955154
v -1.32296848 1.21041774 0.70254147
v 0.2686125 -0.14997898 -1.16263449
v -0.64216613 -0.75259387 0.7208575
v -0.64167112 -1.42338883 0.10559635
v 0.23789359 -0.38510939 0.97469121
v 0.16915747 0.09054371 -1.38481962
v -1.12442898 0.2705017 -0.24695263
v 0.17554928 -0.41152322 1.1390804
v -1.14720058 0.29196104 -0.26091268
v 0.00259089 -0.36314213 0.97600835
v 0.05942133 -1.06387805 -0.7211489
v 0.71041876 -0.42896524 0.35869258
v 0.0419819 -0.57779389 -1.00796139
v -0.63284945 -0.8145641 0.75123691
v 0.81789225 -0.06670048 -0.57269042
v 1.14805471 0.37319812 0.38907867
v -0.66936433 -0.8457911 -0.63578963
v 0.48701906 -1.06251478 -0.77450293
v 0.3324992 -1.49143385 0.83373284
v 1.16610813 1.04843819 -0.74041354
v 1.01482081 0.08188587 0.05700043
v -1.06300914 0.77302807 0.99747759
v 0.5422427 -1.15469074 -0.58270859
v -1.1660223 0.55439043 -0.35971936
v 0.78608179 -0.55539184 -0.47929665
v -1.08930182 0.96195721 -0.64195799
v -1.22140753 1.03382432 -0.06404131
v -0.12078294 -1.56583905 0.27842122
v -0.75147521 -0.53219902 0.14868187
v -0.96066349 1.31507599 -0.10186078
v -0.16302566 -0.11140655 -1.2215383
v -0.81577092 -0.34375128 0.0246908
v -0.77587342 -0.36298224 -0.72509044
v 1.20693361 0.47848662 0.27354791
v -1.14865076 1.08275866 0.94808203
v -0.65941518 -0.73582965 0.64317321
v 0.69014799 -1.20962691 -0.04894052
v 0.13989067 2.01447272 1.14755916
v 0.74686551 1.45846378 1.22222828
v 0.44145312 0.40158641 -1.39930403
v 0.25868558 -0.23305967 -1.17693531
v 0.37186002 0.32602307 -1.56553745
v -0.40223029 0.29468739 0.94298303
v 0.32847321 0.26417052 -1.53182828
v 0.15656417 -1.4672532 -0.10904565
v 0.23216477 -0.05186107 -1.2420206
v 0.27022975 -0.2367523 -1.20405542
v 0.12845034 -1.45777308 -0.14906667
v 0.2531653 -0.34981495 -1.12233758
v 0.71537452 -0.93768423 0.3321833
v 1.19393777 0.73326528 0.70255571
v 0.23835624 -0.14472603 1.198794
v -0.50010454 -0.53762197 0.71816068
v 0.39195486 -0.34627392 0.80952417
v -1.1353259 0.52638363 -0.39338123
v -0.76111525 -0.19510164 -0.61628782
v -0.01793244 -0.49981796 -1.04174017
v 1.21151948 0.55364167 -0.08313678
v -0.03782639 -0.54460114 1.11948239
v 0.46603474 0.22439803 -1.47497773
v -1.13620674 0.97619611 0.90804582
v 0.13868394 2.02325654 1.18589758
v 0.18776278 -1.55746948 0.59119343
v 0.70244598 0.74696195 1.0211786
v 0.82787269 0.52321153 -0.93118542
v 0.02471505 -0.52449071 -1.03776812
v 1.22716474 1.1436305 -0.0589166
v -0.66844797 0.25897792 -1.31447088
v -0.35049057 -0.98404306 1.09801709
v 0.4924359 -1.11274766 0.99961996
v -0.40315681 -0.94287914 1.10193908
v 0.54255038 -1.29300212 0.70561748
v 0.31770414 -0.40038532 0.80281573
v 1.36304843 1.12122631 -0.21298025
v -1.11755752 0.82905876 -0.77948069
v 0.26902949 -0.79790753 1.48851871
v 1.08714294 1.110358 -0.34973368
v -1.48008036 1.46919667 0.40580022
v -0.26069918 -0.90224546 1.12712526
v 0.93134099 -0.10041578 0.24639758
v 1.23145258 1.66056251 0.82377094
v 0.95425111 -0.03264362 0.15960948
v 0.22651173 -0.50635075 1.3585664
v 0.15172107 -1.55892086 0.56966418
v 0.43697482 0.27357092 -1.50201165
v 0.45232674 -1.39790546 0.83105206
v 0.08867605 1.49629116 1.36931192
v 1.19968926 1.67959451 0.78305673
v -1.2936058 1.67702972 0.8660584
v 1.37140357 1.55178165 0.69169366
v -0.05661454 -0.81702327 1.8982526
v -0.55025857 -0.61351651 0.81606811
v 0.30591765 -1.04243326 0.89675688
v 0.92024254 -0.03099805 0.44202938
v 0.97532391 0.76195997 0.97168225
v -0.66655045 -0.98732519 -0.63585871
v 0.13661505 1.99660635 1.0236423
v 1.27802753 1.08301508 0.86879175
v -0.62861359 0.23311986 -1.31761562
v -0.9237917 0.38951706 -0.99839419
v -0.19947581 -0.53411442 0.90057689
v 0.23076851 -0.38916012 0.91409993
v 0.26082664 -0.49156194 0.91054785
v 0.3444589 -1.33509373 -0.38176399
v 0.30999705 -0.74282133 1.20063173
v -0.0142515 0.61842793 1.07197988
v 0.3181003 -0.66548615 1.21237635
v 0.54784131 -1.24978852 0.70926559
v 0.9105761 -0.11023832 0.44533699
v 0.08008483 -0.7352994 -0.95661586
v -0.52680194 -1.20123815 -0.47340408
v -1.17575442 0.92073196 0.81763213
v -0.09811145 -0.43556621 1.95071291
v 0.78571903 -0.1972032 -0.68146693
v -0.12850108 0.13379435 1.08009219
v 1.13703644 1.13710832 -0.30113589
v 1.08827078 0.94856143 -0.43317407
v -1.03353047 0.63566917 -0.76528012
v 0.6574341 -0.65261143 0.33246624
v 1.0626142 0.94848477 -0.45093852
v 0.76692187 -1.03357756 0.02209298
v 0.05242895 0.90483129 1.12321412
v -0.59852618 0.7258917 -0.94817537
v 0.63783246 1.99305558 1.09851384
v -0.34167227 0.53001862 1.00800192
v -0.62416273 -1.05195605 -0.56844556
v -1.09361267 1.58967936 1.10168254
v 0.18864053 -0.98063832 1.30069303
v -0.65747439 -0.81379729 0.70443868
v 0.56931233 0.50385499 -1.29237866
v 0.53649669 -0.38287451 -0.9338184
v 0.0009146 0.16811132 -1.37863028
v -0.06469577 -1.03119826 1.67939901
v 0.78269106 0.63489478 -1.04157769
v -0.26485815 0.52026778 1.00357461
v 0.52850908 -0.61153829 -0.92175859
v 0.36568108 -0.08117231 -1.21007442
v -0.56397438 0.04942171 -1.22266447
v -1.13627052 0.4085507 -0.62043285
v -0.57010811 0.08306837 -1.21806824
v 0.62084108 1.09872639 1.19806778
v 0.14136788 1.85042953 1.25266039
v 0.00259089 -0.36713087 1.43055939
v 0.54972279 1.10649859 1.21669006
v -1.3196243 1.66673374 0.85582083
v -0.36028313 -1.55849134 0.36957708
v -0.07321719 -0.36738988 1.54144835
v 1.29035794 0.90976762 0.3349871
v -1.19212067 1.6693294 0.95914304
v 0.7330299 -0.81137269 -0.05823769
v 0.72231352 -0.28058144 -0.87450844
v 0.75040358 -0.85964196 -0.07794109
v 0.28456971 -0.0845339 -1.1922847
v 0.77969592 0.67958074 -1.00829255
v -0.3612014 -0.47687438 -0.97000348
v 1.32295572 1.44888007 1.00417375
v -0.68918663 -1.09961867 0.14932884
v -0.95646506 0.53217673 -1.03460824
v -1.13959848 0.35455179 -0.55418276
v -0.2917425 -0.88458454 0.80113709
v -1.06814086 0.14942953 -0.32372236
v 0.68334651 -1.20281946 -0.26116141
v -1.12175452 0.26525011 -0.45641896
v -0.53367799 -1.31716418 -0.37171974
v 0.62568032 1.5989108 1.27747559
v 0.82617157 0.22070692 0.80428075
v 0.19806836 -0.47711107 -1.06586182
v -0.67218738 -1.08268618 0.62239897
v 1.47509825 1.53552234 0.92496371
v 0.7565816 0.15383896 0.83562314
v 0.30424085 -1.57423591 0.11344969
v 0.35496893 0.28412023 0.94846361
v 0.68466532 -1.25584626 -0.23050878
v -0.74907082 -0.88639605 -0.37559849
v -0.95827359 0.54591548 -1.05741941
v 0.23653741 -0.26519826 -1.10145771
v -1.19637906 0.55354237 -0.07127206
v -1.11560547 1.19296085 -0.27494159
v -0.75992453 -0.87895834 -0.28020793
v -0.57988476 0.51366269 -1.41410887
v 0.07657229 -0.57431644 -1.01447987
v 0.33615189 -0.58399134 1.10881781
v -0.46281102 -1.122756 1.06750083
v 0.61833733 -1.23214101 -0.33380395
v -1.11921453 0.38337704 -0.52664214
v -0.43926852 -1.08761727 1.16038978
v 0.73088282 -0.3759396 0.40198248
v 0.51027137 0.86455857 1.12698721
v 1.27513134 1.03404223 0.28673651
v -1.15475678 1.64500522 1.0237075
v 0.50429683 -0.98415166 1.02200877
v 0.68474793 -0.4145317 0.41187197
v -0.3691937 -1.46150291 -0.21790731
v 0.59607851 0.04668643 -1.12070286
v -1.14558017 0.44927227 -0.55892634
v 0.2479162 -0.82657045 1.12821662
v -1.40887391 0.91009849 0.21296551
v -1.38863241 0.89222794 0.2224227
v 0.21827335 -1.03253638 0.97216612
v 0.15327742 1.85852265 1.23736119
v 0.91157245 0.62404561 -1.11889314
v -0.85268515 -0.26107627 0.09418832
v 1.26954197 0.90503257 -0.55231016
v -0.80426794 0.12740363 -0.93862485
v 0.47378233 -0.67493379 0.99211859
v -0.68798571 -1.2145816 -0.27744075
v -0.29284909 0.21223919 -1.46753883
v 0.15174119 -0.52084404 1.77270519
v 0.67630863 -1.29791939 -0.18321073
v 0.12261458 1.92504763 1.24486005
v -0.70653915 -0.84099453 0.37718349
v -0.35341483 0.24424372 -1.43892645
v -0.14038337 -0.5995692 -1.09859192
v -1.12297403 1.59967398 1.17625498
v 0.7355526 -0.98389792 0.14315065
v 0.15386062 -1.53870725 0.45568779
v -0.55602222 1.00856208 1.17445921
v -0.40481072 -0.72554314 0.98667728
v -0.87624752 -0.21185424 0.02944426
v -0.64881122 -0.21115033 0.76981526
v 0.71273481 -1.14914703 0.18593443
v 0.48693159 2.02858495 1.19424569
v -0.95221585 0.72400087 -0.71906232
v -1.45533049 1.24898386 0.40394991
v 0.69012731 -1.12979543 0.33045753
v -1.19354057 0.74805539 0.55742985
v 1.27157402 0.9184696 -0.50798881
v 0.13579356 -1.51825404 -0.02673926
v -0.34817728 0.23251013 -1.41022026
v -0.27367886 -0.92482984 1.27152514
v 0.15293738 -1.52518284 0.08464447
v -0.82275551 0.05610474 -0.78477168
v 0.66583728 1.32875144 1.21846401
v 0.71596598 -0.31715929 0.62999516
v -0.8640632 -0.36074826 -0.50626379
v 0.51653176 -0.15722002 -1.16953671
v -1.13579618 0.94152301 -0.29342818
v -0.90174734 -0.25248283 -0.50269025
v -1.3899033 0.92974788 0.34200564
v -1.15416109 0.95097816 -0.27334591
v -0.52596825 0.96937537 1.11281287
v -0.36507257 -0.67442297 -1.02718555
v 0.35142982 1.69956398 1.30914282
v 1.3325535 0.74922365 0.15670068
v 0.15007023 1.78182423 1.23271501
v 0.27448323 -0.67621994 -0.95153379
v 1.31445789 0.99004304 -0.24379527
v 0.42160418 1.56341421 1.28523886
v -0.65829175 -0.81351697 -0.79955047
v 0.73715448 0.22178277 -1.15460932
v 0.64026874 -0.03858628 0.81624949
v 0.40678131 -0.72195464 1.09062528
v -0.76635235 1.89410507 1.04957807
v 0.77029979 0.18237851 -1.07270419
v -0.66410118 1.83046293 1.20256531
v -1.21390128 1.64145243 0.26178476
v -0.3330957 -0.95786482 1.2662456
v 0.16963595 0.402859 -1.60437929
v -1.11443662 0.9465233 -0.3679189
v 0.10827536 0.41104182 -1.43879675
v 0.87624293 0.08977519 0.69581371
v -0.68504548 -1.12338495 0.0659228
v 0.36596149 -0.77802139 1.17068231
v 0.90690094 1.81828022 1.09133172
v -0.60718071 -1.4423412 -0.02019597
v 0.27301222 0.40310236 -1.43488645
v -0.40389418 0.96674346 1.18452775
v -0.65718704 -1.1586883 0.20807203
v -0.29221403 -0.8010689 1.42092895
v 0.63749575 -0.84243345 -0.71064686
v 0.27018278 2.01931405 1.099635
v 0.37590014 -0.98086905 1.1209203
v -0.52537274 -0.70176768 0.87061482
v 1.165982 0.37792426 -0.31541052
v -0.50296866 0.81096202 1.11848807
v -1.34536564 1.63670229 0.31268125
v 0.27120626 -0.51172262 1.06921446
v -0.52815938 -0.67831325 -0.88755333
v -0.72789567 -0.52644604 -0.81669849
v 0.15173074 -0.00166244 -1.28457295
v 0.22881862 0.58626049 1.07192099
v -0.37799999 -1.01989209 1.24046218
v 1.32864463 0.96565872 0.48776784
v -0.668904 -1.14604699 0.31712889
v 0.57976859 -0.92954576 -0.73791438
v 1.22128927 0.64332586 -0.27106049
v 0.7051205 -0.66232329 0.18525353
v -0.45063245 -1.04830026 1.15791153
v 0.68237566 -1.13453769 -0.05404083
v -1.11300873 0.37832021 0.59840977
v 0.61215776 -0.51976144 0.55274009
v -0.82579249 0.0113007 -0.66712987
v 1.06812667 0.32511249 -0.29323834
v 0.57610744 -1.07268762 0.77268374
v 0.84810078 0.74541449 -0.88237249
v -1.13827371 0.46242702 0.62989306
v -0.28725019 -0.11170912 -1.16126847
v 0.66006773 -1.18373286 0.05643949
v 0.72403252 0.4725669 -1.14549732
v 0.38310521 -0.09008965 0.97898203
v -0.15587648 -0.19816617 1.3054955
v -0.27883687 -0.68133193 1.36144244
v 0.39769941 -0.76179301 0.95433479
v 1.01360869 0.35054871 -0.45334523
v -0.14032925 -0.28218096 1.35563004
v 0.05869789 -1.12447309 -0.66714209
v -0.14790387 -0.51644349 1.74487471
v 0.4224227 -0.70544624 -0.99055486
v -1.39620184 1.26958131 0.58637917
v -1.34640777 1.21959853 0.66775488
v -0.48636549 0.39158934 0.96300745
v -1.3067584 1.61871504 0.29101577
v -0.78283685 0.06331469 -0.88993209
v -1.36018455 1.3187195 0.68178808
v 1.17391681 0.59456855 -0.38168275
v 0.71668344 -0.09122834 -0.94745445
v -1.30522811 1.32117617 0.77547287
v 0.47006335 0.46042299 0.98960197
v 0.6948347 -0.89061158 0.14401969
v 1.30149686 0.68569672 0.26081958
v 0.99980413 0.4611479 -0.82954257
v -0.68733865 -1.18094813 -0.24343597
v 0.12195286 -0.05610112 -1.23840022
v 0.93036967 1.56863844 1.18137419
v -1.24806177 1.29144334 -0.23052901
v 0.77291667 0.06931201 -0.92245841
v -0.75386798 -0.28277909 -0.79873073
v 1.2788037 0.67014277 0.15618298
v -0.87631815 -0.11453779 -0.69337397
v 1.43414259 0.98926144 0.12541244
v 0.49458006 -1.50493121 0.53833097
v 0.76883459 -1.01338553 -0.08365953
v -0.60588729 -1.38964545 0.33056286
v 0.45605933 -1.5180211 0.53016674
v -0.79191833 -0.18733666 -0.66741311
v -0.52821719 -0.47025144 0.72946935
v -0.62317764 -1.24234354 0.3206276
v 0.97868853 0.044529 0.30794486
v -0.16715106 -1.4236741 1.13646078
v 0.56832838 0.3601799 -1.47269749
v -1.19051992 0.62500679 -0.38158917
v -0.16066215 -1.57209301 0.27292364
v -0.18768206 -0.19995743 1.27788174
v -1.25519108 1.21835839 0.03312689
v 0.07700321 1.46190381 1.33262634
v -0.23320537 -1.56877386 0.12262183
v 0.46781894 -1.50526738 0.63148987
v -0.21503081 0.90144103 1.15784776
v 0.66101717 -0.69225108 0.47176751
v -0.35245558 -0.10824344 1.03230202
v 0.6463834 -1.16101539 0.40636166
v 0.66318726 -0.81146317 -0.79633468
v -0.60463106 -1.43253529 0.30588448
v 0.5520969 0.51178342 -1.43356096
v -1.23160922 1.66217172 0.83592981
v -1.2489649 0.79134565 -0.35311046
v 0.95173084 -0.02323646 0.30695846
v 1.1741923 0.82885396 -0.68624323
v -0.00619047 -0.13962404 1.2973386
v 0.54452276 2.02524733 1.15849185
v 1.06496429 0.40229898 -0.36728718
v 0.81717789 1.63132846 1.20757424
v -1.10164105 0.29677686 -0.47247505
v -0.40041101 -0.96156233 1.1494168
v 0.83979451 1.77563393 1.17854237
v -1.09235227 0.26872256 -0.42835027
v -1.22739327 1.44127368 0.26354548
v -0.47346121 -0.1401977 -1.13264632
v -0.75378006 -1.0174936 -0.23951795
v 0.20476923 -1.24671626 1.26991498
v -0.29451236 -0.75711816 0.8465451
v -0.31760513 -1.02850461 1.03875243
v 0.93522834 0.94701564 1.04984223
v 0.03279179 0.37933611 1.02039277
v 0.85369575 0.21957482 0.7981525
v -0.96440792 1.40768492 0.05726588
v -0.2974275 -1.03999137 0.98761981
v 0.21388377 -1.02445435 1.51943814
v 0.00259089 -1.55193376 0.82630664
v 0.57225143 -0.15754194 0.87900596
v -0.62802845 -1.25756108 0.20383837
v 1.4401561 1.06903898 0.04360724
v 1.31755852 0.71105003 0.21935169
v 1.33551037 0.54301542 0.20691807
v -0.66840112 -0.75354307 0.37786889
v -0.83994752 -0.28509551 0.21219292
v 0.97116327 0.5952543 -1.01582741
v 1.25480556 0.60862553 0.02826163
v -1.46831631 1.14260339 0.06017262
v -0.33401486 -0.0595507 1.07635045
v 0.67459499 0.31858089 -1.3698126
v -0.31936636 -0.66607207 1.2104386
v 0.44474417 -1.09126102 1.15004026
v 0.83305919 1.87495505 1.15138483
v 1.04222011 0.33628994 -0.30439519
v -1.23868107 0.61785227 -0.01656998
v 0.43812105 -0.99027973 1.06537258
v -0.71447253 -0.32204085 0.63033211
v 0.94261443 0.8944388 -0.64628034
v -0.66587793 -1.18345785 0.04472926
v 0.82307064 1.72763359 1.20364284
v 0.38763999 -1.09650135 1.20572614
v -1.17752647 0.56847846 -0.07049995
v 0.28026878 -0.86109286 1.25968444
v -0.24410331 -0.23940455 -1.16838967
v 0.62538892 -0.84504437 -0.78962165
v 0.79029846 0.26346382 0.8563202
v -0.73298567 -0.25404945 0.63163095
v -0.23654741 -0.40809086 -1.06096172
v -0.13486854 -1.09107255 1.46018052
v 1.29653263 1.37379419 0.42071932
v 0.5648415 0.08939944 0.87087369
v 1.04238855 1.26481735 1.17061424
v 0.82422393 1.28360414 -0.13130761
v 0.86818903 -0.12280933 -0.66277957
v 0.05277911 2.03919959 1.0586996
v 0.60308069 -0.55869877 0.55599534
v -0.23820576 -1.3651967 -0.35967615
v 0.02752924 2.04759359 1.11269486
v -0.30197146 -0.50646615 0.85197782
v 0.16575282 -0.81229794 0.99344921
v 0.62710642 0.60948771 -1.13675892
v 1.19862604 1.05997312 0.85612255
v -0.12445121 -0.21820431 1.32272267
v 0.53730648 -1.46215653 -0.15304753
v 0.32141652 -1.20411264 1.15188467
v -0.40543919 -1.51674497 -0.12741386
v 0.2720381 -0.91409176 1.26679873
v -0.57549947 1.20389652 1.28212583
v 1.30953753 0.6186397 0.06365013
v -0.72942817 0.36596575 -1.27736258
v 0.78637266 0.30528125 0.88702327
v -0.58052086 1.17857992 1.25820338
v -0.82565468 -0.00888049 0.6459406
v 0.81225693 0.37036645 0.88404429
v 0.53946179 -0.13999308 0.90410029
v 0.97953993 -0.01432652 -0.26132589
v -0.37112247 -0.59573954 -0.92850083
v -0.45161345 -0.16112852 -1.10940015
v -0.29371351 -0.28453701 0.99008488
v -1.15163624 1.2986778 1.14283096
v -0.35487148 -1.51948583 -0.09302264
v -0.03968183 -1.04520809 -0.73522341
v -0.25186899 -0.27355855 1.13488197
v -0.7361623 -0.68838304 0.05241571
v -0.70378845 -0.89136225 0.24922932
v -0.71786272 -0.9492982 0.0542428
v 0.68767094 -0.71093803 -0.70831722
v 0.35180237 -1.52130198 0.59875226
v -0.36172545 -1.4837358 -0.14931926
v -1.26783001 0.50959533 -0.20142202
v -0.87866056 0.07009792 0.64644283
v -0.37853661 -1.51686763 -0.13068631
v 0.19743664 -0.54561942 0.9252761
v 0.61101812 -1.03000891 0.7463985
v -0.18092827 0.52114242 1.05806124
v -0.19305861 -1.02060699 1.5360918
v 1.23035633 0.80968171 -0.20320053
v -0.36076796 -0.57188695 -1.00143444
v -0.24393492 -0.82676619 1.62282383
v 0.34302404 -0.51956027 1.0272938
v -0.81736493 -0.0739327 -0.56788861
v -1.23818504 0.36175009 0.27004951
v 0.65869611 0.59051001 0.9755795
v 1.47824561 1.36086952 0.53473913
v 0.65861457 0.36978966 -1.22358882
v 0.74508202 1.87480378 1.1171236
v 1.3775742 1.59601509 0.75313097
v 1.08851051 1.69247269 0.721044
v 0.78142821 0.48851639 -1.03137564
v 1.37330818 1.58567941 0.78707832
v -0.70984071 -0.63392067 0.24548476
v 0.47963437 -0.96466606 0.9798547
v 1.4693557 1.62832748 0.91015762
v -1.02332663 0.1388608 -0.52224695
v 0.84852969 -0.2584185 -0.30873921
v -0.8028472 1.52861785 1.23198568
v 0.35685065 -0.85991579 -0.86697197
v -1.01920342 0.13803088 -0.50867503
v 1.31320285 0.75391888 0.50742775
v 0.97754448 0.8239842 -0.67540317
v -1.10646951 0.23346483 0.44735407
v -0.22478281 -0.70163041 1.14993059
v 1.27561795 0.72827011 0.53663933
v 0.56056445 0.06578145 0.85580223
v -0.78815662 0.83126103 1.06495738
v 1.25165247 0.78535842 0.47191745
v 0.41082286 0.01421679 -1.25733614
v -0.59285551 0.63674229 1.05244064
v 0.61878746 -0.56777143 -0.89978581
v -1.17298626 0.28470933 0.45043277
v 0.69528031 0.30602699 -1.10341811
v -0.50934851 -0.4903849 0.70192229
v -0.29001563 1.743703 1.31461453
v -0.68041455 -1.21776509 0.01273909
v 0.72189849 -0.81829816 -0.47151002
v -0.22033558 2.01551222 1.14478325
v -0.8373602 -0.24059794 -0.29501187
v -0.23683519 -0.17333024 1.19631481
v -0.85457056 -0.0801067 0.53672272
v -0.69953542 0.06281783 -1.05990541
v -0.91225493 -0.16451305 -0.45983573
v -0.89351362 -0.14730502 -0.2782371
v -0.15290771 -0.37256914 1.26965725
v 0.84924387 -0.1984387 0.43037104
v -1.09669435 1.31531369 1.17605543
v -1.16176617 0.44201269 -0.47671437
v -0.22339195 -0.43893441 0.75335794
v -0.91834878 -0.04949814 -0.4220784
v -0.4432685 -0.15313656 -1.10156619
v -0.49245512 0.51933008 1.00747454
v 1.14887976 0.30867502 -0.29483005
v 1.3392781 0.57672309 -0.12267517
v -0.09695088 -1.06837821 -0.70404654
v -0.44241339 -1.21289777 0.91278404
v -1.11351454 0.22096729 0.48738518
v -1.47103047 1.36438536 0.4232003
v 0.71857035 -0.19872434 -0.85857307
v -0.2111289 -1.35609722 1.24079346
v 0.20731154 1.8992896 0.85534185
v -0.16450764 1.90831983 0.87491053
v -0.75279426 -0.96835643 -0.44158348
v -0.26807552 0.40834629 0.99375194
v 0.64412087 -0.72346252 -0.77121102
v -0.78468829 -0.71974194 -0.10701166
v 0.62910062 0.75343775 -0.90831482
v -0.19273759 1.98948788 1.01626098
v 0.17754186 -0.54129976 1.86137712
v 0.07515755 -0.1165416 -1.25558245
v -0.23337817 -0.03171746 1.15095305
v -0.85679829 0.7002328 1.00603306
v 1.13365185 0.34058392 -0.41033035
v -0.94494229 -0.12071905 -0.11502616
v -0.91985124 -0.03321695 0.44301322
v 0.36109638 -0.81812888 -0.89744406
v 0.03566749 -0.12109177 -1.24333953
v -0.73633641 -0.89477586 0.5743817
v -0.78863096 0.61023092 0.96144312
v 1.13083207 0.27599722 -0.2547627
v 0.10676866 -1.32097089 1.29096674
v -0.6900298 -0.59519308 0.26613304
v 0.73823744 0.39459118 0.89769989
v -0.96895295 -0.01261513 -0.33390757
v 0.1076288 -1.42220187 1.15520477
v -0.85552382 -0.02854297 0.58679485
v 0.00259089 0.57732147 -1.13895392
v -0.03083992 -1.25083816 -0.56726163
v -1.47837436 1.37203991 0.32776731
v -0.94408184 -0.09241695 -0.15398919
v -0.6419875 0.16657075 0.86416816
v -0.19612644 -0.68921047 -1.02879083
v 0.78773289 0.41746243 0.91023349
v -0.95630967 -0.05279973 -0.1918797
v 0.02658568 -0.02148318 -1.29704415
v -0.60064929 0.67512464 1.05647504
v 0.04365812 0.01662641 -1.33087945
v -1.09342646 0.71616309 0.80382871
v -0.68421995 -0.33764332 0.66488063
v -1.47070074 1.39914953 0.32594233
v -1.49162316 1.12736547 -0.16600441
v -1.12085235 0.69976574 0.74528145
v 0.11614217 -0.40208017 1.87900531
v -0.25787308 -0.83782714 -0.88273948
v -0.16696664 -0.21773129 -1.15871548
v -0.59123039 1.95448005 1.04796588
v 0.48256203 -0.15202784 -1.136554
v 1.22007036 0.37509629 -0.10130503
v -1.00313878 0.49270409 -0.78131204
v -0.78628933 -0.13448731 -0.59153258
v 0.72114837 -0.9185574 -0.42920845
v -1.10169136 0.66026806 0.77235037
v -1.04019117 1.86317074 1.08372879
v -1.25402033 1.52799344 0.27321061
v 0.60073792 0.46750992 -1.29801929
v 0.74725925 -0.95352947 -0.32177195
v -0.48629844 -0.01837409 0.93224006
v 0.90134668 0.41145896 -1.08930742
v 0.04797223 -0.92557048 1.34980249
v -0.04274505 -0.92556023 1.34982478
v -0.04632135 -1.12422311 1.55304002
v 0.57228696 -0.4484041 0.72693115
v -1.23010253 0.80947083 -0.20186667
v -0.08397172 1.27780914 1.24889886
v -0.02769531 0.46699976 1.03034377
v -0.86091858 0.63320916 -0.91199475
v -0.61244237 -0.6822716 0.70479583
v 0.63248765 -0.48804479 -0.89226579
v -0.63901871 -1.31179988 0.17118193
v -0.56359016 -0.99406552 0.83663594
v 0.00259089 -0.54787749 1.14941418
v 0.68648481 -0.74476075 0.51678276
v -0.43584197 -0.22643201 -1.06607341
v -0.48155313 -1.04110109 1.05837094
v 0.72369372 -0.9017201 0.34391847
v -1.26316165 1.30386591 -0.07724658
v -0.45463645 0.49423492 0.98597616
v -0.23668807 -0.82512205 0.82199388
v -0.3328039 -0.31515353 -1.08670222
v -1.12144208 1.45490288 1.11986684
v 0.61558818 -0.62802642 0.57958072
v -0.6797716 0.50855386 -1.2157762
v 0.2490061 -0.99513673 1.35345554
v -0.29939883 -0.28352192 -1.12366509
v 0.4967257 -0.09785603 0.92670959
v -0.67398512 -0.52931577 0.46640589
v -0.70079016 -0.40104273 0.42747137
v 0.48838368 0.4629808 -1.3969016
v 0.16923725 -1.20336127 -0.68859887
v -0.4367325 -1.1322292 -0.60686874
v 0.68657481 -0.73224818 0.47459211
v 1.21829712 0.78871673 0.62416994
v -1.39926242 1.43462276 0.61320817
v -0.54015958 0.64615422 1.04363274
v 0.11135161 0.46914091 1.0485171
v 0.68897908 -0.76491725 0.47189551
v -1.37798941 1.52159345 0.58728671
v -0.26769343 -1.2111516 1.22563993
v 0.4960581 -1.54023015 0.12123353
v 0.34249508 -1.44628167 1.01660776
v 0.47433415 -0.99680739 1.09595608
v 0.41232293 1.58772158 1.27335643
v -0.79538196 1.15936398 1.16633856
v -0.23474621 -1.30639588 -0.47251677
v 0.34791702 -0.16058085 0.99638128
v 0.54803311 -0.26377221 0.79838866
v -0.30273115 -0.45521256 0.81995081
v 0.60821884 -0.15253973 0.81724345
v -0.6943044 -1.12887024 -0.3683528
v 0.29341673 -1.57217359 0.43232032
v 0.71141958 -0.01733682 0.73641604
v -0.6307863 -0.45380139 0.5019108
v -0.22224572 -1.51492154 0.80539619
v 1.16484153 1.13553881 -0.21836435
v 0.184138 -1.2007755 -0.68391078
v -0.42271897 -1.32589924 0.91623592
v -0.7039482 -0.93363118 0.18452334
v 0.7402181 -0.9109525 0.01295909
v -0.34273046 -0.56563097 1.03788662
v 0.37860035 -1.39704632 0.99115657
v -0.68912786 -0.95716136 0.2914001
v -0.49119436 -1.08407998 1.09406256
v -1.00837421 0.33192279 0.77950292
v -1.49485909 1.2435646 -0.26344549
v -0.34114214 -0.52031564 1.02048027
v 0.80082488 1.1249057 1.16192352
v 0.74284708 -0.35919261 0.48593527
v -1.37226986 1.70574116 0.66757458
v -0.49854266 1.28049945 1.24316036
v -0.34801349 -0.7377187 0.86657565
v 0.90150755 0.42814609 -0.70168328
v -0.1200843 2.01625466 1.05285191
v -1.06995105 0.32417422 -0.29052898
v -1.4382267 1.22189819 0.29994544
v 1.00330328 0.50074887 -0.80873143
v -0.8931362 0.42416158 -0.69815009
v 0.27697113 -1.50512015 -0.13510356
v 0.18497416 -1.55923068 0.26556971
v -0.8426454 -0.14054836 -0.41959121
v 1.21457791 1.30363488 -0.03421118
v -0.03625513 1.31726074 1.30233049
v 0.00259089 -0.53710031 0.87857431
v 1.1876564 1.32576799 -0.04483369
v 0.57777094 -1.35684239 0.58339768
v -0.93932479 0.84982597 -0.67563629
v -1.12575006 0.61213558 0.71246635
v 0.49818289 -0.46120381 -0.91860026
v 0.76690024 1.89686906 1.166574
v -1.14077067 0.33093091 -0.23247312
v 1.23215591 0.83287733 0.62962877
v -1.04853963 0.287377 -0.190412
v -1.28869628 0.44124993 0.2125065
v 1.04785466 0.43947929 -0.51065969
v -1.39687383 1.53143918 0.57638829
v -0.99072563 0.26659956 -0.52358204
v 0.44906458 -0.1957646 0.91037237
v -1.20669066 0.35010242 0.37401124
v 1.05676102 0.96515804 -0.4886268
v -0.27056333 -0.46831563 0.74975752
v 0.62392127 -1.2415843 0.38205483
v 0.38498815 1.39736402 1.27054166
v -1.42553293 1.10274207 -0.19366282
v 1.22514593 0.63714581 -0.11845478
v -1.4504342 1.00627863 0.05171467
v 1.46157169 1.19913852 -0.15221926
v 0.56041538 0.04044971 -1.21252119
v -0.04814232 -0.60672152 -1.05170238
v 0.27988472 -0.95527738 1.09512615
v -0.35642689 -0.60421729 1.08353102
v 0.57338982 -1.33798933 0.6799224
v -0.28312477 -0.63265633 1.23238623
v 0.79440891 -0.250153 0.43097847
v -0.00230359 -0.63731306 -1.00009727
v -1.48093414 1.1078881 0.02918897
v 1.48918092 1.34118676 0.3654423
v 0.87343668 1.08130013 1.12106895
v -1.27328419 1.65745687 0.70523798
v -0.91027891 -0.18417625 -0.02865154
v -1.39718771 1.10830426 -0.20725065
v -0.36667603 -1.48955285 0.76620888
v -1.46553778 1.07392394 0.03510722
v 1.45184016 1.16530096 -0.12843848
v 0.72021037 -1.03356039 0.21460378
v -1.27029776 1.25167977 0.31952688
v -1.36976063 1.1294403 -0.23676401
v -0.26896816 -0.61256963 1.32172346
v 0.34521794 -0.78761673 1.03239345
v -0.28498885 0.76414912 -0.85049474
v 0.65167415 -1.41480982 0.03933972
v -0.36929807 0.88827687 -0.68222451
v 0.65147024 -1.39710545 0.14530108
v 0.46320834 -1.54195892 0.41814512
v 0.61396116 -1.27029025 0.32343959
v -1.05762779 0.86063718 -0.82235163
v 0.6253094 -1.25443196 0.20896017
v -0.32463887 -0.53022551 1.13323295
v 0.13720987 -0.72958558 -1.01616406
v 0.79555118 0.59411603 0.95972335
v -0.58534801 0.32053345 -1.43098557
v 0.62377524 -1.31865215 0.25765317
v -0.71888345 -0.63508665 -0.5575357
v 0.18000003 -0.8152309 1.25409936
v -0.13052772 -0.35198554 1.02189922
v 0.63395422 -1.36261951 0.25906729
v 0.24902966 -0.80959111 1.25568711
v 0.21232079 -0.76690506 0.94817864
v -1.29353094 1.30939829 0.86580157
v 0.55883842 -1.35101664 0.69953447
v -0.26628366 -0.53255856 1.27196455
v -0.72052222 0.6056441 -1.12385594
v 0.35263088 -0.76550048 0.87708425
v 0.42584145 -0.56726044 -0.91486567
v -1.19738686 0.83644855 -0.6481347
v -0.75683677 0.67316007 -1.0307461
v 0.95572531 -0.05146203 -0.19224558
v -0.40097287 -0.52020549 0.78798407
v -1.18679463 0.33608463 -0.24046403
v -1.22278273 1.31211543 0.97645092
v 1.16528821 1.01190733 -0.29502612
v 1.00162899 0.53756922 -0.87002408
v 1.25581073 1.03657901 0.13308943
v -0.98489105 -0.00249133 -0.28529742
v -1.3399719 0.54280561 -0.10094759
v -0.69383978 -1.02345168 0.30434817
v -1.40996909 0.89146894 0.28817895
v -1.37361002 0.70525127 -0.13758909
v -0.64911234 0.53913354 -1.4864062
v -0.71263468 -1.19534552 -0.17394007
v -0.98521935 1.03313183 1.06431222
v -0.87408733 0.86610466 -0.74417978
v -1.05956029 0.94302254 -0.45103901
v -0.35724872 -1.44180715 0.88519716
v -1.33877575 0.5661447 -0.13127365
v -0.97807085 1.12532246 1.13102328
v -0.13148316 -0.50515061 1.70060622
v -1.23650491 0.83928418 -0.54608547
v -0.2940818 -1.45527195 0.92060655
v 0.12799248 -0.77843332 -0.98530465
v -1.23636066 0.89419788 0.63313609
v 1.25280034 0.35487073 0.05794126
v 0.27698421 -1.53572988 0.57991576
v 1.10084891 0.59789484 0.75824624
v 0.33766216 -1.5449475 0.52923756
v -0.42902553 -1.1661123 0.96669596
v 0.8996759 -0.17811775 -0.01499014
v -1.42534327 1.0197277 -0.04034929
v -0.15927659 -1.16246914 1.3596028
v -1.07507681 1.0318588 -0.41715857
v 0.32682481 0.46631497 -1.62431609
v 1.47409546 1.36263382 0.31066513
v 1.18462848 0.32696035 -0.23251842
v 0.048968 -0.85151892 -0.94426196
v -1.23415184 0.86477547 -0.57703536
v 1.49349308 1.65872716 0.97053861
v -0.74776136 -0.27719119 -0.6677097
v 0.31103998 -1.55968153 0.51401478
v 1.43027997 1.05122053 -0.06831369
v 1.24108219 1.36902761 0.15509334
v 1.30968987 0.51253891 0.24374547
v -0.38559681 1.11472451 1.22828173
v -0.21315488 -1.54674565 0.01163169
v -0.12302941 0.38346424 1.05838108
v -0.50964427 -0.67427724 -0.96302187
v 0.96845215 -0.01784048 -0.31167388
v 1.25835764 1.3338871 0.21887493
v -1.33622515 0.93459302 0.32641089
v 0.40478479 1.38706493 1.24950444
v -0.54400897 0.92301738 1.17964482
v -0.4800674 -1.14310777 0.87401485
v 0.0652221 -0.38279345 1.96259748
v 0.38068383 -0.92152243 0.82461756
v -0.54267621 0.18371589 0.88493543
v 0.12238835 -0.58533555 0.99712443
v 0.90523231 0.22646646 -0.821011
v -0.33733725 0.42300427 0.97555697
v -0.21320547 -0.89799988 1.66797721
v 1.06010043 1.0382018 -0.47205203
v 0.62403184 0.42324602 -1.27361035
v 0.66527003 -1.08081185 0.63812655
v -0.20546264 -1.21911275 1.28395664
v -0.77763241 -0.97483843 -0.11420542
v -0.229038 0.31995067 -1.47209358
v -0.50797116 -0.6320663 0.91655927
v 0.7321068 -0.00752077 -0.95364773
v -0.00395996 0.36729261 -1.46646547
v -1.39922809 1.48296093 0.72572803
v 0.9424237 -0.09326987 -0.15639452
v -0.67555433 1.82103347 1.19591939
v -1.28801274 0.41133576 0.0179205
v 0.64493769 -1.32326138 0.0881423
v -0.29512712 0.29294425 -1.44871258
v -0.00202311 -0.64890974 -1.11679339
v -0.10458434 -0.5065968 1.69858479
v 1.28411519 1.3721013 0.48000714
v -1.05697023 1.03019309 -0.4291417
v -1.22123074 1.16197168 0.84945738
v -0.41008171 -1.0046755 0.90879488
v -1.20491766 0.88037687 -0.18614018
v -1.1860212 1.05464828 0.86120289
v -0.06188255 -0.34904047 1.94820404
v 0.82084661 -0.14449553 -0.49355161
v -0.65617984 -1.13354277 0.51180374
v 0.26841387 -0.73266351 0.96305495
v 0.43112662 1.99343574 1.05657637
v 1.44155454 1.15188443 0.07951825
v -0.26476642 0.2905277 -1.424335
v -0.58338099 1.89335286 1.22631669
v 0.51488059 -1.10347414 0.84543126
v -0.52372366 -0.65399247 0.8896656
v -0.27235198 -0.78429091 1.46858441
v 0.38349846 0.5473001 -1.22193467
v 0.70552551 0.96041733 1.11434984
v -0.282862 -0.45669645 0.7589395
v -1.12890934 1.14585173 1.03898906
v -0.18116867 -0.56836241 0.97823679
v 0.77714061 -0.59794461 -0.18759538
v 0.68178379 -0.26942095 0.70852178
v -1.20950257 1.11727607 0.8629865
v -1.28176426 0.68401849 0.09587857
v 0.12650966 -1.36386561 -0.35416126
v 0.4875406 1.03195607 1.1295681
v 0.87406849 0.41823187 0.8787775
v 1.42098069 1.17292273 0.62667572
v 0.43954095 1.11505031 1.15971612
v 0.50671702 1.9706285 1.04082465
v -0.61227369 1.56468403 1.24708235
v -1.30872559 1.58190512 0.45228397
v 1.18410122 1.63626992 0.5796836
v 0.30588913 -0.60604405 1.05341577
v -0.46429464 0.19068181 0.91083711
v 0.35518002 -0.48985058 0.76069378
v 0.74978292 -0.14951825 0.65358412
v -0.62039524 -0.49130207 -0.79269337
v -1.22811842 1.13070702 0.81965702
v 1.03051364 0.52923613 -0.65862137
v -0.58943527 -1.18210578 0.72694289
v -0.32187512 -0.87588644 0.87426859
v -0.22220298 -0.52172285 1.26636779
v -0.14352694 -1.25438547 1.31135797
v 0.05217481 -1.47665333 -0.14914642
v -0.9032889 0.41123095 -1.06389379
v 1.05725169 0.9996525 1.04796528
v -0.79653281 0.65413171 -1.01508581
v 0.52706372 -1.02797222 0.89147102
v -0.7598313 -0.94430345 -0.081861
v -0.023183 1.43425083 1.27479863
v -0.00199995 1.46748876 1.29075503
v 0.67429012 -0.83230567 0.63605403
v -1.00653302 0.06315878 0.07501697
v -1.38446247 0.93379932 -0.05104444
v -0.57518374 -1.49249553 0.16028173
v -1.22596001 0.86404848 -0.56466716
v -0.27563372 -0.84741258 1.25786697
v -0.88634049 0.20353697 -0.89043957
v -0.48320904 -1.31524455 0.85290187
v -0.52713125 0.95833087 1.16806531
v -1.18606674 0.34559306 -0.10099449
v 0.2909882 -0.68511533 1.12242996
v 0.14871124 -0.01482246 1.1956762
v -1.2251811 0.61657607 0.01678393
v -1.22110593 0.3773339 -0.11044037
v -0.59516108 -0.13157533 0.84181267
v 0.09018052 -1.50369715 0.90317672
v -1.16392004 0.89537525 0.79292517
v -0.55322372 -0.19346286 0.85576355
v -0.96392417 1.59091341 0.44147861
v 0.02661702 -1.49827611 -0.06457347
v -1.25010561 0.93002444 0.64494276
v -1.08989727 1.73144948 0.80809795
v -1.31805634 0.9079802 0.48032322
v -1.15838778 0.75158387 0.72693675
v -1.34016263 0.57372957 -0.0662557
v -0.71538549 -0.48479601 0.36155739
v 1.00393927 0.58256518 -0.74863731
v -0.68016737 -0.07991191 0.72333657
v -0.57353699 -0.72682935 0.77527999
v 0.81010747 0.52362901 -1.02023434
v 0.1342808 1.06667578 1.23169994
v 0.14777261 -1.5153265 0.79452979
v 0.84573435 0.72348487 -0.90798705
v -1.45417499 1.48636531 0.22988086
v 0.02587329 -1.5318284 0.05276731
v -0.77916479 -0.79244184 -0.26245242
v -0.17448087 -1.33485496 1.27281272
v -0.97601318 1.62290024 1.21657645
v -0.10470348 0.04866223 1.12197303
v 0.09856799 -0.13197597 1.30326736
v -0.44981971 0.42428743 -1.39320564
v 0.61349761 1.82673633 1.20696306
v 0.59756195 1.78414773 1.21992731
v -0.98702102 0.32613548 -0.47048375
v -1.18345975 1.33865118 1.13256013
v -0.25449565 1.91353082 1.29838311
v -0.95784455 1.52643537 0.28280714
v 0.28558296 0.6221596 1.04092466
v 0.37022557 0.18593585 -1.45526289
v -1.43575751 0.84266489 0.33048114
v 0.43007203 0.20869153 -1.43614494
v -0.77892524 -0.83739572 -0.17822292
v 0.14135459 1.11853838 1.24143004
v 1.29881823 1.35506284 0.71371483
v 0.08630347 -1.49086022 -0.07638313
v 0.42203959 -0.56247007 -1.03141415
v -0.60395842 1.86661434 1.18484103
v 0.18751196 -1.47569489 0.97460103
v 0.02956354 1.59156465 1.34188056
v 0.32183784 -0.91201049 1.19007718
v -1.06669759 1.73920047 1.05418598
v -0.17298597 -0.45110493 -1.05425667
v -0.8725332 0.53212809 -0.95459771
v 1.35149109 0.64957952 -0.18098129
v 1.42616939 0.98876875 0.02879523
v -0.75881862 0.43682101 -1.05842375
v 1.23151731 0.46313068 -0.18470162
v 1.04151356 1.34895539 1.1715008
v -0.54623788 1.99008047 1.18630778
v -0.28256943 -0.81667077 1.21703696
v -0.1287744 -1.34811413 -0.40011149
v 0.2385915 1.66956603 1.32782375
v 0.13453459 -1.05277729 -0.81787407
v -1.13137257 0.48951605 0.64685326
v 0.28305652 1.60094487 1.30564367
v 0.26054552 0.66127276 1.05568027
v 0.46011087 -0.66203439 -0.88191914
v 1.27678203 1.77992236 0.71927744
v 0.58698743 -0.11048419 0.88206458
v 0.50553858 -0.73124158 -0.83368974
v -0.03892767 -0.52909404 1.24860203
v -0.69004261 -0.17006325 0.71238893
v -0.57896435 -0.6304931 0.6788519
v -0.67453283 -1.15793812 0.61053919
v -0.21579782 -0.58472287 0.98498445
v 0.42703521 0.207561 -1.45060873
v -0.92221754 0.55213552 -0.94387847
v 0.74512207 -1.08437132 0.10048004
v -0.30090722 -0.77854353 1.26743853
v -0.77574998 1.86060071 1.10886395
v -0.33715134 0.75253784 1.10447156
v -0.21410228 1.61037957 1.33012652
v -0.50503933 1.78555119 1.24729275
v 0.26920676 -0.60562861 1.31316411
v 0.34474381 -1.15613281 1.13738524
v -0.14685045 -1.4018923 -0.29678511
v 0.28780421 -0.43504691 -1.01612126
v 1.15428865 0.88106191 -0.29149547
v -0.36114645 -0.4434272 0.72181904
v 0.70889395 -0.17931661 0.69582003
v 1.27416205 0.96664696 -0.54203605
v -0.30818292 -1.52860152 0.66161507
v 0.85592228 -0.35353779 -0.67537963
v -1.05199515 0.37154865 -0.36625599
v -1.18005943 0.38214054 -0.1562792
v 1.16353905 0.42648577 -0.38791969
v -0.54614573 -0.54819905 -0.93578755
v -1.20872509 0.40106093 -0.16333918
v 0.22171944 1.79610109 1.22840261
v 0.110271 -1.16510272 1.34727478
v -0.17533342 -1.44499862 -0.23919099
v 1.10203945 1.73619353 0.83121031
v 1.1132636 0.88704192 -0.37344446
v 0.98958891 0.60997706 -0.74962782
v -0.32427564 -0.4224039 0.77567285
v 0.48139596 -0.9845677 1.05565857
v -0.81460827 0.1017587 0.76872897
v 1.39694261 1.46331441 0.87964963
v -0.91975557 0.15210369 0.74048316
v -1.05056226 1.75922858 1.16984641
v 0.49760863 -0.64733225 -0.84824043
v -0.62531906 -1.17043674 0.54606479
v -0.57650172 -0.55212277 -0.93171691
v -0.18726803 -1.61510276 0.55270618
v 0.7055667 -0.7905904 0.4547207
v 0.27830866 -0.0983325 -1.22243797
v 0.90036267 -0.17062349 -0.13651856
v 0.3570896 -1.37216579 1.06151461
v 0.02994971 -0.33042639 1.40968799
v 1.00850951 1.79177463 1.07677018
v 0.59058404 -1.51896989 0.29105901
v 0.10329517 1.92594552 1.2405883
v 1.44532942 1.3153193 0.67693311
v -0.50773149 -1.00915706 0.98547315
v -0.21366709 -0.81910884 1.27872026
v -0.59268915 1.03580856 1.13689947
v -0.95078682 -0.02536309 0.31691891
v 0.49093744 -0.87015235 0.86504679
v 0.47654724 1.93260502 0.96807879
v 0.32600376 -0.92031061 0.90680241
v 0.77992534 0.45626422 -1.09836721
v 1.34143269 0.56997025 -0.13194057
v 0.87483131 1.08904695 1.13740944
v 0.73299682 -0.46445253 -0.73738968
v 1.14508891 0.91237258 -0.35008248
v -1.25053834 1.27855825 -0.00742779
v 0.61113697 2.02059125 1.14452922
v -0.27809175 -1.43549597 -0.21172562
v 0.02103871 -0.56966429 1.07606685
v -0.6905418 -1.35266554 0.03574801
v -0.24340891 -0.66640424 -1.0266031
v 0.52849268 1.14239203 1.23005616
v -1.39492237 0.67001271 -0.16490583
v 0.2812429 -0.95590055 0.82665365
v 0.29262805 -0.07288491 1.1279515
v -1.38971674 0.75492817 0.3745158
v 0.73705387 0.60518062 -1.11151421
v 0.32821849 -0.41976788 0.776515
v 0.35439035 -0.76447367 1.08700788
v -0.73013764 -0.00807162 -0.90166413
v -1.09348988 0.94844406 -0.82499748
v 0.45522987 -1.00728881 1.12141811
v -0.48189824 1.95421075 1.2057296
v 0.76154202 -0.75798827 -0.4035964
v 0.75147932 -0.70323163 -0.424699
v -1.26244688 1.18881714 0.0852052
v -0.6290301 -1.39097344 -0.15277229
v -1.43654346 1.13335216 0.05791794
v 0.32066437 -0.81242442 1.3372215
v 1.02343106 0.37781634 0.73006391
v 0.53804439 -1.03843259 0.84796714
v -0.63598758 -0.71944624 -0.78267246
v -0.59655708 -1.41629779 0.39837017
v 1.3530085 1.77521717 0.78061908
v 0.27659928 -0.16266322 1.13856315
v 1.10022604 0.31783804 0.50661599
v -0.40393585 -1.23787593 0.98084908
v -0.76017183 -0.7587338 -0.41196712
v -1.04724669 0.08501357 0.05158937
v 0.25849923 -0.16447718 1.17850923
v -0.93753886 0.16292589 -0.56704294
v 0.44703686 -0.89414078 -0.90049696
v -0.23231861 -1.58947694 0.26093226
v -0.232261 0.91216504 1.16503775
v -0.24612601 -1.601709 0.32003912
v -0.77630412 -0.40334618 0.10479972
v -1.23783695 0.56885457 0.42549893
v -0.06138483 -1.50688302 -0.07202225
v 1.41785275 1.22852027 0.25204625
v -0.48281654 -0.34916481 -0.98357272
v -0.14147293 -0.3785206 1.24287235
v 0.07992033 1.72027933 1.26402521
v 0.43379423 -0.48208096 0.72139692
v -1.03957867 0.27987617 -0.16431736
v -0.26281777 -1.47977972 -0.14674671
v 1.20850157 0.51252389 0.43514123
v -1.12070751 1.45844519 1.10264957
v 1.16311967 1.2366153 -0.16922365
v -0.36802291 -1.40442097 -0.31451875
v -0.51296216 0.52471822 -1.29385519
v 0.90876722 1.20735466 1.18064785
v -0.2408209 0.88587272 1.14281904
v -0.82886636 0.57116675 1.00114572
v -0.29235729 -1.53449988 0.55397456
v 0.9229893 -0.16616988 -0.46447438
v -0.28541725 -1.50010907 -0.1363044
v -0.14538116 -0.50774532 1.91776347
v 0.8967908 -0.12486647 -0.59803837
v 0.96949875 0.30107531 -0.51784926
v -0.17491097 -1.12827849 1.342435
v 0.41306513 -0.11934068 0.9785068
v -0.1912969 -1.11754238 1.30334425
v 0.73900556 -0.68732601 -0.46055802
v 0.11437901 -1.52293503 0.02418348
v 0.39500916 0.72332859 1.09582519
v 0.33018758 -0.44865936 0.75486213
v -0.7859376 -0.76634722 -0.26529672
v 0.90908187 0.47901654 -0.6596955
v -0.31334629 -1.3947997 -0.28848359
v -0.27598092 0.87499433 1.14411699
v -0.79701489 0.5995301 1.00715589
v -0.77506375 -0.42038834 0.1545161
v 1.2100408 0.98713511 -0.1241295
v -1.33104062 0.57771939 0.15282365
v -0.78702604 -0.04103659 -0.72748637
v 0.67749464 -1.02043187 0.37436673
v 0.14818628 -0.65482282 -0.98461824
v -0.35541787 2.016294 1.14086735
v 1.4393413 1.02323448 0.05854385
v 0.54782849 -0.68330591 0.79284149
v 0.52363395 -0.69997918 0.87476623
v 1.13469147 1.69087052 0.71990436
v -0.2925997 -1.35854291 1.11232221
v 0.2272256 0.04054474 1.08139812
v 1.20041143 1.25573194 -0.07414873
v 0.36420074 0.73252016 1.1052736
v -0.81848907 0.52995467 -1.2664529
v -0.22345866 -0.76042127 1.05466449
v 0.04785455 -1.17117154 1.34013676
v -0.67490172 0.69375771 1.07111966
v 0.00259089 -1.18092048 1.34352707
v -0.94714605 -0.09677386 0.02942019
v 1.20671486 0.53391826 0.48500332
v 1.23949194 1.34229254 0.10247188
v -1.20382666 0.52519178 0.2118369
v 0.19973158 -0.27827 -1.16809237
v -0.45555603 0.01243603 0.92554348
v 0.7329241 0.25060787 -1.16264426
v -0.10616209 1.15268015 1.21265912
v 0.73456949 0.40102154 -1.32291662
v -0.1932218 -1.34473073 -0.39464518
v 0.20641849 0.09231528 1.08258104
v -1.3454926 0.67760694 -0.17371378
v 0.90573525 0.06507503 -0.50783187
v 0.31316021 0.37137252 0.97184121
v 0.77332979 -0.3700529 -0.72613287
v 0.37179637 -0.97626715 0.95985651
v 0.39572987 -1.56764757 0.13150146
v 0.62950342 -0.45235925 -0.79880255
v -1.11019563 1.21233165 1.1234411
v 1.20488345 1.146631 0.85551244
v 0.25960815 0.23155158 -1.51414251
v -0.09199574 -1.14486253 1.33050155
v 0.34041616 -0.99420052 -0.79867875
v -1.28881335 0.65737199 0.25441104
v 0.86587053 0.15179763 -0.78710216
v -1.17858588 1.269665 1.00919532
v 1.1547352 0.95031011 0.93368071
v -0.46213012 -1.14477896 -0.6030631
v -1.34420645 0.76384222 0.28137362
v -0.48870953 -1.14784681 -0.58616858
v 1.1181097 0.33605861 0.43935054
v 1.36350882 1.3336091 1.0129702
v -0.25028121 1.50737917 1.31227862
v -0.93990331 -0.10128717 0.11237679
v -1.21535742 0.53527313 0.18376053
v 0.61206787 -0.25059011 0.77687805
v 0.15577994 -1.31775748 -0.44043275
v -1.00882041 1.81138086 0.94616884
v 1.07876479 0.44983151 -0.4376145
v 1.35861229 1.56862366 0.84512424
v -0.39177995 -0.72320258 0.92557746
v 0.17166246 -0.0025781 1.14598715
v 0.36688163 -0.976507 -0.88016712
v 0.92877858 0.27454859 -0.80512875
v 0.7343083 0.37497612 -1.30671846
v -0.50117343 -1.55142724 0.2863709
v 0.48333394 1.88348865 1.25364637
v -0.86829191 0.62118566 -1.27688431
v 1.41421222 1.46425831 1.03722298
v 1.0999974 0.29763224 0.46130365
v 1.21898734 1.46418476 1.05583822
v -0.32074618 -0.81387645 1.33250308
v -0.80956304 -0.49869474 -0.40746727
v -1.25741505 0.99246305 0.43125733
v -0.78515881 -0.58760035 -0.29699212
v -0.42808607 -1.56499445 0.10164402
v 1.2524501 0.7434228 -0.10967098
v -0.21963203 -0.40400409 0.98370325
v 0.20872074 -0.0439475 1.1468271
v 1.25196838 0.66709137 0.00275582
v 0.4031302 -1.00645399 1.22319293
v -0.61777681 -1.29364013 -0.31038439
v 1.24182128 0.71162962 -0.10553744
v -0.31892469 -1.36812841 -0.35682481
v -0.58776879 -1.29759717 0.69335782
v -0.66583496 -0.57033097 0.45935452
v -0.61912024 -1.31252574 -0.30917516
v -1.36889088 0.55896866 -0.06642586
v -0.84932398 -0.25595805 -0.31350377
v -1.22208905 0.39289179 0.36326569
v 0.66752177 -1.15866184 0.62807118
v 1.34933924 1.60399484 0.88054871
v -0.51122504 -1.54189848 0.32428738
v 0.11847055 1.9733988 1.22825515
v 0.72329509 -0.86545366 0.56115311
v 0.4918417 0.47834426 -1.36116814
v 1.19628751 0.31596604 0.15687936
v -0.18939179 -0.49480935 0.86553931
v -0.814359 -0.15833985 -0.4777638
v 1.31385779 0.48584479 0.21552379
v 0.67318028 -1.35180425 -0.04803083
v 0.63869452 -1.36501312 0.3395096
v 0.37353929 -0.03666472 1.00996863
v -0.69812178 -0.80877077 -0.74977427
v -0.17495957 0.43826481 -1.63899195
v 0.60623884 -1.36213517 0.46004438
v 1.26418018 0.40383282 0.30258628
v 1.13290321 0.43502798 -0.20683315
v 0.23321892 -0.76471936 1.68444776
v -0.72369051 -0.81688416 -0.71942591
v -0.32255262 -1.32604849 -0.4004305
v -0.18745824 -1.56253778 0.2005528
v -0.62705421 -0.60353672 0.52513098
v -0.96086025 1.35928392 1.20447349
v 1.13295042 1.63015878 1.14942956
v -0.58012622 -1.42586588 0.48590087
v -1.25737786 1.06249117 -0.11153192
v 0.23365226 -0.52778244 1.2690823
v -0.60602349 -1.39608287 0.43264851
v 0.27034705 -1.50891101 0.81517219
v 1.23820996 0.38732695 0.34926292
v 0.42987862 -0.16839934 -1.14056074
v -0.51235634 0.42658498 0.96121633
v -0.8635323 0.46823686 -0.77333986
v 0.35577425 -0.24064317 -1.10541737
v 0.68190342 0.17629939 0.87155914
v -0.55696111 0.51462209 1.0064131
v 0.43749383 0.32753935 -1.45896852
v 0.76083999 -0.5073651 0.03327513
v 0.36679694 -0.18973115 -1.14722907
v 0.62806695 -1.40406954 0.33548656
v -1.07138717 0.60925501 -0.68504917
v -0.66865265 -1.12124431 0.22502565
v 0.10253074 -1.07475888 1.35578501
v 0.24827882 -0.08932232 -1.19518959
v -0.75976878 -0.77977889 -0.1698547
v 0.66226214 -0.68858325 0.58982646
v -1.22862517 1.27970457 -0.28902435
v -0.77113431 -0.77859634 -0.1497756
v -1.39464199 1.63774025 0.34998601
v -1.04941856 0.31559711 -0.23599447
v -1.20572614 0.92836689 -0.69554895
v 0.01784983 0.32128658 1.00461375
v 0.84201955 -0.04260013 -0.53838557
v -1.14914286 0.47737008 -0.22465448
v 0.6300686 0.03597583 0.8521766
f 4803 4227 2023
f 2168 5880 2512
f 5225 2764 1186
f 4 197 132
f 5 192 135
f 135 192 191
f 135 191 116
f 7 195 23
f 67 132 24
f 67 118 116
f 203 135 116
f 118 203 116
f 23 132 67
f 191 67 116
f 197 198 132
f 132 198 24
f 24 198 199
f 149 24 199
f 199 201 149
f 1081 6052 5333
f 675 1037 3000
f 5036 2782 5996
f 24 118 67
f 9 555 117
f 213 203 118
f 555 213 118
f 157 160 728
f 157 728 1314
f 117 555 118
f 2298 1324 4461
f 1411 4461 4440
f 4440 1527 1411
f 2976 128 120
f 2782 2976 5996
f 2793 5014 119
f 1324 119 157
f 128 3566 3550
f 4805 121 4356
f 5567 2777 3948
f 4189 3948 1821
f 4189 1821 1244
f 2758 5755 1821
f 1879 5755 2758
f 5431 748 217
f 5549 1992 3556
f 901 438 2382
f 2073 966 3448
f 5628 1186 5651
f 3714 2227 482
f 13 315 123
f 123 315 61
f 61 315 124
f 124 315 25
f 25 315 125
f 125 315 62
f 62 315 126
f 126 315 14
f 218 13 169
f 169 13 123
f 169 123 61
f 169 61 124
f 169 124 25
f 169 25 125
f 169 125 62
f 169 62 126
f 169 126 14
f 169 127 218
f 127 169 2758
f 5230 2785 4353
f 316 128 356
f 218 127 342
f 4 132 129
f 129 132 63
f 63 132 130
f 130 132 26
f 26 132 131
f 131 132 64
f 64 132 23
f 64 23 133
f 133 23 8
f 5 135 134
f 134 135 65
f 65 135 136
f 136 135 27
f 27 135 137
f 137 135 66
f 66 135 138
f 138 135 203
f 138 203 10
f 7 23 140
f 7 140 139
f 139 140 68
f 23 67 140
f 68 140 67
f 68 67 141
f 141 67 28
f 28 67 191
f 28 191 142
f 142 191 69
f 69 191 143
f 143 191 6
f 16 145 149
f 16 149 146
f 146 149 70
f 70 149 147
f 147 149 29
f 29 149 148
f 148 149 71
f 71 149 150
f 150 149 17
f 9 117 151
f 151 117 72
f 72 941 152
f 152 941 30
f 30 1145 153
f 153 1145 73
f 73 1145 154
f 154 1145 160
f 154 160 11
f 18 157 155
f 155 157 74
f 74 157 156
f 156 157 31
f 31 157 158
f 158 157 75
f 75 157 159
f 159 157 19
f 296 160 157
f 296 157 18
f 19 157 161
f 161 157 76
f 76 157 162
f 162 157 32
f 32 157 163
f 163 157 77
f 77 157 164
f 164 157 20
f 20 157 165
f 165 157 78
f 78 157 166
f 166 157 33
f 33 157 167
f 167 157 79
f 79 157 168
f 168 157 12
f 315 215 169
f 169 14 170
f 169 170 80
f 169 80 171
f 169 171 34
f 315 169 34
f 315 34 171
f 315 171 80
f 315 80 170
f 315 170 14
f 315 13 218
f 14 170 173
f 14 173 126
f 170 80 173
f 126 173 172
f 126 172 62
f 80 171 173
f 171 34 173
f 173 176 172
f 172 176 35
f 172 35 174
f 172 174 81
f 62 172 125
f 172 81 175
f 125 172 175
f 125 175 25
f 34 171 176
f 34 176 173
f 171 80 176
f 80 170 176
f 170 14 126
f 170 126 176
f 176 126 62
f 176 62 125
f 176 125 25
f 176 25 175
f 176 175 81
f 176 81 174
f 176 174 35
f 25 175 179
f 25 179 124
f 175 81 177
f 175 177 179
f 179 177 82
f 179 82 178
f 124 179 178
f 124 178 61
f 81 174 180
f 81 180 177
f 174 35 174
f 174 174 180
f 180 174 81
f 180 81 177
f 177 180 177
f 177 177 82
f 82 177 181
f 82 181 178
f 177 81 175
f 177 175 181
f 181 175 25
f 181 25 124
f 178 181 124
f 178 124 61
f 61 178 182
f 61 182 123
f 178 82 178
f 178 178 182
f 182 178 61
f 182 61 123
f 123 182 123
f 123 123 13
f 21 317 1512
f 21 1512 183
f 183 1512 83
f 83 1512 184
f 184 1512 36
f 36 1512 185
f 185 1512 84
f 84 1512 186
f 186 1512 15
f 317 91 1512
f 197 4 129
f 197 129 63
f 197 63 130
f 197 130 26
f 197 26 131
f 197 131 64
f 197 64 133
f 197 133 8
f 6 191 187
f 187 191 85
f 85 191 188
f 188 191 37
f 192 5 134
f 192 134 65
f 192 65 189
f 189 65 136
f 189 136 27
f 189 27 190
f 190 27 137
f 190 137 66
f 190 66 138
f 190 138 213
f 213 138 10
f 189 190 196
f 37 191 192
f 37 192 188
f 188 192 85
f 192 189 196
f 85 192 187
f 187 192 6
f 8 23 193
f 193 23 86
f 86 23 194
f 194 23 38
f 195 7 139
f 195 139 68
f 195 68 141
f 195 141 28
f 195 28 142
f 195 142 69
f 195 69 143
f 195 143 6
f 38 23 195
f 38 195 194
f 194 195 86
f 86 195 193
f 193 195 8
f 196 198 197
f 190 213 196
f 196 213 212
f 195 6 192
f 195 192 196
f 197 8 195
f 197 195 196
f 199 198 196
f 199 196 4084
f 4084 196 2857
f 144 258 201
f 16 146 258
f 146 70 258
f 70 147 258
f 147 29 201
f 147 201 258
f 29 148 201
f 148 71 201
f 71 150 200
f 71 200 201
f 150 17 200
f 1567 5451 2134
f 10 203 202
f 202 203 87
f 87 203 204
f 204 203 39
f 555 9 151
f 555 151 72
f 555 72 152
f 205 152 30
f 205 30 153
f 205 153 73
f 205 73 154
f 205 154 11
f 39 203 213
f 39 213 204
f 204 213 87
f 87 213 202
f 202 213 10
f 11 160 206
f 206 160 88
f 88 160 207
f 207 160 40
f 40 160 212
f 40 212 207
f 207 212 88
f 88 212 206
f 206 212 11
f 12 157 208
f 208 157 89
f 89 157 209
f 209 157 41
f 41 157 2252
f 41 2252 209
f 209 2252 89
f 89 2252 208
f 208 2252 12
f 90 212 211
f 18 155 211
f 155 74 210
f 155 210 211
f 74 156 90
f 74 90 210
f 156 31 90
f 211 210 90
f 31 158 90
f 158 75 90
f 75 159 90
f 159 19 2252
f 160 211 212
f 205 11 212
f 213 205 212
f 19 161 2252
f 161 76 2252
f 76 162 2252
f 162 32 2252
f 32 163 2252
f 163 77 2252
f 77 164 2252
f 164 20 2252
f 20 165 2252
f 165 78 2252
f 78 166 2252
f 166 33 2252
f 33 167 2252
f 167 79 2252
f 79 168 2252
f 168 12 2252
f 214 2252 157
f 5131 370 1486
f 1567 3749 5712
f 2757 1028 3117
f 1028 2622 3117
f 216 217 3113
f 217 216 42
f 3556 1992 1873
f 5025 2652 760
f 3901 835 2403
f 3901 2875 835
f 362 5883 1264
f 5105 362 1264
f 43 316 356
f 316 43 219
f 91 219 43
f 316 22 220
f 1512 220 92
f 1512 92 221
f 1512 221 44
f 1512 44 222
f 1512 222 93
f 1512 93 223
f 1512 223 15
f 219 15 223
f 219 223 93
f 219 93 222
f 219 222 44
f 219 44 221
f 219 221 92
f 219 92 220
f 219 220 22
f 8 133 226
f 8 226 193
f 133 64 226
f 193 226 86
f 64 131 226
f 131 26 224
f 131 224 226
f 226 224 94
f 226 94 225
f 226 225 45
f 226 45 233
f 86 226 194
f 194 226 38
f 26 130 229
f 26 229 224
f 130 63 227
f 130 227 229
f 229 227 95
f 229 95 228
f 224 229 228
f 224 228 94
f 63 129 230
f 63 230 227
f 129 4 129
f 129 129 230
f 230 129 63
f 230 63 227
f 227 230 227
f 227 227 95
f 95 227 231
f 95 231 228
f 227 63 130
f 227 130 231
f 231 130 26
f 231 26 224
f 228 231 224
f 228 224 94
f 94 228 232
f 94 232 225
f 228 95 228
f 228 228 232
f 232 228 94
f 232 94 225
f 225 232 225
f 225 225 45
f 38 226 233
f 38 233 194
f 194 233 86
f 233 45 225
f 233 225 94
f 233 94 224
f 233 224 26
f 233 26 131
f 233 131 64
f 86 233 193
f 233 64 133
f 193 233 133
f 193 133 8
f 10 138 236
f 10 236 202
f 138 66 236
f 202 236 87
f 66 137 236
f 137 27 234
f 137 234 236
f 236 234 96
f 236 96 235
f 236 235 46
f 236 46 243
f 87 236 204
f 204 236 39
f 27 136 239
f 27 239 234
f 136 65 237
f 136 237 239
f 239 237 97
f 239 97 238
f 234 239 238
f 234 238 96
f 65 134 240
f 65 240 237
f 134 5 134
f 134 134 240
f 240 134 65
f 240 65 237
f 237 240 237
f 237 237 97
f 97 237 241
f 97 241 238
f 237 65 136
f 237 136 241
f 241 136 27
f 241 27 234
f 238 241 234
f 238 234 96
f 96 238 242
f 96 242 235
f 238 97 238
f 238 238 242
f 242 238 96
f 242 96 235
f 235 242 235
f 235 235 46
f 39 236 243
f 39 243 204
f 204 243 87
f 243 46 235
f 243 235 96
f 243 96 234
f 243 234 27
f 243 27 137
f 243 137 66
f 87 243 202
f 243 66 138
f 202 243 138
f 202 138 10
f 6 143 247
f 6 247 187
f 143 69 245
f 143 245 247
f 187 247 85
f 69 142 245
f 142 28 244
f 142 244 245
f 245 244 98
f 245 98 246
f 245 246 47
f 245 47 255
f 247 245 255
f 85 247 188
f 188 247 37
f 28 141 250
f 28 250 244
f 141 68 248
f 141 248 250
f 250 248 99
f 250 99 249
f 244 250 249
f 244 249 98
f 68 139 251
f 68 251 248
f 139 7 139
f 139 139 251
f 251 139 68
f 251 68 248
f 248 251 248
f 248 248 99
f 99 248 252
f 99 252 249
f 248 68 141
f 248 141 252
f 252 141 28
f 252 28 244
f 249 252 244
f 249 244 98
f 98 249 253
f 98 253 246
f 249 99 249
f 249 249 253
f 253 249 98
f 253 98 246
f 246 253 246
f 246 246 47
f 37 247 254
f 37 254 188
f 247 255 254
f 188 254 85
f 255 47 246
f 255 246 98
f 255 98 244
f 255 244 28
f 255 28 142
f 255 142 69
f 85 254 187
f 254 255 69
f 254 69 143
f 187 254 143
f 187 143 6
f 16 258 256
f 256 258 100
f 258 144 145
f 100 258 257
f 257 258 48
f 48 258 145
f 48 145 257
f 257 145 100
f 100 145 256
f 256 145 16
f 17 150 263
f 17 263 259
f 150 71 263
f 259 263 102
f 71 148 263
f 148 29 260
f 148 260 263
f 263 260 101
f 263 101 261
f 263 261 50
f 263 50 266
f 102 263 262
f 262 263 49
f 29 147 264
f 29 264 260
f 147 70 264
f 260 264 101
f 70 146 264
f 146 16 256
f 146 256 264
f 264 256 100
f 264 100 257
f 264 257 48
f 264 48 265
f 101 264 261
f 261 264 50
f 50 264 265
f 50 265 261
f 261 265 101
f 265 48 257
f 265 257 100
f 265 100 256
f 265 256 16
f 265 16 146
f 265 146 70
f 101 265 260
f 265 70 147
f 260 265 147
f 260 147 29
f 49 263 266
f 49 266 262
f 262 266 102
f 266 50 261
f 266 261 101
f 266 101 260
f 266 260 29
f 266 29 148
f 266 148 71
f 102 266 259
f 266 71 150
f 259 266 150
f 259 150 17
f 201 200 149
f 200 17 259
f 200 259 102
f 200 102 262
f 200 262 49
f 200 49 149
f 149 49 262
f 149 262 102
f 149 102 259
f 149 259 17
f 11 154 270
f 11 270 206
f 154 73 269
f 154 269 270
f 206 270 88
f 73 153 269
f 153 30 267
f 153 267 269
f 269 267 103
f 269 103 268
f 269 268 51
f 269 51 277
f 88 270 207
f 270 269 277
f 207 270 40
f 30 152 273
f 30 273 267
f 152 72 271
f 152 271 273
f 273 271 104
f 273 104 272
f 267 273 272
f 267 272 103
f 72 151 274
f 72 274 271
f 151 9 151
f 151 151 274
f 274 151 72
f 274 72 271
f 271 274 271
f 271 271 104
f 104 271 275
f 104 275 272
f 271 72 152
f 271 152 275
f 275 152 30
f 275 30 267
f 272 275 267
f 272 267 103
f 103 272 276
f 103 276 268
f 272 104 272
f 272 272 276
f 276 272 103
f 276 103 268
f 268 276 268
f 268 268 51
f 40 270 277
f 40 277 207
f 207 277 88
f 277 51 268
f 277 268 103
f 277 278 279
f 277 103 267
f 277 267 278
f 278 267 30
f 278 30 153
f 279 278 153
f 279 153 73
f 88 277 279
f 88 279 206
f 279 73 154
f 206 279 154
f 206 154 11
f 19 159 285
f 19 285 280
f 159 75 285
f 280 285 106
f 75 158 283
f 75 283 285
f 158 31 281
f 158 281 283
f 283 281 105
f 283 105 282
f 283 282 54
f 283 54 294
f 285 283 294
f 106 285 284
f 284 285 53
f 31 156 286
f 31 286 281
f 156 74 286
f 281 286 105
f 74 155 286
f 155 18 287
f 155 287 286
f 286 287 107
f 286 107 288
f 286 288 52
f 286 52 291
f 286 291 289
f 105 286 282
f 282 286 289
f 282 289 54
f 54 289 290
f 54 290 282
f 282 290 105
f 291 52 288
f 291 288 107
f 289 291 290
f 290 291 292
f 291 107 287
f 291 287 292
f 292 287 18
f 292 18 155
f 292 155 74
f 105 290 292
f 105 292 281
f 292 74 156
f 281 292 156
f 281 156 31
f 53 285 293
f 53 293 284
f 284 293 106
f 294 54 282
f 294 282 105
f 285 294 295
f 294 105 281
f 294 281 295
f 295 281 31
f 295 31 158
f 295 158 75
f 106 293 295
f 106 295 280
f 293 285 295
f 295 75 159
f 280 295 159
f 280 159 19
f 18 211 287
f 287 211 107
f 107 211 160
f 107 160 288
f 288 160 52
f 52 160 296
f 52 296 288
f 288 296 107
f 107 296 287
f 287 296 18
f 20 164 305
f 20 305 297
f 164 77 305
f 297 305 109
f 77 163 300
f 77 300 305
f 163 32 298
f 163 298 300
f 300 298 108
f 300 108 299
f 300 299 56
f 300 56 305
f 109 305 301
f 301 305 55
f 32 162 303
f 32 303 298
f 162 76 303
f 298 303 108
f 76 161 303
f 161 19 280
f 161 280 303
f 303 280 106
f 303 106 284
f 303 284 53
f 303 53 302
f 108 303 299
f 299 303 56
f 56 303 302
f 56 302 299
f 299 302 108
f 302 53 284
f 302 284 106
f 302 106 280
f 302 280 304
f 304 280 19
f 304 19 161
f 304 161 76
f 108 302 304
f 108 304 298
f 304 76 162
f 298 304 162
f 298 162 32
f 55 305 306
f 55 306 301
f 301 306 109
f 305 56 299
f 305 299 108
f 305 108 298
f 305 298 306
f 306 298 32
f 306 32 163
f 306 163 77
f 109 306 297
f 306 77 164
f 297 306 164
f 297 164 20
f 12 168 312
f 12 312 208
f 168 79 312
f 208 312 89
f 79 167 309
f 79 309 312
f 167 33 307
f 167 307 309
f 309 307 110
f 309 110 308
f 309 308 57
f 309 57 312
f 89 312 209
f 209 312 41
f 33 166 310
f 33 310 307
f 166 78 310
f 307 310 110
f 78 165 310
f 165 20 297
f 165 297 310
f 310 297 109
f 310 109 301
f 310 301 55
f 310 55 311
f 110 310 308
f 308 310 57
f 57 310 311
f 57 311 308
f 308 311 110
f 311 55 301
f 311 301 109
f 311 109 297
f 311 297 20
f 311 20 165
f 311 165 78
f 110 311 307
f 311 78 166
f 307 311 166
f 307 166 33
f 41 312 313
f 41 313 209
f 209 313 89
f 312 57 308
f 312 308 110
f 312 110 307
f 312 307 313
f 313 307 33
f 313 33 167
f 313 167 79
f 89 313 208
f 313 79 168
f 208 313 168
f 208 168 12
f 315 314 215
f 314 315 218
f 22 316 219
f 317 21 183
f 317 183 83
f 317 83 184
f 317 184 36
f 317 36 185
f 317 185 84
f 317 84 219
f 219 84 186
f 219 186 15
f 15 186 323
f 15 323 318
f 186 84 323
f 318 323 112
f 84 185 320
f 84 320 323
f 185 36 319
f 185 319 320
f 320 319 111
f 320 111 323
f 323 111 321
f 323 321 59
f 323 59 331
f 112 323 322
f 322 323 58
f 36 184 326
f 36 326 319
f 184 83 324
f 184 324 326
f 326 324 113
f 326 113 325
f 319 326 325
f 319 325 111
f 83 183 327
f 83 327 324
f 183 21 183
f 183 183 327
f 327 183 83
f 327 83 324
f 324 327 324
f 324 324 113
f 113 324 328
f 113 328 325
f 324 83 184
f 324 184 328
f 328 184 36
f 328 36 319
f 325 328 319
f 325 319 111
f 111 325 329
f 111 329 321
f 325 113 325
f 325 325 329
f 329 325 111
f 329 111 321
f 321 329 321
f 321 321 59
f 58 323 331
f 58 331 322
f 322 331 112
f 331 59 321
f 331 321 111
f 331 111 330
f 330 111 319
f 330 319 36
f 330 36 185
f 330 185 84
f 112 331 318
f 331 330 84
f 331 84 186
f 318 331 186
f 318 186 15
f 15 318 334
f 15 334 223
f 318 112 334
f 223 334 93
f 112 322 334
f 322 58 334
f 334 335 60
f 334 60 332
f 334 332 114
f 93 334 222
f 334 114 333
f 222 334 333
f 222 333 44
f 58 322 335
f 58 335 334
f 322 112 335
f 112 318 335
f 318 15 223
f 318 223 335
f 335 223 93
f 335 93 222
f 335 222 44
f 335 44 333
f 335 333 114
f 335 114 332
f 335 332 60
f 44 333 338
f 44 338 221
f 333 114 336
f 333 336 338
f 338 336 115
f 338 115 337
f 221 338 337
f 221 337 92
f 114 332 339
f 114 339 336
f 332 60 332
f 332 332 339
f 339 332 114
f 339 114 336
f 336 339 336
f 336 336 115
f 115 336 340
f 115 340 337
f 336 114 333
f 336 333 340
f 340 333 44
f 340 44 221
f 337 340 221
f 337 221 92
f 92 337 341
f 92 341 220
f 337 115 337
f 337 337 341
f 341 337 92
f 341 92 220
f 220 341 220
f 220 220 22
f 91 317 219
f 1034 4047 3131
f 1340 851 3249
f 5016 818 348
f 347 1924 1002
f 349 367 122
f 1098 349 5525
f 1647 2135 1633
f 3416 871 1450
f 386 1948 351
f 4893 3674 4860
f 2544 3819 3466
f 1297 2861 2190
f 1532 4647 1795
f 6025 3872 3390
f 2054 369 3929
f 4014 2212 5672
f 4985 3110 3883
f 2899 2900 943
f 121 1070 3550
f 5485 2134 5451
f 837 5107 4900
f 2831 1432 3237
f 5046 4060 1235
f 3455 1166 2279
f 5753 2635 3169
f 5090 4738 985
f 1867 5052 633
f 459 2729 894
f 3910 3364 4236
f 2479 3319 5365
f 5883 362 1016
f 1103 5006 610
f 2509 4033 2344
f 2083 4797 3813
f 5810 5806 3977
f 1254 5535 1366
f 4167 3359 409
f 727 4962 1701
f 4907 5922 2195
f 1905 1135 5000
f 5333 1648 2720
f 548 1129 2050
f 2951 2515 5801
f 3625 5453 3332
f 1423 5375 4708
f 5259 5416 1779
f 370 43 356
f 2223 3550 1070
f 363 3015 1251
f 4495 1616 2904
f 5965 997 2926
f 3343 4734 365
f 3801 1097 2130
f 4694 496 1204
f 374 3752 5976
f 1382 4694 2717
f 1285 6014 4520
f 5979 4209 935
f 2730 2447 677
f 2852 5209 4633
f 1642 443 5994
f 917 5514 3018
f 1079 2192 5443
f 1321 5811 3340
f 3070 1863 425
f 2568 4629 829
f 1079 5443 2111
f 520 1958 808
f 1400 5642 3878
f 2999 2218 4691
f 3383 2472 642
f 3524 3422 4168
f 4801 2860 2494
f 1008 1459 4403
f 5908 1546 1562
f 738 752 1546
f 1259 611 3368
f 1893 1775 952
f 3751 1763 4512
f 5743 3350 4938
f 6144 1903 3185
f 3189 4835 5966
f 1235 3639 5046
f 1810 703 1246
f 3393 1216 3874
f 5415 2841 5222
f 2482 3707 4724
f 1075 5847 1360
f 2047 2847 4844
f 2928 716 3811
f 2979 1112 2439
f 6061 1407 5985
f 4954 3005 2964
f 5076 2716 3397
f 5465 2424 2310
f 2568 5548 4174
f 3586 3837 473
f 1397 1692 686
f 3784 2062 3861
f 4548 2992 3420
f 5389 6039 904
f 6138 1141 1138
f 1558 4158 3637
f 3202 2308 1907
f 800 2742 682
f 5687 3223 1765
f 4508 4300 2078
f 2914 4802 3080
f 1499 2695 1683
f 4008 3199 3807
f 2141 2486 6147
f 1718 2139 3457
f 403 1262 1962
f 1414 716 2154
f 2877 5762 4658
f 5634 5257 1994
f 2154 3496 1414
f 4285 2332 1094
f 3765 5283 5936
f 5928 1711 1079
f 457 1522 3515
f 411 6127 4542
f 6101 1590 3010
f 1590 1661 1505
f 5692 3172 4103
f 3351 3348 1275
f 5783 2687 5023
f 6064 910 3525
f 411 4542 5955
f 5299 1090 3127
f 551 1755 725
f 4159 512 790
f 5481 2244 5331
f 1205 2699 4157
f 1220 3199 4008
f 3903 3449 6033
f 5143 5817 5871
f 4319 2396 3761
f 716 2257 3811
f 2800 4794 889
f 3717 417 2381
f 4855 3325 3576
f 1364 3115 2214
f 2634 4611 4592
f 5138 2496 2085
f 383 5419 5493
f 653 1580 440
f 3505 5993 1617
f 4852 1996 2288
f 5636 5950 3468
f 1759 3892 2379
f 1396 2216 3247
f 6143 2276 2293
f 1712 3778 5091
f 939 2047 1674
f 1133 5831 4027
f 2884 4423 3070
f 4931 2970 3481
f 5166 1308 4698
f 565 3029 1477
f 4533 5881 483
f 1398 1569 1352
f 5188 4349 4927
f 1808 4535 2275
f 1282 1209 444
f 4155 3192 2844
f 971 5024 1424
f 805 2459 866
f 863 2005 431
f 2960 2889 3606
f 1627 1020 6059
f 1620 874 536
f 3609 2023 4227
f 633 4790 1867
f 1381 3283 3218
f 4057 2260 4913
f 884 1850 874
f 2997 4418 2430
f 684 4308 1040
f 4641 3386 4209
f 947 2570 5502
f 1174 951 4526
f 2166 1637 966
f 3174 1611 1103
f 3313 413 2658
f 468 1706 1111
f 5154 2142 1256
f 4128 1256 2142
f 1541 2721 441
f 441 2721 1361
f 2278 1339 5799
f 6100 3037 4430
f 1933 5997 2752
f 2494 1952 1920
f 2140 1013 2545
f 3903 773 5582
f 4183 1152 4886
f 4269 3456 1663
f 3509 2665 5568
f 1971 2011 1305
f 5356 1788 1306
f 844 2671 1165
f 1736 665 720
f 1664 6019 785
f 553 960 5852
f 2149 2203 3146
f 663 450 1193
f 5041 6142 3587
f 2623 2459 805
f 3912 1354 1784
f 4294 4289 3116
f 2377 1904 4025
f 5833 449 704
f 1589 3205 2727
f 3418 1579 691
f 3241 3411 3686
f 455 2073 3448
f 748 5755 1879
f 1802 456 4080
f 586 1807 3381
f 3515 5792 457
f 5566 930 432
f 2747 4086 3360
f 2346 4481 3846
f 831 4906 897
f 5664 5476 3133
f 3199 1220 4306
f 5867 5011 2038
f 3733 461 5455
f 4420 4634 2064
f 4288 4561 4329
f 987 2556 1760
f 2944 4030 524
f 625 3108 3043
f 4220 2072 1726
f 2962 3007 4415
f 455 3448 5066
f 5006 1555 610
f 2486 885 2484
f 2451 2612 1523
f 3755 2905 697
f 5404 2255 3215
f 1803 5668 4313
f 4079 453 5374
f 2309 488 1064
f 3437 5024 971
f 5210 4428 1848
f 5914 1615 812
f 3245 1989 1750
f 3273 351 1948
f 3120 2144 1077
f 4131 6093 2508
f 817 2413 1699
f 3696 2584 2443
f 2474 3087 4178
f 5341 6040 2961
f 2835 3050 1632
f 3647 553 5852
f 3003 2983 788
f 3183 2324 2045
f 1138 1141 1855
f 3467 3678 810
f 970 731 5201
f 1222 2631 4880
f 4180 2245 5049
f 5201 731 862
f 5869 725 3921
f 1475 4253 4919
f 3718 5304 2383
f 3962 3415 5245
f 3072 5859 736
f 1890 3629 2862
f 1926 3880 2892
f 3621 1425 558
f 545 2624 484
f 4521 2754 1631
f 3343 4576 5381
f 2545 4997 1331
f 2307 5389 1644
f 4468 4421 2101
f 3362 3198 1015
f 982 1877 2853
f 5015 4976 2088
f 2983 5196 788
f 489 731 970
f 5328 5332 5526
f 1032 661 1474
f 6125 3766 4595
f 2047 4844 4723
f 2225 3287 2157
f 462 2556 353
f 4595 4700 1694
f 5563 3810 3642
f 5744 5873 1712
f 2946 2515 2951
f 1060 3706 371
f 495 454 3624
f 3973 3190 3334
f 2121 6151 6155
f 1589 4845 3205
f 3125 4552 4549
f 4288 659 4561
f 596 938 5351
f 1880 2562 797
f 4198 1439 2715
f 1011 434 5045
f 5090 5104 4738
f 400 5366 5437
f 2688 2598 603
f 5899 6144 3185
f 4444 4286 3822
f 5250 2217 1731
f 3112 3750 1449
f 5346 2917 382
f 841 2766 925
f 5124 1768 3066
f 4660 5609 505
f 1677 2313 1889
f 2303 4437 3982
f 2612 3257 4395
f 4567 1532 1795
f 3395 3495 1899
f 487 2322 5775
f 732 3632 4956
f 3708 3312 615
f 1714 613 4945
f 3162 2037 3736
f 2163 5879 4467
f 5287 614 4683
f 640 4471 493
f 809 1515 2659
f 2287 2360 854
f 5575 3650 5591
f 2278 2106 1339
f 5018 1960 2300
f 4119 2083 3225
f 5361 789 3851
f 1696 2322 487
f 4825 5584 1028
f 4000 362 5105
f 1710 5997 1933
f 682 506 800
f 4763 1671 5458
f 4748 2561 759
f 1554 2840 2596
f 4763 5401 3126
f 584 4448 5919
f 1536 414 3303
f 883 857 5137
f 6049 605 2871
f 3929 369 1513
f 1665 5454 3013
f 3116 5541 4294
f 1985 3649 3349
f 4030 1652 524
f 3065 2968 6026
f 646 5382 4256
f 3242 4121 3852
f 3480 1016 2295
f 3179 441 1361
f 3411 1789 5992
f 4855 3576 2932
f 4028 4842 2818
f 4054 602 1771
f 5511 481 1937
f 2224 3310 360
f 3515 2256 1892
f 3787 1915 1803
f 3592 5769 1766
f 1188 5811 1321
f 1738 2728 3609
f 3904 679 3295
f 3931 2074 3128
f 1766 4303 531
f 534 1202 842
f 4377 2034 662
f 671 2025 3191
f 1380 3122 937
f 631 5627 1283
f 5163 364 3533
f 3304 4404 525
f 5940 2051 1467
f 739 907 1991
f 988 725 5869
f 4695 2202 2116
f 632 5050 5850
f 1689 5638 1769
f 4846 3151 1485
f 5738 2080 4924
f 3094 4250 1139
f 2650 542 3957
f 3623 4593 653
f 4934 839 5229
f 2880 3035 2877
f 2036 2106 544
f 4079 3531 453
f 2624 545 1090
f 2332 6127 411
f 5602 5221 4376
f 1963 2628 2616
f 2500 5526 4002
f 3681 864 2030
f 2906 3024 1913
f 850 3179 3920
f 549 5675 3978
f 530 5374 2035
f 511 4868 476
f 1329 1405 1630
f 3088 5371 3278
f 2234 5510 4351
f 2497 1222 1835
f 1259 3368 3904
f 3062 1979 6078
f 2968 3062 6078
f 4646 418 4644
f 2947 5197 1524
f 555 152 205
f 213 555 205
f 727 779 4962
f 2567 2878 782
f 2187 686 1692
f 3678 2057 810
f 3194 2180 3182
f 2928 2266 716
f 5779 2265 2941
f 806 1067 2686
f 1494 5180 3668
f 1247 4261 3942
f 1438 5843 460
f 2934 2504 2546
f 1471 5527 5359
f 5553 2432 4773
f 538 2604 4123
f 4600 1066 2229
f 4847 2953 587
f 2103 449 754
f 1261 4122 976
f 782 2878 3825
f 3588 2143 5678
f 4697 4743 4761
f 4871 554 4867
f 2815 2280 2816
f 3012 2206 1650
f 5312 1587 3051
f 945 670 2934
f 1526 5963 561
f 2779 4107 2808
f 744 5404 3215
f 1956 1995 5488
f 2345 521 3053
f 3526 2083 3104
f 2476 6107 1224
f 3292 5149 2806
f 1742 2371 1650
f 3035 3841 1422
f 3910 4236 2460
f 3905 2854 696
f 3224 2402 1445
f 3454 5810 2995
f 3722 2800 889
f 577 2748 5469
f 4413 577 2635
f 3546 3251 1311
f 3559 1311 2042
f 4785 2004 4254
f 3696 3338 2584
f 2837 6145 1887
f 786 4729 4741
f 3805 3170 442
f 3900 3802 2115
f 1241 2107 582
f 2193 5923 1707
f 583 3528 1465
f 2497 1835 3285
f 2208 2318 2858
f 2318 490 916
f 5009 3118 381
f 4724 1669 5917
f 586 1574 1807
f 2695 2021 1733
f 1911 3451 1589
f 1979 5783 5023
f 5750 588 4645
f 741 981 1120
f 4162 4307 589
f 439 3306 2115
f 1177 4293 2668
f 4478 2636 1161
f 1382 2717 4183
f 4172 4188 4884
f 925 5930 4321
f 4191 5222 5393
f 5440 528 593
f 1434 2995 1155
f 594 1844 5445
f 1302 5049 5019
f 5856 3622 1389
f 4302 1224 6107
f 5610 5849 4649
f 5786 3217 5114
f 4465 1087 437
f 3544 3500 806
f 5424 598 684
f 3859 2273 2018
f 5221 5602 546
f 1737 2974 590
f 600 3890 3895
f 1981 3502 4269
f 739 1991 1200
f 1552 4388 376
f 5199 1408 6150
f 3740 2772 4788
f 1082 5558 1185
f 5276 5256 2196
f 1684 2887 2199
f 3626 4791 962
f 3958 844 2597
f 2253 4711 3013
f 606 386 2439
f 1387 2524 4944
f 607 683 1670
f 1225 5298 3591
f 2020 1831 3922
f 5396 618 6046
f 5827 755 3949
f 844 4374 2597
f 465 610 1555
f 465 1611 3174
f 1252 4332 611
f 3877 5172 1643
f 3908 3925 1327
f 4740 1860 3240
f 5863 711 2393
f 4824 1249 509
f 1278 5180 5153
f 1087 2704 4488
f 3046 3708 615
f 902 1650 887
f 916 3603 3430
f 3100 4212 4449
f 2737 5276 2196
f 1132 1647 1633
f 5929 1847 3058
f 978 4452 5226
f 1721 3397 2716
f 810 5181 3467
f 1469 5193 5329
f 4341 940 1737
f 3828 621 1886
f 1119 4128 1046
f 5426 2876 1978
f 2641 1441 1054
f 2548 2839 4218
f 2582 4915 2553
f 565 1477 5842
f 1381 795 5820
f 1692 1397 4785
f 3614 1573 3093
f 2421 3127 1090
f 2773 5496 4217
f 584 4466 821
f 886 3324 1220
f 5249 1316 1184
f 3768 841 4762
f 1610 3217 2780
f 3058 1657 1253
f 776 2323 3618
f 1746 1341 1906
f 1283 5740 631
f 5740 445 4154
f 5012 1157 5278
f 1154 4173 1157
f 1362 2621 5308
f 1473 5395 5464
f 923 4979 5492
f 2594 1054 6109
f 3843 5888 2575
f 2088 4976 1660
f 3333 4018 2118
f 4565 5880 3450
f 5886 2580 637
f 4513 1180 2814
f 3294 2152 3284
f 1577 474 2495
f 1040 4292 1639
f 1731 2183 5697
f 3551 2391 4686
f 4730 5438 3545
f 4311 3118 5009
f 4915 3405 2553
f 848 685 5334
f 1802 2712 456
f 2748 1235 4060
f 1150 1239 999
f 4413 2635 5753
f 397 6106 1857
f 5296 4598 1720
f 4220 5079 2072
f 2304 2051 5940
f 2089 2925 1277
f 5651 1689 5613
f 5795 2363 2222
f 217 748 975
f 2009 5025 760
f 4083 5437 3262
f 2161 3107 2146
f 3019 4533 2297
f 3019 964 1593
f 3844 1494 3668
f 2391 5923 2193
f 3838 4578 527
f 2056 1788 1949
f 5463 2650 3034
f 2898 2387 2169
f 5534 1862 5206
f 933 735 4153
f 699 864 3093
f 2614 3837 547
f 1635 4885 3089
f 4406 1945 3370
f 5572 6071 657
f 2846 967 3453
f 1456 3746 2163
f 2016 857 883
f 4503 3715 5092
f 5092 4604 503
f 3556 660 314
f 5384 2499 3032
f 3100 4449 3098
f 3595 1720 4598
f 501 1869 1003
f 4652 2879 2014
f 4569 2410 1589
f 1911 1589 2410
f 4570 5497 664
f 5720 5497 4597
f 1276 1304 4156
f 2599 2060 6020
f 666 3710 3534
f 4853 5691 4111
f 1055 605 6049
f 5522 5834 3250
f 2636 5419 4774
f 3816 2973 4838
f 1507 5998 2821
f 2022 1024 1950
f 1807 5770 945
f 1807 1574 3084
f 5259 1779 4476
f 3781 3210 1147
f 3964 769 4416
f 584 2767 5288
f 655 4258 2539
f 2279 1702 1238
f 2478 674 5587
f 5785 4424 5508
f 2298 5383 675
f 3212 5380 1724
f 1520 3970 5658
f 4506 3248 1030
f 677 2447 2918
f 4853 3710 5691
f 3146 2203 3129
f 5082 587 373
f 679 3521 3295
f 1252 681 4332
f 3720 477 1761
f 1437 4362 3156
f 681 4630 4332
f 4663 5445 1844
f 5758 4291 668
f 1128 4753 2055
f 4062 2926 997
f 3384 5747 3382
f 508 4308 684
f 3386 4641 3389
f 3166 3903 5707
f 4752 2984 3230
f 2187 3607 686
f 2176 4104 4402
f 687 2234 1342
f 2100 2949 5054
f 4332 4767 2453
f 2386 5185 5323
f 3423 4499 5834
f 4252 6056 4250
f 596 690 938
f 5325 1880 2592
f 4348 652 4393
f 878 2015 4470
f 3691 870 3685
f 1461 4362 2975
f 3246 693 4879
f 3770 1027 967
f 5174 562 3289
f 1286 3400 2776
f 3964 5590 769
f 1079 1711 4008
f 5038 3339 3302
f 2099 3302 5704
f 697 1581 472
f 1213 3755 697
f 2863 1603 429
f 2844 3897 5624
f 1656 1999 5733
f 6115 5724 4089
f 4337 3194 3966
f 3621 4358 4259
f 4430 1390 6100
f 5594 4875 4061
f 2978 2688 603
f 2691 2571 4895
f 524 5855 2944
f 1357 3065 4150
f 1392 3845 678
f 5289 4811 5108
f 1363 705 3081
f 1490 705 1363
f 706 2621 1695
f 2784 2602 3547
f 3332 5453 4681
f 4078 2099 5704
f 5517 1176 1315
f 3365 4460 3785
f 709 4279 5971
f 709 1074 1787
f 5768 4632 1804
f 3973 4750 4758
f 4334 4320 5588
f 1680 2155 1033
f 5786 1044 4645
f 596 6091 690
f 3356 3808 713
f 6115 4089 3808
f 1734 3486 1134
f 1763 2461 904
f 3145 715 4754
f 4272 3460 814
f 2266 5444 1914
f 5444 378 1914
f 489 2006 3200
f 3055 5705 1277
f 2503 5294 2148
f 1179 1746 3542
f 4557 1203 719
f 4556 3396 2816
f 869 5214 1430
f 4812 4091 5157
f 2402 3229 4639
f 3229 2402 3224
f 3342 1131 620
f 2971 900 1613
f 4304 986 1830
f 1649 4746 958
f 724 5768 1804
f 1626 2600 3276
f 4279 2292 1426
f 1904 519 4025
f 726 1521 3367
f 390 712 5884
f 1133 2480 2086
f 2170 1124 556
f 1145 728 160
f 728 1145 118
f 729 3135 1273
f 872 1525 1091
f 730 533 5769
f 533 1254 1776
f 3200 2006 3232
f 5172 3877 2361
f 4843 4372 732
f 2633 1465 3528
f 403 733 1262
f 957 484 2588
f 3067 2095 734
f 2281 1231 1217
f 775 5112 735
f 1113 4375 685
f 736 349 3072
f 1041 931 2227
f 4276 3168 1469
f 1469 5208 1735
f 752 738 4031
f 4363 4550 2249
f 5074 907 4656
f 5933 3109 6045
f 3225 2083 2289
f 4939 6080 1919
f 1661 4322 1505
f 1123 5031 3380
f 1563 1419 2102
f 3085 2431 826
f 743 758 3808
f 2030 864 699
f 570 3234 578
f 3372 980 3849
f 892 494 5918
f 2159 778 3516
f 2035 5100 530
f 496 3721 1204
f 5296 2329 4598
f 394 5018 1518
f 748 1337 975
f 1009 1337 748
f 579 3335 749
f 5103 1239 3580
f 1870 804 3971
f 454 1969 3624
f 5648 5745 4192
f 1988 742 5119
f 2489 5992 1789
f 765 3243 4823
f 5652 3548 753
f 3293 3580 2443
f 868 3809 4518
f 3989 2290 1730
f 521 876 3186
f 1545 5400 2671
f 3110 2269 1318
f 1516 4198 5981
f 2908 1966 757
f 1760 2556 462
f 758 743 4278
f 6115 3782 5724
f 512 759 2561
f 4159 2360 512
f 3556 760 2652
f 3556 2009 760
f 2258 3425 3428
f 1096 3956 5320
f 3633 2722 762
f 825 5948 4241
f 763 4867 4127
f 4873 4364 4435
f 3447 1559 1623
f 5379 4057 4098
f 765 2566 3243
f 1782 5908 1562
f 4427 766 5353
f 4744 3868 392
f 1823 2374 3275
f 5380 1218 5056
f 944 822 3503
f 574 1451 3057
f 4416 5390 1355
f 5767 4075 1711
f 2183 1731 3412
f 1982 4019 1501
f 2538 1709 1154
f 2868 539 5728
f 772 619 2967
f 2591 5181 1115
f 6012 2204 2719
f 4624 3684 4347
f 774 2361 1753
f 1252 594 681
f 1862 933 5206
f 4747 5410 4720
f 4237 851 1340
f 2608 2376 4357
f 4116 4124 777
f 1521 1464 2151
f 5367 2589 4352
f 5367 4352 5422
f 3464 5156 3537
f 5941 2336 426
f 2860 1952 2494
f 2316 563 1952
f 4793 5322 4806
f 2214 3115 5822
f 2174 3363 2185
f 1305 3363 2174
f 1059 3016 4228
f 548 5301 1129
f 784 598 4854
f 2614 2518 3837
f 785 1618 1828
f 629 1253 1657
f 786 4739 1454
f 2967 1444 1715
f 595 2282 5931
f 2979 2439 5490
f 4887 3282 3308
f 2761 5196 3827
f 789 1668 1602
f 515 4702 789
f 5886 4964 5099
f 1333 2070 3158
f 4781 791 1868
f 4781 2165 791
f 4409 5589 5654
f 3692 687 2949
f 3201 2974 1448
f 4900 5107 1820
f 3397 477 3720
f 4655 1459 1008
f 1063 5111 3130
f 3130 1840 2416
f 2014 2879 796
f 2747 2768 4833
f 5349 3707 2482
f 390 3893 726
f 6126 2454 798
f 3712 1058 360
f 1389 799 4981
f 5209 820 3839
f 1878 4838 5399
f 4364 5706 517
f 4653 5252 5258
f 1982 1501 436
f 4561 5843 4329
f 6050 3750 4419
f 2708 803 3589
f 657 5141 3770
f 1870 4814 804
f 1593 4533 3019
f 5513 4982 2262
f 1174 1334 2521
f 2941 3899 559
f 1959 597 4073
f 1292 2889 2960
f 672 1472 3254
f 1536 1839 414
f 5011 3743 2546
f 1043 2109 1894
f 2794 1889 4361
f 2654 577 4413
f 5727 5189 2057
f 2981 3520 3725
f 1210 2476 2957
f 5538 812 4067
f 3894 1848 3558
f 3147 1025 1605
f 801 2446 2525
f 1470 3682 5195
f 1988 1270 742
f 815 1434 3981
f 1742 1537 2371
f 3552 2392 4948
f 5758 1748 1260
f 3244 5022 4100
f 2466 3335 579
f 4751 5943 2822
f 4093 3432 5713
f 2576 1628 2522
f 2576 2458 3919
f 3839 820 3755
f 4107 3585 2808
f 584 821 2767
f 4328 2920 4477
f 621 3864 1886
f 1875 1047 5579
f 2032 6057 1194
f 1175 514 497
f 5512 1707 824
f 4937 1805 4887
f 1126 2052 4327
f 3375 2369 5648
f 2532 2822 2694
f 2745 5122 4216
f 3966 2656 827
f 4844 2847 3042
f 4462 2120 4530
f 4307 4162 3463
f 4629 5504 829
f 992 2076 4560
f 3211 830 2042
f 3331 5040 1480
f 1876 4815 4829
f 3176 4906 3741
f 832 1666 1911
f 832 3923 5970
f 3773 519 1904
f 1047 4065 1293
f 5628 5651 5613
f 5878 5795 6082
f 835 4586 5200
f 5025 835 2652
f 1215 4204 5367
f 4319 1732 2396
f 3392 737 2682
f 1469 2966 737
f 2220 484 957
f 4269 2220 1981
f 3841 5229 839
f 1263 2460 2390
f 5728 539 3377
f 5570 4001 3804
f 486 1248 5117
f 1763 904 6039
f 3408 3704 560
f 1756 1936 2798
f 2078 4300 4688
f 4688 4271 3988
f 454 495 5545
f 3073 3940 1579
f 1788 5352 1949
f 1870 2157 4814
f 2581 1399 1780
f 3067 734 4446
f 3063 2340 847
f 4709 2057 5189
f 2068 2712 4517
f 2188 4103 3671
f 849 931 1041
f 5105 2498 4000
f 850 441 3179
f 1486 370 1237
f 2286 3618 5739
f 630 4015 1265
f 3210 5143 1147
f 3543 4344 4577
f 2042 830 3331
f 4793 1651 2255
f 1722 5866 854
f 5654 2949 5910
f 461 3409 5455
f 1507 2821 1686
f 5249 1800 1316
f 739 1200 1920
f 3436 3423 1725
f 5522 3423 5834
f 4592 5399 2634
f 1878 5399 517
f 4281 5540 859
f 4039 1531 1463
f 860 3187 2020
f 4649 2744 402
f 2823 2951 5801
f 1322 4757 4736
f 731 4391 862
f 4830 502 4827
f 2738 756 5898
f 3676 5898 756
f 673 2801 1614
f 5433 4584 2801
f 382 5021 865
f 5922 1191 2195
f 2963 6108 4717
f 1758 937 3122
f 2675 4598 867
f 4552 3125 867
f 832 5970 1666
f 3989 1730 4021
f 5110 2043 5115
f 1399 2581 2053
f 870 1552 376
f 1200 1800 965
f 3188 3206 1539
f 962 1698 5569
f 729 2376 2608
f 803 6027 3589
f 5865 5204 4270
f 1909 861 1496
f 4487 4493 2235
f 4497 4418 2997
f 875 1883 3854
f 876 521 2345
f 5176 875 3033
f 979 1078 5176
f 429 2338 877
f 2769 1209 1282
f 2001 3634 3965
f 3634 1107 3965
f 4101 1916 1263
f 1426 2292 4918
f 447 5140 2284
f 3634 2001 974
f 4049 4092 2739
f 1398 3661 2632
f 882 691 1579
f 691 882 880
f 2677 3991 658
f 3204 2664 5909
f 1620 884 874
f 884 4675 930
f 2141 885 2486
f 885 2141 3488
f 5187 2061 2767
f 4211 5187 1137
f 887 3687 902
f 6059 1020 1601
f 2612 2451 888
f 517 1478 1878
f 626 2829 4778
f 5290 2506 4687
f 1110 3979 2696
f 3250 1551 2873
f 5604 2059 891
f 5627 1620 536
f 4784 3485 2697
f 5870 959 4982
f 893 2416 2172
f 2463 1964 948
f 5815 5528 2339
f 1076 2441 4197
f 4728 895 2558
f 3018 5514 3354
f 896 957 3511
f 838 1872 896
f 4631 897 813
f 2233 5425 2525
f 898 2040 1766
f 5619 2116 5570
f 4590 918 740
f 3288 3832 1654
f 1735 722 3323
f 3323 4299 2869
f 3151 901 1485
f 5980 438 901
f 1069 615 4777
f 4338 2806 5708
f 5020 2669 1504
f 827 2656 4370
f 4701 4570 664
f 5530 5277 1134
f 1825 1146 461
f 4589 1481 3764
f 5734 1889 2794
f 3747 5474 3304
f 6048 3156 3346
f 6048 1437 3156
f 3304 525 1597
f 2028 1597 3851
f 593 3011 909
f 4788 4201 3740
f 894 3599 459
f 4787 4955 1621
f 2202 2909 911
f 2202 911 2116
f 912 2718 3359
f 1654 3832 1670
f 350 4770 2690
f 2161 2146 3938
f 1083 589 914
f 1359 3806 922
f 2637 3425 915
f 3633 4480 2722
f 584 916 4448
f 2921 1958 520
f 3374 1315 4126
f 2375 1297 2190
f 4773 2432 1974
f 1974 5184 740
f 433 1509 2630
f 1740 2023 4090
f 5818 5872 3522
f 5872 469 2181
f 2491 1366 5535
f 5471 5147 5440
f 2106 4864 1339
f 5968 3525 2127
f 3050 3615 1632
f 4854 598 5424
f 924 5717 3583
f 4319 3761 5717
f 4762 2101 4421
f 5124 4762 592
f 2306 1052 3675
f 2955 1891 3799
f 1831 5629 3922
f 5175 2796 5128
f 5848 2660 2715
f 3027 976 4522
f 929 4784 2697
f 1330 2308 3202
f 5483 891 2059
f 1587 2364 3051
f 1913 3024 1158
f 736 1158 3024
f 4774 932 5953
f 1770 4600 3552
f 5071 2550 3382
f 735 5071 775
f 5632 1795 557
f 2770 5469 2748
f 5220 1614 864
f 864 2614 547
f 2419 5280 1429
f 2957 2826 1210
f 1758 2904 937
f 2105 1380 2595
f 5351 938 5327
f 1230 2796 5175
f 4259 4358 4274
f 5420 1747 2847
f 620 383 5493
f 3342 620 5493
f 72 117 941
f 941 117 118
f 2982 1417 4054
f 2421 2506 405
f 5846 4064 2041
f 3344 1561 5858
f 3828 1886 5094
f 3419 6047 5541
f 4786 2230 569
f 2908 5394 1966
f 1591 3986 3661
f 1439 4198 1516
f 4496 1278 5153
f 437 1729 5406
f 948 1964 2574
f 1550 5095 1506
f 1856 2557 949
f 1622 4045 2557
f 1595 5029 4820
f 575 5029 3826
f 1174 5502 3937
f 3955 2139 1718
f 2183 3412 4665
f 770 2732 3414
f 2390 953 4795
f 4809 1451 574
f 1245 1223 3103
f 4773 1638 3709
f 955 3649 452
f 2352 4507 768
f 4214 3579 2230
f 1301 945 3579
f 5632 4568 1795
f 4568 2913 403
f 1649 958 3734
f 4949 723 2415
f 2709 959 2049
f 2459 2623 5427
f 960 3754 3290
f 1371 2673 2765
f 677 6138 2730
f 3461 1734 1134
f 871 3416 1457
f 2419 2199 2887
f 1881 1136 1353
f 796 2879 3968
f 5749 1799 1386
f 1801 5882 1799
f 965 1800 856
f 1012 3817 5037
f 966 5677 2166
f 540 5735 966
f 1764 1372 4994
f 5002 3417 1525
f 5241 2365 3635
f 398 954 3610
f 5230 120 128
f 128 2785 5230
f 2341 1277 2925
f 1696 487 515
f 3347 1781 3843
f 1520 5658 635
f 6099 5581 1570
f 3993 1570 3809
f 2389 701 973
f 1423 3578 2389
f 3512 974 2001
f 4393 4470 2015
f 2980 4933 975
f 835 5025 2403
f 2029 3825 2185
f 4196 2173 2170
f 5269 5703 6122
f 5913 3846 4020
f 5226 608 978
f 860 3058 3187
f 875 3856 3033
f 2928 1188 2931
f 980 3234 570
f 3643 1396 3247
f 588 1120 5217
f 2780 3858 2861
f 4112 906 4110
f 3572 906 4130
f 5765 4163 983
f 4153 5206 933
f 4546 1313 984
f 4546 984 1578
f 6035 4972 5090
f 1180 4513 2321
f 2724 4998 986
f 3255 1193 2724
f 808 2147 987
f 5901 1839 2267
f 551 725 988
f 4351 5510 5413
f 2871 605 2640
f 5676 3669 1162
f 4192 2431 2350
f 1195 5943 346
f 972 1054 4640
f 4640 5215 5385
f 4812 5157 1634
f 3703 4545 1399
f 976 3027 1261
f 2739 4092 928
f 669 5998 1846
f 669 4164 5998
f 995 737 3392
f 4918 995 4920
f 996 3022 4301
f 777 3474 4116
f 997 1433 6032
f 5407 4720 2864
f 874 998 536
f 2235 4497 2997
f 5989 5103 3548
f 5103 753 3548
f 1000 1622 2557
f 1151 2605 6060
f 534 1001 1202
f 501 4368 1869
f 5948 1002 4241
f 347 1002 3002
f 3337 1869 662
f 2879 1751 3968
f 3675 1052 926
f 4290 1859 2882
f 5247 916 584
f 5247 584 5288
f 1006 3963 3694
f 483 2297 4533
f 2087 1280 1007
f 5692 5978 3172
f 794 6132 5060
f 580 794 3164
f 5549 1009 748
f 2559 3944 127
f 505 1010 3747
f 505 5609 1010
f 1011 993 881
f 5506 1591 3661
f 4380 3315 1012
f 1012 2610 5338
f 2991 2844 3192
f 3235 2429 5170
f 2629 3620 2626
f 1765 1170 2994
f 3565 3529 2136
f 5487 2136 395
f 2317 3729 362
f 3729 2317 4283
f 5936 1908 3765
f 3064 1355 4027
f 5785 4714 4424
f 5652 753 2689
f 808 1958 2147
f 492 4595 1694
f 1020 1487 5667
f 3648 3752 3815
f 3700 6113 3229
f 3253 6023 6089
f 3392 1022 995
f 1022 4946 3773
f 1251 1023 363
f 1021 5547 5223
f 1363 2467 5227
f 1363 3081 2467
f 4230 1605 1612
f 3124 6083 1279
f 1026 5179 942
f 5235 3478 5199
f 1372 4879 693
f 1906 2881 1358
f 3032 314 2959
f 3032 2757 314
f 2021 2379 3985
f 3985 5337 401
f 1087 2 1030
f 3970 1598 5343
f 1031 1841 1935
f 5824 5809 404
f 2858 1032 2208
f 3464 1918 5156
f 3292 3312 2603
f 4334 5588 2619
f 4715 4047 1034
f 2542 2145 1049
f 3048 486 5117
f 3227 680 1575
f 5812 1036 3932
f 815 3935 1434
f 1037 675 5383
f 2764 1827 969
f 2428 4538 3800
f 5116 2479 5373
f 831 3741 4906
f 1605 2938 3147
f 1632 1040 1142
f 375 1421 1632
f 2475 1041 2227
f 516 5584 4825
f 5082 5086 5286
f 1990 2149 5084
f 3126 2177 518
f 1515 2210 1690
f 5951 2442 1549
f 2744 2442 4135
f 1088 2496 2577
f 3907 5242 4417
f 1046 4128 2850
f 4208 2548 4218
f 5762 2855 3730
f 5762 1356 4658
f 721 5944 3700
f 5964 3507 1021
f 1049 3138 3135
f 729 2608 3135
f 568 3708 1050
f 1020 2655 1487
f 6072 6089 6023
f 6023 2789 6041
f 4017 977 5265
f 1136 458 1353
f 1053 5421 5426
f 4847 5664 2953
f 6099 5421 1053
f 4881 1961 6099
f 2473 1409 2560
f 2080 689 4260
f 5450 2672 5444
f 5020 1290 5443
f 3121 3719 3705
f 2387 2898 2272
f 5744 5911 5873
f 5778 4730 1479
f 1823 3275 783
f 3920 783 3275
f 1060 5513 5938
f 951 2564 4670
f 3269 4978 1693
f 3588 1693 2143
f 1062 405 3493
f 957 2588 1786
f 1063 2283 5111
f 1785 2424 5387
f 3044 2181 469
f 4454 1420 1819
f 4951 4017 5265
f 2306 2674 1052
f 1192 1832 1866
f 4264 5413 3259
f 5287 4683 4912
f 4683 3899 3154
f 3827 5751 5015
f 1221 3970 1520
f 1069 3046 615
f 2655 5839 1487
f 121 4805 1070
f 5712 3749 144
f 4823 3243 4817
f 1447 5588 5484
f 3571 4402 4401
f 3571 5130 4278
f 4203 3932 2573
f 2619 5588 1447
f 1074 3168 1787
f 3924 4748 759
f 641 2169 4942
f 4810 2169 641
f 1822 2406 1076
f 3560 3159 2108
f 5353 2711 4427
f 4836 471 1902
f 1078 2931 510
f 3835 2319 5495
f 3807 1899 3495
f 3495 3891 3807
f 3044 3945 2181
f 3054 3044 5554
f 3096 6052 1081
f 6082 5795 2008
f 2079 4151 3577
f 3256 3105 617
f 1076 1284 3111
f 1284 1076 3159
f 4166 1208 3738
f 702 5679 1373
f 1691 4103 2188
f 983 4163 4917
f 5663 444 4315
f 2545 1331 1529
f 597 4491 1068
f 1959 4491 597
f 2792 2577 2954
f 3022 2792 4301
f 1715 1089 2967
f 1824 772 2967
f 1090 4043 4687
f 545 1338 3203
f 1091 4992 5295
f 4650 5300 2145
f 3789 1232 1156
f 1251 3207 1023
f 836 3220 6036
f 3191 2025 4505
f 2220 4269 2533
f 2533 5101 2531
f 2463 893 2172
f 3130 2416 893
f 1096 2637 3956
f 715 348 4547
f 3306 439 1097
f 1359 5926 3806
f 367 349 1098
f 6028 2050 3472
f 1017 2795 1099
f 2795 4233 4477
f 2263 1100 2012
f 4247 2946 2951
f 1101 2117 361
f 1101 361 5470
f 2585 2334 1102
f 3429 2353 4464
f 1103 3001 3314
f 4716 1103 1611
f 5860 2714 1104
f 2783 4083 3262
f 5302 2804 2768
f 1119 1320 1332
f 1410 4059 3021
f 3955 6144 1410
f 1107 4359 3583
f 5519 4892 4359
f 600 3895 4605
f 4852 2288 4534
f 4272 1109 3460
f 2052 1109 4327
f 3250 2873 2606
f 3204 2065 609
f 1111 6054 3698
f 457 5792 2182
f 1112 4190 2826
f 5280 2419 4346
f 2068 1113 2712
f 848 1113 685
f 3554 6149 622
f 4286 4444 5967
f 1115 619 2591
f 2514 5875 5838
f 4783 5231 1116
f 5869 3921 3462
f 1117 677 1300
f 2514 1117 5008
f 4134 1640 1118
f 879 4914 4253
f 1119 3508 1320
f 5683 1488 5552
f 1123 741 1120
f 4432 3140 4993
f 1882 1595 4820
f 4862 434 1011
f 6025 3390 4141
f 2463 1376 893
f 390 726 3367
f 4432 4472 3040
f 556 1124 627
f 1701 1005 2440
f 5286 1323 5082
f 754 5062 2103
f 3438 4296 814
f 3139 1470 3328
f 1127 3593 2115
f 1406 3805 5814
f 2825 4142 5075
f 2750 4175 4142
f 3275 2374 1129
f 767 6030 3472
f 4284 3330 589
f 5423 3330 4284
f 5193 4498 5275
f 722 4299 3323
f 3779 1647 1132
f 2226 4166 1084
f 1584 3049 4698
f 756 1584 1292
f 1134 4570 4701
f 2461 1134 4701
f 853 1135 1905
f 5322 3036 3402
f 963 458 1136
f 1751 4895 2646
f 1137 4562 3301
f 4211 1137 406
f 3486 1734 4963
f 4963 1855 2969
f 1538 5649 541
f 541 2868 5728
f 3286 3884 1140
f 4719 1140 3884
f 6138 677 1141
f 1117 1141 677
f 4979 923 1142
f 4653 5258 2799
f 1211 4744 1143
f 2476 4186 3150
f 1144 2205 3017
f 4436 5409 1144
f 1145 941 118
f 30 941 1145
f 1825 4867 1146
f 855 669 1846
f 5357 2150 1178
f 1658 1178 2150
f 3812 3735 5418
f 1808 4587 4535
f 2197 1149 3772
f 5512 4471 640
f 1150 999 1812
f 4129 5830 4412
f 489 1874 2565
f 2565 3877 4391
f 4886 1152 4890
f 1152 5802 746
f 3144 665 1736
f 2884 1156 1232
f 5068 771 2538
f 1401 911 2909
f 1543 5471 909
f 5576 5147 5471
f 3144 1736 1156
f 1153 3789 3814
f 1157 3736 5278
f 5072 1157 4173
f 1158 4094 5028
f 5028 849 5030
f 4955 5975 1621
f 1473 5464 4407
f 1160 4311 3672
f 1266 4915 2582
f 1161 4244 4478
f 2750 3959 2452
f 2640 5676 1162
f 3073 3958 3940
f 3023 2176 1163
f 3356 3410 1163
f 1164 5653 3006
f 825 2872 5745
f 3426 1545 755
f 1110 2696 755
f 4980 2661 2827
f 4936 4361 500
f 5928 5767 1711
f 3110 1318 2813
f 2254 3632 3842
f 583 2497 3855
f 1169 2972 746
f 1803 4313 3132
f 2994 1170 4387
f 5115 4935 3155
f 2338 5699 5624
f 1275 5243 3351
f 5266 1172 5422
f 2335 3905 4681
f 5346 382 3383
f 2950 1802 460
f 3413 947 5502
f 5924 2312 1729
f 2032 1175 6057
f 1518 5018 4235
f 3267 3365 3785
f 3759 1615 470
f 2682 1177 2668
f 1177 2682 737
f 1782 3394 828
f 3582 2409 3617
f 5520 1179 2736
f 2209 1708 344
f 4735 4729 1180
f 786 5203 4729
f 2092 4539 5707
f 4080 456 2465
f 1182 4647 1532
f 5449 3163 3169
f 5787 532 4081
f 4081 6146 1114
f 3604 5249 1184
f 628 4898 4425
f 3222 529 1058
f 3222 1058 3712
f 2764 969 1186
f 1186 5230 5651
f 1187 2501 1206
f 3184 654 5403
f 2257 5808 1188
f 1188 5808 4303
f 1189 2355 4608
f 4717 6108 4608
f 2694 1190 5122
f 715 5016 348
f 4474 3359 4167
f 865 4167 2469
f 2819 1192 1866
f 2010 2819 3278
f 2129 674 2478
f 5146 5636 3468
f 4419 802 6050
f 802 4419 3383
f 990 1195 346
f 3006 5653 2102
f 1823 783 1489
f 2793 3641 5014
f 4471 1946 493
f 1849 1509 3642
f 3033 2928 1198
f 1078 979 2931
f 2924 707 3915
f 3762 2924 3742
f 1800 1200 5726
f 5726 1200 5239
f 2194 353 1019
f 4524 4598 2675
f 1001 3226 1202
f 1202 3226 3264
f 3628 1184 2013
f 2013 2585 3917
f 3665 5100 1204
f 1204 1152 4183
f 4197 2441 2666
f 914 2110 2678
f 3431 1206 654
f 4720 4667 4747
f 1407 3939 1207
f 3431 1187 1206
f 2649 2084 2081
f 4148 4889 3577
f 877 4396 429
f 4224 1013 2140
f 4186 1143 3150
f 3316 5490 2493
f 1211 3868 4744
f 2098 4721 2144
f 798 4226 1403
f 1937 2903 1370
f 472 1213 697
f 4721 1484 2144
f 1321 3340 6068
f 2319 1078 510
f 1093 3954 535
f 5422 4703 3625
f 5449 3169 3653
f 3892 1029 2379
f 4610 379 3863
f 665 2095 720
f 5056 1218 1900
f 2720 1648 5503
f 1329 1630 3282
f 2761 788 5196
f 5392 3324 3435
f 5901 2267 3404
f 5725 2137 676
f 1068 4491 4749
f 2992 4548 5896
f 5912 478 2631
f 1223 2989 3774
f 4431 4033 1122
f 572 1268 4120
f 1455 2289 1919
f 5089 5298 1225
f 1225 3591 1250
f 1459 4655 5159
f 1628 2975 2540
f 5434 2791 5519
f 5519 2791 4892
f 1995 2268 2928
f 827 1747 5420
f 961 1229 1572
f 1853 2730 714
f 2301 5327 938
f 3165 4063 2893
f 1217 1231 734
f 4851 2126 1664
f 3481 2549 1232
f 1716 1060 5938
f 910 2666 1233
f 3114 2666 2441
f 543 4682 1422
f 4688 3988 5862
f 2748 4489 1235
f 388 3639 1235
f 2580 1236 637
f 5169 4789 1515
f 1427 441 3440
f 441 850 3440
f 393 4115 1238
f 1238 3443 2279
f 3506 1239 625
f 1239 3506 5669
f 4390 1240 4585
f 4585 1240 2770
f 5540 4281 2726
f 5999 4755 1247
f 1242 5326 1204
f 5326 1242 6042
f 3830 488 1695
f 2621 3830 1695
f 4369 1821 5755
f 2622 2680 3117
f 2427 1245 5475
f 1495 1225 3473
f 6134 3660 4583
f 5578 5491 2410
f 5540 2726 6001
f 560 3704 3527
f 2334 2843 1102
f 2929 1644 2843
f 5219 5863 2393
f 3578 3786 2367
f 1250 2300 1960
f 5330 3473 5358
f 1251 4267 3207
f 1251 4928 1092
f 1643 5172 6114
f 774 1753 6120
f 785 1253 629
f 2060 785 6020
f 730 5539 533
f 2247 5596 4842
f 1571 2437 688
f 4152 532 5787
f 4128 4541 1256
f 1931 5824 404
f 360 5911 5744
f 3803 1774 5666
f 1258 971 2404
f 5343 1598 971
f 3767 502 611
f 1837 3767 3285
f 2492 2048 1260
f 3315 4380 3309
f 3980 993 1987
f 881 993 3976
f 1262 3711 1962
f 1262 733 3711
f 1263 4532 4101
f 1263 2390 843
f 2241 5958 1158
f 1158 5028 2241
f 5739 630 1265
f 3249 3601 4574
f 4860 3674 1901
f 3517 1160 3672
f 5297 1860 3925
f 1662 5507 2368
f 811 1268 572
f 2476 811 2957
f 2335 5266 1594
f 5347 778 2159
f 1270 2734 3002
f 1470 5195 3328
f 3091 3087 2474
f 2474 6121 3091
f 1844 1586 4663
f 2683 1571 688
f 2708 3136 803
f 2148 5294 3171
f 2305 3525 1274
f 1814 2200 1588
f 5699 2348 4058
f 471 4836 4026
f 3934 1276 2564
f 5644 3934 5501
f 4473 5382 646
f 646 4669 4473
f 3668 5180 1278
f 1067 614 2686
f 622 4693 3554
f 3193 4227 3569
f 1007 1280 3238
f 3230 3903 3166
f 1281 849 2498
f 5030 849 1281
f 5747 1282 3382
f 4752 3230 775
f 4527 2332 4285
f 5627 536 1687
f 3654 3560 2108
f 3111 3560 1083
f 1285 4520 5215
f 1704 3208 463
f 3289 5550 1286
f 5548 6066 5550
f 1026 2774 5179
f 602 2763 1771
f 486 1288 1248
f 6037 1644 4388
f 3324 886 1289
f 1711 1289 886
f 4022 1290 3882
f 3882 1290 5020
f 1291 5368 3366
f 3564 1291 4429
f 4696 1498 3228
f 4698 3228 1584
f 5027 3471 3875
f 3116 4289 4248
f 908 1294 1015
f 2661 4980 1015
f 1565 499 1295
f 431 2005 5861
f 833 3875 1293
f 3025 1921 4834
f 3026 1315 3374
f 3398 2861 2733
f 5315 1298 482
f 3714 482 1672
f 1299 631 5621
f 5604 2380 1299
f 2918 2447 477
f 2918 477 3397
f 4080 2465 1301
f 1301 3579 4080
f 1000 2131 4818
f 4818 1151 6060
f 3584 682 3785
f 3584 2870 682
f 4156 1304 4514
f 4514 5327 2301
f 4105 1305 624
f 1305 565 624
f 4330 950 2225
f 4397 5702 2225
f 1343 3674 1307
f 5270 3517 3672
f 1308 5166 5544
f 5709 2069 1659
f 1697 1309 375
f 4854 5424 375
f 5273 836 4204
f 4205 836 2595
f 3251 578 1311
f 4943 3215 4613
f 4570 2555 5497
f 5345 1216 3393
f 4546 4778 1313
f 3740 2773 2772
f 118 1314 728
f 118 157 1314
f 1315 1297 4309
f 1315 4309 2408
f 3953 4388 2916
f 2929 4388 1644
f 5959 918 1317
f 607 2926 4062
f 4628 2111 2132
f 3606 4690 1167
f 4602 1319 2852
f 1950 2019 2022
f 3508 3597 4280
f 2618 5302 1336
f 1321 2931 1188
f 3727 2931 1321
f 1940 5204 4399
f 1327 4408 3279
f 5118 5108 2755
f 449 4609 704
f 157 118 4440
f 118 1527 4440
f 1325 3907 2277
f 3060 5560 2075
f 4602 1524 1319
f 2902 1524 4581
f 1327 1940 4408
f 1860 4757 1322
f 1508 4006 4215
f 1617 2702 4877
f 2265 1405 1329
f 2388 4887 1805
f 3202 3519 1330
f 4931 3519 2970
f 365 4088 3491
f 5170 2429 3491
f 1105 1336 5302
f 4770 350 1336
f 4874 2405 1887
f 2405 5246 1887
f 1174 4526 1334
f 2786 4588 4149
f 1335 3867 2516
f 1094 1335 2531
f 1320 1336 1332
f 1336 350 4651
f 1337 1485 901
f 975 1337 2980
f 1335 3086 3867
f 6148 4544 3203
f 1339 3801 3277
f 3833 1359 922
f 2209 1340 1708
f 4603 1049 2145
f 1265 4015 1341
f 2881 343 3266
f 5059 1342 2119
f 1342 5059 5910
f 1343 3517 5254
f 1343 5254 523
f 4612 2428 3800
f 1633 2135 6086
f 1345 474 1577
f 5034 1606 2131
f 1346 3781 5871
f 1898 2120 2601
f 3063 1347 2340
f 1115 5181 4672
f 527 4578 2945
f 4433 652 5409
f 756 1292 1349
f 756 1349 3110
f 1350 804 964
f 3971 804 1350
f 1351 6137 5412
f 527 6029 3838
f 1352 1569 4108
f 2248 5271 4077
f 4666 4710 1065
f 2747 4833 4666
f 1269 4275 3076
f 1741 4247 5829
f 2836 2795 1017
f 1682 2836 5047
f 5782 1356 1928
f 4971 3730 3069
f 3065 1357 1986
f 3647 5852 2912
f 3770 3263 1027
f 2881 3266 3263
f 4869 2678 3114
f 3598 4775 2127
f 5847 4381 2422
f 440 1580 2528
f 214 1361 2721
f 214 1196 1489
f 919 1362 5308
f 4848 1740 4090
f 994 1363 5227
f 4164 1363 994
f 4443 5573 705
f 5816 705 6007
f 847 2340 1365
f 4853 4111 1855
f 1776 2074 533
f 541 2080 1538
f 804 1367 2651
f 3950 3287 1121
f 1368 6116 2639
f 1585 4885 1635
f 4328 1369 2061
f 5317 2767 695
f 5304 5260 423
f 5304 423 2383
f 1371 3758 960
f 2213 5098 960
f 1027 1372 967
f 3266 4879 1372
f 2226 1084 2702
f 3505 2226 5993
f 4226 6095 3004
f 3458 3791 6095
f 3885 3943 5359
f 5223 2937 2464
f 6004 1394 2620
f 1394 4616 2620
f 638 1377 3284
f 1404 3221 638
f 1023 3207 1925
f 6000 5598 1375
f 3897 4910 4195
f 3590 5170 2988
f 4476 1779 3178
f 3210 3175 1533
f 3333 3279 4018
f 575 3908 636
f 1993 4172 4884
f 1108 1965 2642
f 2371 4418 4497
f 815 3981 3722
f 1817 694 4119
f 5889 5759 1466
f 4511 4685 3403
f 2109 1530 1894
f 1386 3574 5749
f 1801 4750 5882
f 1387 604 2524
f 3047 1170 1765
f 3293 1388 753
f 5524 753 1388
f 1389 2282 595
f 1389 4981 5853
f 3307 6013 581
f 3095 3307 3170
f 2510 1391 4986
f 4381 4095 2422
f 678 1749 1392
f 5893 1749 2039
f 582 5106 1393
f 5211 5516 5564
f 4141 1394 6004
f 4616 1394 1122
f 1990 5620 2149
f 2666 910 2699
f 1364 2214 4620
f 3763 1364 4620
f 1397 1999 1573
f 1397 3261 1999
f 4862 1011 1922
f 1591 6038 1011
f 1634 4791 372
f 3703 3188 1634
f 3878 656 5646
f 3596 2215 4005
f 771 5068 1401
f 5012 5278 1401
f 1402 907 5074
f 3109 563 6045
f 1403 4226 1212
f 1370 2903 5260
f 1808 2275 1404
f 2245 2062 1943
f 1405 3003 4659
f 2941 559 5779
f 1406 3593 1127
f 549 5803 5675
f 1750 4939 3245
f 3348 4957 1275
f 1408 5823 3011
f 2818 1843 1408
f 5676 1409 4160
f 5671 1055 1409
f 3955 1410 5051
f 5051 2562 2710
f 2782 121 2976
f 128 2976 3566
f 2581 3280 2053
f 4109 1618 3252
f 3377 539 3442
f 2198 354 3442
f 2257 1414 4442
f 716 1414 2257
f 4380 1012 1415
f 5994 443 4668
f 1416 643 577
f 2536 577 5183
f 2423 1417 405
f 2257 4442 405
f 4607 5864 3143
f 4447 976 2359
f 1419 3432 4093
f 761 2722 4480
f 4454 415 1420
f 2244 415 4476
f 1421 1040 1632
f 1421 684 1040
f 1422 4682 3790
f 5762 2877 3790
f 5357 5375 1423
f 2389 973 1423
f 971 1424 2404
f 4769 430 2963
f 1425 3182 2180
f 3694 3445 3182
f 2093 3777 1640
f 4134 2093 1640
f 1541 441 1427
f 1541 1427 196
f 1428 3417 5002
f 3916 2376 729
f 1429 3520 1457
f 3725 3520 5032
f 869 1430 466
f 2484 3620 2629
f 1431 856 2919
f 1431 965 856
f 2831 3857 1432
f 1038 5350 1344
f 6080 1455 1919
f 5965 2926 3056
f 4677 1434 3935
f 4677 5681 3454
f 982 4384 2123
f 3572 4130 2123
f 2888 5921 1483
f 5981 4198 2948
f 2927 819 2104
f 2540 2104 819
f 4329 5843 1438
f 1966 5013 3579
f 1439 5848 2715
f 1516 5848 1439
f 4734 1440 365
f 3331 1480 4099
f 1441 5425 1054
f 5161 3361 1501
f 3567 1 2373
f 3573 1483 4961
f 5859 1443 736
f 1158 736 4094
f 1238 4115 3443
f 2587 4136 3439
f 2365 5241 3358
f 948 1506 2365
f 4181 4193 606
f 386 606 4564
f 5813 1680 1033
f 2573 5681 3345
f 4004 4139 3201
f 599 2616 2628
f 3112 1449 4601
f 6050 802 4601
f 1170 3047 3619
f 5110 5115 3155
f 1293 4065 833
f 4236 3364 2554
f 2372 5498 1452
f 2616 599 5212
f 537 3852 3936
f 2853 537 982
f 1444 2349 5452
f 4115 5459 3443
f 5965 3056 1455
f 740 899 3225
f 2677 658 1456
f 2677 3039 2333
f 5614 871 1457
f 5428 5614 1457
f 6055 2171 1458
f 5716 1458 1553
f 5589 4409 1459
f 1459 5159 792
f 3494 4220 1726
f 1760 462 6102
f 1461 3691 4760
f 5608 692 1035
f 4824 509 3752
f 3756 3708 568
f 4039 1463 4066
f 5679 3697 1373
f 1464 1521 726
f 4724 1815 2482
f 5775 552 1465
f 552 1222 2497
f 5889 1466 694
f 3927 5774 448
f 5940 1467 525
f 1597 525 1467
f 4228 3020 1913
f 4999 4037 1951
f 1755 2232 725
f 480 725 2232
f 2771 1470 3139
f 4216 2414 3145
f 1932 1471 1576
f 5408 6156 2378
f 1498 807 3228
f 2998 1167 4690
f 1473 4407 4023
f 4911 4023 897
f 1032 1474 2208
f 4486 4212 490
f 4508 2078 5680
f 1515 1690 2659
f 5662 1476 5310
f 6074 3299 1493
f 1987 1477 3980
f 1477 1987 1809
f 1878 1478 5916
f 5706 4364 5360
f 1479 1149 2197
f 3551 4686 5711
f 4099 1480 5902
f 4624 3487 3684
f 2797 4127 1481
f 3764 1481 1825
f 5746 2111 2523
f 1167 2998 2366
f 2888 1483 1442
f 3612 1483 3573
f 1484 5605 472
f 3173 5605 3045
f 1485 3071 540
f 1009 1485 1337
f 3440 6119 1486
f 2295 3729 4283
f 5839 1069 1487
f 3687 5667 4199
f 1488 2510 4986
f 5007 5139 2839
f 783 1361 1489
f 214 1489 1361
f 3396 4627 719
f 719 6074 1493
f 3419 4441 6047
f 623 1994 5685
f 5521 1492 4002
f 3865 1602 5515
f 4443 705 1490
f 719 4443 3396
f 5205 1494 651
f 5106 5211 5564
f 5355 1970 5330
f 6136 2378 1970
f 2939 5837 4270
f 873 2574 3794
f 5303 4263 562
f 5868 562 5174
f 3254 5145 1498
f 2998 5145 4273
f 2021 3985 401
f 1733 2021 3041
f 2700 1500 1984
f 5092 3715 4604
f 1501 3361 5252
f 5252 436 1501
f 1118 879 1502
f 3126 1502 2177
f 5044 1503 2613
f 1503 5877 1088
f 380 5020 1504
f 4985 3883 4961
f 1505 1719 1590
f 2792 2954 4301
f 2935 5837 2939
f 6044 3823 1550
f 1846 3638 3409
f 4894 855 1846
f 1508 4571 4006
f 3141 5069 1328
f 493 1946 2802
f 2621 4790 3830
f 619 2838 4929
f 2885 619 1115
f 651 560 1511
f 1756 2798 560
f 316 220 1512
f 128 316 1512
f 3929 1513 4160
f 522 1665 3013
f 5029 1514 4820
f 434 3137 5045
f 1515 6016 1236
f 2580 1515 1236
f 424 5848 1516
f 355 424 1516
f 5930 5393 4321
f 5124 592 1768
f 2385 1518 1599
f 2385 4056 5640
f 1519 5102 1183
f 1519 1183 5825
f 676 1520 635
f 1221 1520 676
f 3474 777 4322
f 3474 4322 3380
f 631 1522 5621
f 4154 631 5740
f 3620 1523 2626
f 1523 3620 3476
f 5216 567 5318
f 5284 3834 5216
f 4992 2323 5295
f 1764 4994 4992
f 569 1526 561
f 2934 2546 3743
f 118 3680 1527
f 3680 5036 5996
f 2093 4165 1528
f 3910 1916 412
f 444 3562 4315
f 4779 773 1086
f 3403 4685 400
f 3563 3572 1435
f 859 2438 6022
f 4614 2079 3577
f 1532 4567 1029
f 1029 3510 3376
f 3175 5807 1533
f 2907 1533 5804
f 6098 5814 1534
f 5942 6042 1242
f 4422 3865 5515
f 3851 5078 2028
f 3946 4234 1536
f 4562 1137 1542
f 5708 1036 3935
f 3935 1036 573
f 4909 4958 2560
f 2031 3099 2271
f 1539 3206 4360
f 5614 5569 871
f 2802 1946 1540
f 1509 1540 2630
f 212 90 1541
f 212 1541 196
f 1542 3946 1536
f 2921 3946 3286
f 1155 4050 5576
f 3981 5576 3722
f 5096 1544 5085
f 2971 590 2974
f 3186 1545 521
f 2899 943 521
f 2725 1727 2325
f 3582 3617 5906
f 3313 1547 413
f 3888 1910 1390
f 2151 1548 4995
f 4870 4893 4860
f 5951 1549 1744
f 596 3824 6091
f 861 1550 3823
f 3253 3224 4245
f 4499 2271 5834
f 5834 667 5364
f 692 1552 1035
f 870 1035 1552
f 3429 1476 1553
f 5244 1476 5662
f 2093 1554 4165
f 2583 1554 2596
f 465 1555 2398
f 2403 2398 3901
f 1229 1556 1572
f 2448 4512 3152
f 1557 3801 2130
f 2648 1557 2130
f 3229 6113 4639
f 1932 5527 1471
f 1559 3447 764
f 2243 4523 4268
f 3898 859 1560
f 4572 4835 3189
f 1561 5952 5858
f 3373 3574 5952
f 1562 1546 752
f 3786 2566 2367
f 762 2722 1563
f 2872 4386 1164
f 1517 1564 3941
f 3393 5077 5946
f 2660 1565 1295
f 5268 1912 5010
f 2556 987 2147
f 1694 2194 1019
f 196 1427 2857
f 5451 2857 1427
f 1491 1568 2513
f 1901 523 5920
f 2632 3661 6063
f 2651 6063 1593
f 991 6099 1570
f 2534 3896 4097
f 428 3926 1272
f 5323 5185 3926
f 1556 4232 1572
f 3518 1575 680
f 4785 1573 2004
f 1573 4785 1397
f 1574 3090 3084
f 1733 3041 4816
f 692 5608 4219
f 1556 2448 4232
f 5408 2378 3103
f 4553 5408 5335
f 1577 1681 5087
f 1577 4538 2428
f 5248 3385 4544
f 6148 5248 4544
f 5545 1579 454
f 3418 454 1579
f 1998 5302 2618
f 4652 420 1998
f 6093 472 1581
f 3239 2991 3192
f 2364 5606 1582
f 3329 2936 1582
f 1583 2783 2714
f 1888 649 5546
f 2738 1584 756
f 3049 1584 2738
f 3349 1585 1985
f 1400 3596 5633
f 428 1272 1586
f 4657 428 1586
f 2832 5616 5483
f 930 5616 432
f 2502 3701 4040
f 2106 2036 2502
f 3451 449 1589
f 1589 449 5833
f 3446 408 5721
f 3446 2676 408
f 5583 1591 1011
f 5583 3986 1591
f 4622 3478 5235
f 942 4622 1026
f 964 804 1593
f 1593 804 2651
f 1594 4275 1269
f 2335 1594 1269
f 1854 3631 4411
f 2537 1662 2368
f 2423 405 1596
f 4217 5496 942
f 1597 2028 2535
f 3198 908 1015
f 3970 2 1598
f 5406 1729 2544
f 2302 2385 1599
f 2700 3452 1500
f 3964 1600 5590
f 1701 2440 3992
f 407 1601 2206
f 5667 3687 5162
f 1668 935 4582
f 2518 2614 3014
f 2483 5253 2845
f 2483 4058 2348
f 1604 4067 812
f 5042 3894 3558
f 2938 2943 1039
f 3366 3196 2943
f 1874 4821 2361
f 4180 5049 1302
f 5982 1796 4575
f 3067 4446 2455
f 2342 5861 1608
f 5864 5861 2005
f 713 1609 4213
f 4089 5748 3607
f 895 1885 1610
f 1610 3398 4905
f 3153 4716 1611
f 2166 4566 3153
f 3994 1605 1025
f 1501 5158 5161
f 1131 3342 1613
f 2971 1613 590
f 4582 5362 3214
f 4584 5433 4582
f 1176 2830 3492
f 1315 1176 4126
f 5363 1616 451
f 5427 451 2459
f 3846 977 4020
f 3846 3141 5974
f 629 1618 785
f 3836 3354 399
f 3928 3251 3546
f 3849 980 570
f 884 2380 4675
f 5604 891 2380
f 1621 6011 1395
f 5476 5456 3133
f 5532 1622 1000
f 1453 3080 3242
f 3447 1623 2684
f 4078 5704 4098
f 863 431 1624
f 863 1624 2948
f 3933 1322 1625
f 1909 1496 2071
f 3624 5768 495
f 2671 4071 2899
f 3037 5976 1706
f 4430 3037 1706
f 1461 2975 3227
f 5608 3227 1575
f 1057 1629 1669
f 3719 2272 2898
f 1405 4659 1630
f 4662 788 2761
f 1631 2754 934
f 5630 1631 934
f 1142 923 1632
f 2835 1632 5949
f 1328 1132 1633
f 1633 3857 2831
f 2915 4812 1634
f 2113 2915 2981
f 1985 1585 1635
f 4507 1927 768
f 1636 3690 6156
f 5174 2644 5868
f 465 1637 1611
f 5070 465 5066
f 1638 4773 1974
f 3591 5298 3288
f 1040 1639 1142
f 2799 5697 2158
f 1640 879 1118
f 3777 6053 1640
f 790 1333 3158
f 3723 790 3158
f 4878 443 1642
f 3816 4878 4069
f 1643 6120 4940
f 5961 4106 4940
f 1644 504 2843
f 5415 1644 2841
f 5600 5043 1645
f 3036 5719 4826
f 3062 4262 1979
f 463 3208 4804
f 617 3294 6076
f 4355 2152 3294
f 1648 6030 5503
f 367 6052 3096
f 6152 5655 4746
f 4998 5041 3587
f 435 1650 2371
f 3012 1650 4493
f 2255 1651 1645
f 4826 5600 1645
f 1652 475 4642
f 2443 5354 3636
f 3202 4784 929
f 494 2946 4247
f 514 4051 2395
f 2300 514 1175
f 1655 671 3191
f 1655 1727 2725
f 5135 1656 5130
f 1999 1656 5152
f 1847 5927 3058
f 895 4728 1885
f 2725 2058 1655
f 2058 3540 1655
f 2480 4414 4438
f 3341 4414 2480
f 5872 1660 469
f 5416 5259 4454
f 741 6101 3010
f 741 1123 3380
f 1662 1267 5507
f 2751 1267 3902
f 591 3575 1663
f 1687 1283 5627
f 1828 1618 4109
f 1828 2581 2455
f 1513 1665 522
f 4945 613 3686
f 1911 1666 3451
f 754 4021 5062
f 3997 1712 1667
f 3997 1667 1774
f 3059 4641 4209
f 515 487 4702
f 2236 4810 641
f 2094 5542 641
f 5684 2395 1654
f 4974 5592 2762
f 5231 2993 1671
f 4748 1116 5231
f 1672 482 1298
f 1689 1769 5561
f 1673 4344 5807
f 4344 1673 3122
f 1674 1006 3694
f 491 5417 1674
f 1675 3860 913
f 913 2674 2952
f 4034 4012 2114
f 2114 5440 1923
f 3327 4660 3362
f 2313 5615 500
f 5087 1681 1678
f 2062 3784 6092
f 1446 604 3223
f 2803 5197 1446
f 5480 4385 2155
f 5494 1071 4799
f 1681 4053 1678
f 4053 2428 4612
f 5936 1682 5047
f 672 6077 4027
f 1683 5987 2017
f 4635 3532 5661
f 2439 386 351
f 351 3273 2439
f 1685 4314 4229
f 3639 388 2685
f 1686 1326 5895
f 2803 3123 5197
f 4285 3575 4950
f 4950 536 4285
f 2507 3864 1688
f 2855 2242 2851
f 5611 1298 5315
f 5611 1672 1298
f 1690 2210 2177
f 4508 2659 1690
f 3469 5978 5617
f 2407 1085 4434
f 3108 1150 3043
f 5830 1150 4412
f 5893 2039 1061
f 3587 1061 3677
f 1694 1566 492
f 1566 1694 6081
f 6096 5528 1243
f 4455 2703 2729
f 970 2778 1696
f 2925 1696 515
f 463 475 1704
f 3636 4661 475
f 3188 1399 3206
f 3188 3703 1399
f 1699 2413 1697
f 3636 1699 1697
f 1700 2964 3005
f 2964 1700 393
f 727 1701 2173
f 5088 1701 627
f 3681 3699 3847
f 4258 2066 2539
f 4740 3240 1953
f 3695 3479 3702
f 1697 3615 3050
f 3636 1697 4661
f 3419 3793 4441
f 5552 1488 4731
f 1706 3648 1627
f 1111 1706 6054
f 1707 2388 1805
f 1707 4840 476
f 344 1708 5083
f 3249 4615 5083
f 1725 1709 2538
f 5113 1709 5050
f 1710 1933 4838
f 4838 4041 5994
f 1099 1711 4075
f 1289 1711 4841
f 5091 4074 1712
f 3810 1667 1712
f 1713 4594 1773
f 1804 1713 1773
f 1714 1739 3300
f 369 4684 4945
f 2579 1089 1715
f 393 1715 4115
f 5377 4423 2884
f 2549 5715 3514
f 1717 2649 2081
f 3236 3105 3256
f 3934 5644 1276
f 5644 3457 1276
f 1590 1719 2676
f 2954 2577 708
f 4718 5754 4445
f 4718 4445 3595
f 1721 2918 3397
f 1117 1300 5008
f 5910 1722 854
f 5059 1722 5910
f 6079 3149 4072
f 5079 3149 2072
f 5056 1900 1196
f 2793 1196 3641
f 857 5522 3250
f 5050 1709 5986
f 2910 4515 659
f 659 4382 5397
f 3326 3914 1093
f 4242 5473 3326
f 1728 3269 4766
f 1728 5591 5593
f 1729 3819 2544
f 1936 3413 1729
f 4021 1730 5062
f 1730 2290 5062
f 5697 639 1731
f 4843 5250 1731
f 1093 535 5772
f 5714 1093 5772
f 2063 1733 1574
f 1733 4816 1574
f 3461 4055 1734
f 1734 4055 4963
f 1735 2966 1469
f 1735 4293 1177
f 4637 5773 4575
f 1153 3814 4637
f 2974 1737 1448
f 2616 4004 2372
f 2749 1738 532
f 1738 3193 6149
f 4385 1739 1714
f 5480 4799 4385
f 2023 1740 4803
f 4803 4815 5368
f 3076 745 4558
f 3695 2263 2012
f 1742 2670 1537
f 1650 902 4484
f 2888 1442 1743
f 2373 1743 3567
f 4993 2337 4432
f 1549 2337 4044
f 1745 2554 3181
f 4809 1745 1451
f 1746 1265 1341
f 3601 1265 4574
f 4844 3042 1228
f 1228 6017 2268
f 1748 5758 668
f 4600 1770 6002
f 3630 5575 1749
f 1749 5575 2082
f 1989 2711 1750
f 2711 2221 4957
f 1751 3337 662
f 1751 2691 4895
f 1752 5350 2495
f 2495 474 3716
f 6120 1753 3713
f 594 2886 1844
f 1754 2704 2291
f 1754 2291 4749
f 5447 4500 1755
f 5193 4500 4498
f 3960 3942 1756
f 3527 2462 3960
f 4575 1796 1757
f 1378 4977 3336
f 1616 4495 4769
f 430 4769 4495
f 3874 5077 3393
f 3490 3268 3077
f 2901 2038 987
f 2901 2908 757
f 680 1761 3518
f 2447 961 1572
f 4977 1762 3336
f 4637 4575 6005
f 3157 1763 6075
f 4512 1763 5314
f 967 1372 1764
f 3453 967 3417
f 1765 3223 604
f 604 3047 1765
f 3931 1766 5769
f 3931 898 1766
f 1790 4459 684
f 684 4459 508
f 1517 3941 3115
f 592 5819 4988
f 1769 4333 3071
f 2559 2777 1769
f 668 2492 1748
f 1748 2492 1260
f 4054 1771 2982
f 3592 1766 531
f 1772 1224 2351
f 4120 6131 572
f 3971 1350 3334
f 4594 750 3334
f 2276 1257 1774
f 2276 1774 3803
f 6085 4429 6083
f 4693 3564 4429
f 1254 1366 1776
f 4924 2080 5240
f 1246 4583 1777
f 3999 4249 1777
f 6095 4572 1374
f 1861 1374 529
f 2575 5888 1779
f 4759 3122 1673
f 5504 4560 2076
f 1757 1796 1607
f 1781 1258 3662
f 5888 5904 3739
f 5219 3578 2367
f 2389 3578 5213
f 1783 3632 732
f 1783 732 4372
f 1784 1354 352
f 5828 3339 5038
f 1785 2310 2424
f 1223 3321 2989
f 3493 405 4442
f 403 2913 733
f 3168 4276 1787
f 4276 2292 4279
f 4565 2512 5880
f 2512 4565 2077
f 3411 3241 1789
f 3300 4817 3243
f 598 1790 684
f 2707 598 784
f 1791 2883 1356
f 1841 1031 5809
f 1792 957 1786
f 2754 4521 957
f 5367 1793 1215
f 3954 5313 3549
f 1326 1686 1794
f 5595 4902 1326
f 4568 403 1795
f 4567 1795 403
f 1796 4560 1607
f 2455 2581 1780
f 1797 5057 1564
f 5720 4597 5222
f 3862 6000 1375
f 3862 1375 3879
f 2600 3291 4132
f 3553 4132 3561
f 3407 376 1800
f 3953 2916 1800
f 710 1773 3190
f 3291 3298 4132
f 2950 1173 1802
f 642 4517 3383
f 1803 3132 1169
f 3787 1803 5319
f 710 724 1804
f 710 1804 1773
f 824 1707 3106
f 1197 824 3106
f 3357 1143 1806
f 787 1806 392
f 1301 3381 1807
f 1301 1807 945
f 3102 5956 5188
f 638 5956 1404
f 1477 1809 5842
f 1381 5820 4018
f 1246 1777 1810
f 4249 1810 1777
f 4761 1811 421
f 3265 3769 2097
f 643 1150 1812
f 5989 4489 643
f 2808 1813 3881
f 2775 2905 3755
f 3630 5430 4872
f 5575 3630 3650
f 1815 1464 726
f 5562 1464 5917
f 4949 4605 1816
f 5673 2642 5737
f 3271 1817 4119
f 1384 1286 2776
f 3115 1818 5822
f 1564 5057 3941
f 4162 3560 3654
f 4162 5321 5331
f 5096 5085 3197
f 3349 2787 6111
f 1821 2777 2758
f 3948 2777 1821
f 5554 2406 1822
f 4194 5529 1205
f 1489 1196 1823
f 4439 1196 1900
f 1089 1824 2967
f 3678 5055 2057
f 763 4127 905
f 2797 905 4127
f 3803 3818 1255
f 2728 1738 2749
f 969 1827 120
f 120 1827 1411
f 785 1828 1664
f 2455 4446 1828
f 1192 1829 4123
f 1829 538 4123
f 4580 6152 1830
f 3734 1830 6152
f 5629 1831 608
f 1831 2020 608
f 1832 2604 3745
f 1832 3745 2930
f 1833 3803 1255
f 5787 2820 1833
f 1834 1423 973
f 2658 2896 3313
f 1837 3285 1835
f 4137 4880 2681
f 1984 1500 1836
f 4680 3112 4601
f 502 3767 1837
f 1835 4137 5202
f 1398 1838 3950
f 3287 3950 3724
f 4234 808 4231
f 4234 520 808
f 2283 3788 5111
f 446 5067 4176
f 4651 350 4541
f 2418 350 2690
f 1842 3860 1931
f 3860 3489 913
f 2818 4842 1843
f 6150 4837 1287
f 1844 3962 2299
f 1943 2062 479
f 2719 1845 4990
f 3876 3873 3167
f 5998 1507 1846
f 1846 1507 3638
f 1885 3217 1610
f 2965 2741 618
f 6139 4428 800
f 2451 3177 888
f 1849 1712 4074
f 4074 2802 1849
f 5566 432 4487
f 4487 5957 4493
f 5399 1851 517
f 3982 6154 6043
f 1852 2862 2809
f 675 3987 5718
f 5263 2730 1853
f 3751 2461 1763
f 1854 4411 3651
f 1623 1854 2684
f 1855 2654 2969
f 847 1365 1855
f 2557 1856 3716
f 1752 5116 5376
f 4570 1857 2555
f 3163 5753 3169
f 1858 4912 511
f 5516 5923 2391
f 1004 5703 1859
f 3237 5365 3319
f 3933 1625 5537
f 3925 3933 5537
f 1861 1778 1374
f 3004 1778 1861
f 2326 683 4182
f 2864 4062 5407
f 1863 665 3144
f 5771 5800 4555
f 3876 3167 1864
f 3499 3972 3876
f 3004 3222 1865
f 5260 3310 423
f 2930 1866 1832
f 4774 5419 4543
f 1805 5052 1867
f 1707 1805 3106
f 5221 2490 4139
f 5212 5221 4139
f 4368 3693 1869
f 3693 2034 4377
f 3418 2056 1949
f 427 5571 750
f 1871 1890 2862
f 5225 5752 2764
f 1872 4014 5672
f 5656 358 1872
f 3113 217 1873
f 2530 2009 217
f 1151 4818 1874
f 3200 1874 489
f 1875 5579 822
f 1688 4207 3379
f 5368 4815 1876
f 2315 3741 4664
f 1877 4802 2914
f 1877 4112 4110
f 3177 800 506
f 6139 800 3177
f 342 1009 5549
f 5549 3556 342
f 596 1880 3824
f 2562 1880 2710
f 4504 1136 1881
f 2014 796 2804
f 1922 1352 1882
f 5271 4411 4077
f 571 1883 2041
f 3053 521 943
f 1884 3744 825
f 3375 825 2369
f 1847 2965 4728
f 2965 1847 2741
f 5094 3379 822
f 822 3379 4207
f 5915 4925 4335
f 4921 4335 4925
f 1888 1583 649
f 4802 1877 1583
f 5734 1010 1889
f 1889 1010 1677
f 1954 6082 1871
f 6082 1954 2781
f 2067 2625 4780
f 2882 2961 4290
f 2182 5792 2184
f 5792 5761 2184
f 3554 4693 1893
f 1519 4839 4286
f 2481 809 5639
f 6016 4003 5090
f 3914 3952 1093
f 1093 3952 3954
f 5111 446 1896
f 2416 1840 1896
f 1897 4665 3412
f 3414 2732 2760
f 1898 2150 5357
f 3909 1346 5871
f 366 3395 1899
f 3084 3090 3199
f 767 3472 1900
f 1900 2720 5503
f 1901 1343 523
f 1901 3674 1343
f 3679 4733 1902
f 6090 485 4155
f 3185 1903 3264
f 3955 1718 5501
f 1904 3028 2354
f 5027 1904 3471
f 1905 3972 3499
f 2653 3532 4635
f 718 1906 1358
f 1179 3542 2736
f 2517 3202 1907
f 5964 1021 5944
f 1908 4075 5767
f 1017 5047 2836
f 1322 1909 2071
f 4736 2789 1322
f 1390 1910 3470
f 5414 5599 5405
f 2410 5491 1911
f 3829 1911 564
f 4891 3027 4169
f 3030 4092 3984
f 526 1468 5958
f 2241 526 5958
f 716 2266 1914
f 1914 2154 716
f 5668 442 3170
f 5814 2445 1534
f 1916 1528 412
f 6053 3777 6073
f 1917 5857 616
f 1917 3430 3603
f 3464 1968 1918
f 1918 1032 2858
f 3245 4939 1919
f 3399 572 6131
f 1920 1200 965
f 4745 3817 965
f 1921 3501 4834
f 3501 1921 1047
f 1352 1922 1398
f 6038 1591 5506
f 1923 1676 2114
f 4114 1155 2995
f 3956 1924 347
f 4480 915 761
f 3943 4977 1378
f 1497 3943 1378
f 3963 3445 3694
f 4765 3445 3963
f 4510 4776 1927
f 1927 452 4510
f 6003 5844 1928
f 5844 5782 1928
f 1929 468 3504
f 1929 3307 4430
f 526 2241 1930
f 1468 526 2436
f 1842 1931 1256
f 1931 404 3180
f 3879 1375 1932
f 4553 1932 1576
f 4838 1933 858
f 5399 2171 2634
f 1938 2151 1934
f 1934 1123 1938
f 1675 1935 1841
f 4780 1891 2955
f 3413 1936 947
f 3942 4261 947
f 798 1403 4161
f 6129 5962 6126
f 1521 1938 4469
f 1521 2151 1938
f 1939 5219 2367
f 765 4823 2417
f 5537 1625 1940
f 1322 3484 1625
f 5939 5511 1941
f 1808 5939 4587
f 571 2041 1942
f 2928 3033 3856
f 3119 1943 479
f 5019 1943 3119
f 1944 919 3869
f 3741 919 1944
f 1635 3089 1568
f 2513 1568 3089
f 4471 1197 4531
f 1540 4531 4554
f 3599 1395 6011
f 5125 1395 3568
f 3173 3622 4706
f 1389 3622 799
f 4494 5352 2488
f 5571 2488 750
f 3998 5281 4085
f 2019 5281 3998
f 2436 1951 1468
f 4228 3920 1059
f 739 1920 1952
f 563 4656 1952
f 2790 4792 1953
f 1953 4792 4740
f 647 1954 5192
f 647 2781 1954
f 1674 3694 1975
f 1674 1975 939
f 2041 1956 1942
f 4064 3344 2041
f 3917 2585 1102
f 4858 3768 4762
f 2921 4857 1958
f 4857 1566 1958
f 806 3500 1959
f 3899 1959 4073
f 5018 394 1960
f 1245 2330 5475
f 813 897 1961
f 897 4023 4787
f 507 403 1962
f 3395 4365 3495
f 377 4244 1161
f 2825 2750 4142
f 3283 3794 4722
f 2172 2416 1971
f 4172 2642 1965
f 1965 4761 4743
f 757 1966 561
f 4214 2230 4786
f 3136 1967 803
f 803 2846 2264
f 1968 2124 1918
f 3509 5568 2124
f 1969 4594 3624
f 5571 427 1969
f 1245 1970 2330
f 6136 1970 1245
f 4105 624 795
f 3218 3283 4722
f 344 4013 345
f 344 5083 5520
f 1973 5065 1436
f 5921 1436 1483
f 918 1638 1974
f 1974 740 918
f 1975 5835 939
f 3621 1975 1425
f 2171 1976 1458
f 1458 1976 2353
f 4765 5789 3445
f 5788 3986 5789
f 1621 3497 1978
f 2876 1621 1978
f 1979 5023 5098
f 2213 1979 5098
f 4267 1251 1092
f 1232 3789 3481
f 5737 4456 5673
f 4456 5737 4265
f 4024 4177 4019
f 4024 1897 952
f 1791 3799 1983
f 1891 2485 3799
f 1984 464 2700
f 4070 3715 4503
f 452 1985 4510
f 452 3649 1985
f 2912 6134 703
f 4714 3652 4424
f 1514 3137 434
f 2118 1809 3137
f 1988 5119 1126
f 3139 3438 814
f 5307 4427 2711
f 4297 787 392
f 5086 1990 5084
f 587 2953 373
f 4463 3688 907
f 3691 3685 4463
f 1992 1879 215
f 1873 1992 3113
f 3502 1993 364
f 5182 5690 2642
f 1994 3793 4636
f 1491 5634 1994
f 1995 4712 2268
f 1956 4712 1995
f 1996 723 2288
f 1830 3734 4304
f 1705 944 3025
f 944 3503 3025
f 3597 1998 4280
f 653 3602 1580
f 3093 864 547
f 3614 3093 3586
f 2000 1777 4583
f 2129 2478 2000
f 880 882 2001
f 880 2001 3555
f 1308 6077 2002
f 4696 3254 1498
f 4990 1845 2003
f 3873 1683 2017
f 473 3614 3586
f 3244 473 3859
f 2715 3659 3143
f 2715 3143 863
f 3930 717 3232
f 2304 4669 646
f 1807 2007 5770
f 2504 4306 6021
f 1081 2008 3096
f 1081 1852 2809
f 1873 2009 3556
f 2009 1873 217
f 2010 1192 2819
f 1829 1192 3541
f 2416 2011 1971
f 3363 2029 2185
f 1100 2823 2012
f 3479 4740 3702
f 3645 1957 1976
f 3628 3645 4898
f 420 4652 2014
f 5302 2014 2804
f 4393 2015 974
f 974 4638 3634
f 1214 2016 4068
f 1214 632 5850
f 773 2003 2017
f 2017 6024 773
f 473 5641 2985
f 2004 5641 4254
f 1319 1524 2019
f 2779 2019 4107
f 2020 402 860
f 5849 5610 4063
f 1499 2021 2695
f 1135 2021 5000
f 5284 2022 3834
f 6069 1024 2022
f 5369 433 2023
f 433 2630 2023
f 2663 2024 702
f 2598 4066 2663
f 4596 836 1895
f 4596 2595 836
f 6022 1531 4039
f 4392 2125 534
f 6105 2733 2027
f 2617 5514 917
f 2028 3865 4422
f 2535 2028 4422
f 2029 782 3825
f 5763 2567 782
f 3571 2698 5130
f 3699 2698 3847
f 3094 3099 2031
f 4250 3094 4252
f 4235 1599 1518
f 1500 3452 2239
f 5487 1702 2153
f 4954 4897 4899
f 5781 2034 1001
f 5442 5781 2026
f 1242 3539 5942
f 5374 3978 3539
f 5659 2502 2036
f 5659 5591 3650
f 2037 3162 416
f 4303 1766 2040
f 561 5963 757
f 5963 2901 757
f 1749 2082 2039
f 3677 4766 566
f 2037 4303 2040
f 3804 4001 2037
f 2041 3276 5846
f 2041 3053 3276
f 2775 2042 2905
f 4099 5902 4699
f 2043 871 5569
f 1450 871 2043
f 4699 5902 1440
f 3487 4624 4088
f 3161 1241 582
f 5438 582 3545
f 2046 769 5590
f 695 1369 2046
f 4723 491 2047
f 491 1674 2047
f 816 3309 4305
f 5892 780 816
f 2049 959 5870
f 3706 4223 371
f 2050 367 1098
f 548 2050 1098
f 2304 646 2051
f 2051 646 4256
f 1884 2052 1126
f 1884 825 3375
f 2053 5214 869
f 3206 869 4360
f 2578 2054 3929
f 576 2657 2828
f 3060 2055 3365
f 3365 2055 2890
f 691 2056 3418
f 5925 2284 5164
f 2187 2057 1609
f 1609 2057 4213
f 2907 3540 2058
f 2409 3627 3617
f 5604 2182 2059
f 1582 5623 2832
f 1253 785 2060
f 978 1253 4452
f 4328 2061 2920
f 3324 1289 4211
f 479 2062 2807
f 2062 6092 2807
f 2063 1574 4501
f 3449 4501 6033
f 1679 4420 2064
f 5435 3123 2803
f 883 5137 2065
f 3991 4798 658
f 2033 2066 4258
f 3847 1072 4897
f 4780 1004 2067
f 1004 1859 4324
f 4519 2068 4517
f 3640 2191 3671
f 4196 3537 2173
f 2874 3537 3825
f 3164 3158 2070
f 580 3164 5915
f 3484 1322 2071
f 5204 3484 4270
f 2072 3149 4551
f 2072 4551 5696
f 966 2073 540
f 540 4846 1485
f 1776 541 2074
f 2074 541 5728
f 3060 2075 2055
f 5075 4142 5073
f 4091 2076 992
f 4091 5504 2076
f 1788 2056 2077
f 5925 5164 2056
f 2078 2109 1043
f 2109 2078 4688
f 5558 2756 3918
f 1082 2756 5558
f 5240 2080 3995
f 2080 541 3995
f 2081 1082 1185
f 4202 2454 6126
f 566 4766 1693
f 4766 3269 1693
f 4119 694 2083
f 2083 3927 4797
f 2084 1082 2081
f 4151 2079 1082
f 377 4807 2611
f 4807 4782 2611
f 3061 5832 2480
f 4416 1355 3064
f 4179 5112 2087
f 3469 4206 5978
f 920 2088 1660
f 920 1219 2088
f 2089 489 970
f 489 5705 2006
f 2393 711 2090
f 2090 4334 2810
f 469 1660 2091
f 3654 2108 4756
f 5736 2092 2465
f 2712 5334 5736
f 709 5971 4125
f 4125 1426 3594
f 5542 2094 585
f 3672 2094 1266
f 2095 665 3863
f 1217 734 2095
f 528 5001 4028
f 4692 2491 921
f 4743 4726 2097
f 3265 2097 421
f 3120 2098 2144
f 392 3868 766
f 3302 2099 5038
f 2865 2099 4078
f 3692 2949 2100
f 538 4016 2604
f 4468 2101 418
f 418 5124 3066
f 990 2102 1195
f 1195 4093 5713
f 2103 5062 1323
f 1323 704 4609
f 2975 2104 2540
f 2100 5054 1437
f 4596 1895 5499
f 2025 3543 4577
f 453 2106 5894
f 3531 2106 453
f 1241 3408 2107
f 5109 5211 5106
f 2108 3159 469
f 2091 2108 469
f 1530 2109 1385
f 3391 2109 4688
f 2110 914 589
f 3330 2110 589
f 2111 5443 1290
f 2111 1290 5194
f 2112 2675 867
f 2112 462 353
f 2113 2981 3725
f 2083 3813 3104
f 2114 4012 2138
f 2114 4678 2096
f 3306 413 2115
f 1547 2115 413
f 3128 4695 2116
f 898 2116 2040
f 4685 4511 2117
f 2109 3391 4511
f 2520 1514 636
f 2520 3137 1514
f 2119 551 988
f 5413 4264 3088
f 2601 2120 1130
f 589 4307 4284
f 496 4947 3721
f 5264 496 5279
f 3492 2830 470
f 800 4428 2742
f 2123 1435 3572
f 3747 1010 3853
f 1918 2124 1032
f 2124 5618 1032
f 2026 5781 2125
f 6022 4281 859
f 2796 2126 5128
f 2126 4851 5128
f 1339 4864 5791
f 1339 3833 3801
f 5931 2128 595
f 2439 3273 5490
f 2000 4583 2129
f 1193 3255 5146
f 2130 1097 439
f 2648 2130 5731
f 5034 2131 2529
f 2529 2557 3716
f 2132 2111 5194
f 2269 3606 2160
f 2133 3167 2719
f 2133 1864 3167
f 1070 2541 2134
f 2134 2223 1070
f 6086 2135 385
f 3284 1377 4612
f 1294 3565 2136
f 2661 1015 1294
f 1221 676 2137
f 4749 2291 3148
f 2138 2657 576
f 4678 5232 4692
f 2139 1106 3457
f 2139 2710 1106
f 4224 2140 4396
f 2140 2545 1209
f 2141 6147 399
f 5272 399 5533
f 2142 5154 4737
f 5580 4218 2850
f 1693 4978 2143
f 5279 3769 5264
f 2144 1484 472
f 472 6093 4131
f 4603 2145 1340
f 2145 4237 1340
f 2485 3107 1983
f 2485 1983 3799
f 1958 1566 2147
f 1566 2556 2147
f 2148 4011 4013
f 2148 3136 2708
f 2200 2149 4866
f 2149 5620 4866
f 2150 3909 5871
f 2150 5871 5817
f 5009 381 4819
f 3008 2643 5650
f 3284 2152 638
f 5956 638 2152
f 5487 2153 2136
f 2136 3434 1294
f 1914 378 2154
f 378 5443 2192
f 2261 369 2054
f 5035 2657 2138
f 1152 2156 5802
f 5326 1152 1204
f 845 3134 2488
f 5356 5702 4397
f 2799 2158 4653
f 1982 436 2158
f 2159 892 745
f 745 3076 4275
f 2269 2160 1318
f 4022 5194 1290
f 2161 3938 1104
f 4009 1101 2161
f 2162 5765 3644
f 5765 4171 4163
f 755 2163 3746
f 755 1545 3186
f 3014 2164 2518
f 2164 3386 5061
f 2167 2165 5732
f 5633 5631 4861
f 1611 2166 3153
f 1611 1637 2166
f 1400 2167 5642
f 5633 4861 1400
f 4257 3658 5058
f 5717 2420 5446
f 3405 4942 2169
f 1075 2169 2387
f 1659 4196 2170
f 1659 2170 556
f 1933 4425 858
f 4938 4425 5743
f 2463 2172 1964
f 2172 1971 3794
f 5088 2173 1701
f 2173 5088 2170
f 565 1305 2174
f 2987 3029 565
f 2175 890 3530
f 2640 6124 4626
f 743 3808 2176
f 2176 4402 3571
f 1502 1475 2177
f 2177 1475 1690
f 2178 702 1373
f 4481 4405 1617
f 2179 2311 3098
f 4700 4529 1694
f 558 1425 2180
f 4358 4337 4274
f 488 4707 1064
f 3282 5509 2449
f 5688 3329 1582
f 5688 1582 2832
f 2183 1982 2158
f 5697 2183 2158
f 2182 2184 3329
f 3504 468 1111
f 2174 2185 4117
f 2327 3341 2805
f 2186 2168 2512
f 1107 3583 3965
f 2187 5727 2057
f 2187 5830 4129
f 4917 2188 2191
f 2191 2188 3671
f 2189 3387 5198
f 3387 2189 4689
f 2375 2190 2731
f 5960 5217 5378
f 2191 5388 983
f 983 4917 2191
f 2192 2154 378
f 1962 3711 3891
f 3871 2911 1149
f 2391 3871 4686
f 2231 4339 4524
f 4598 4524 3595
f 2195 983 5388
f 1191 983 2195
f 2867 2922 481
f 3102 5188 4927
f 5873 3778 1712
f 1374 5778 529
f 539 5649 2198
f 3442 539 2198
f 1387 4944 5005
f 1450 3047 3416
f 2200 2305 1588
f 6031 2200 4866
f 4739 5104 5033
f 1894 2794 4361
f 2074 5728 2202
f 2202 840 2909
f 2203 2200 1814
f 2149 2200 2203
f 2204 2133 2719
f 3684 4317 4383
f 2259 3512 1579
f 1579 3017 4354
f 2206 887 1650
f 1601 5162 2206
f 2207 3817 1012
f 3315 2207 1012
f 4486 490 2208
f 2208 490 2318
f 1049 4603 3138
f 4603 344 345
f 2210 4764 2177
f 1671 4764 2561
f 812 2211 1604
f 812 1615 2211
f 4265 2212 4456
f 2212 674 4536
f 553 2213 960
f 1357 4150 553
f 3490 3077 4772
f 4287 2216 781
f 4860 4406 3370
f 3370 3596 1368
f 4620 3490 4617
f 4617 3490 4772
f 1731 2217 3412
f 732 4956 2217
f 1088 5144 1503
f 4378 599 2628
f 5808 4618 4303
f 531 2982 3592
f 896 2212 4265
f 896 4490 957
f 4957 2221 5251
f 4058 4026 5699
f 482 2227 2222
f 2222 2363 482
f 5485 1237 370
f 370 356 5485
f 2224 423 3310
f 2383 423 5191
f 1121 3287 2225
f 3950 1121 4108
f 4166 2226 4771
f 5891 4771 2226
f 931 4094 2227
f 2227 1443 5859
f 2228 4923 5048
f 2228 5048 4483
f 2392 2638 780
f 2316 1952 2860
f 945 2230 3579
f 2230 945 569
f 1201 2231 4595
f 4339 2231 5336
f 2232 1755 1469
f 480 2232 1469
f 5425 2233 1054
f 1054 6099 991
f 2234 538 5510
f 3692 4016 538
f 874 2235 998
f 1850 2235 874
f 2236 1669 1629
f 5542 585 2647
f 2237 4684 369
f 2155 2237 369
f 2238 3766 4719
f 5857 2238 616
f 1599 4235 2239
f 3750 2032 1194
f 2240 4363 2249
f 2489 4031 5992
f 1264 1930 2241
f 1264 5030 1281
f 2851 2242 3057
f 6067 574 3057
f 384 2243 4268
f 2228 5446 4923
f 1420 415 2244
f 5481 1420 2244
f 3861 1345 1678
f 2529 1345 5034
f 2413 4828 1309
f 2413 1309 1697
f 2247 5535 5596
f 5001 921 2247
f 2225 950 2248
f 1121 2225 4108
f 2240 2249 5992
f 4727 2249 6029
f 3973 964 2250
f 2250 4723 4844
f 2251 770 3414
f 770 2251 2217
f 159 2252 90
f 1541 90 2252
f 3669 2253 1162
f 1579 3940 3017
f 2254 3842 3822
f 4956 770 2217
f 4613 2255 1645
f 3215 2255 4613
f 1169 6065 2972
f 6034 3504 5761
f 5836 5808 2257
f 405 5836 2257
f 818 2258 3428
f 1195 5713 3082
f 4348 5409 652
f 3017 2205 4354
f 4523 2260 1623
f 2243 2260 4523
f 369 2261 2155
f 4012 2261 2138
f 4573 368 4149
f 1716 4170 4670
f 1741 5829 2263
f 3695 4558 2263
f 2264 2846 3453
f 3916 1428 2376
f 2265 4849 2941
f 2388 2265 1329
f 827 2266 1747
f 827 5444 2266
f 2267 1839 4231
f 5004 987 2038
f 2928 2268 2266
f 2266 2268 1747
f 1349 2269 3110
f 2269 4502 3606
f 2988 5170 2270
f 1331 6012 1529
f 2271 5756 667
f 2271 667 5834
f 3719 3121 2272
f 542 2650 5463
f 4828 2413 2273
f 5022 2018 2273
f 6154 2274 4556
f 4627 3396 4556
f 5129 2807 3231
f 5551 479 3962
f 360 1257 2276
f 5207 360 2276
f 1325 2277 1045
f 5138 5625 2496
f 5374 453 5894
f 5897 5803 549
f 2279 2153 1702
f 2827 2661 2279
f 554 2280 2815
f 4437 2303 554
f 2281 4514 2301
f 1217 379 2281
f 5931 2282 1211
f 4721 5853 4981
f 3007 747 4415
f 823 747 3007
f 880 2284 5925
f 3555 2284 880
f 1604 2211 2285
f 3894 5210 1848
f 776 3618 2286
f 2145 5300 4237
f 3462 3924 759
f 3921 1116 3462
f 1816 2288 4949
f 4949 2288 723
f 3526 2289 2083
f 3399 2289 3526
f 2290 5398 5062
f 4518 3776 5398
f 2291 2704 1087
f 2291 3248 3148
f 2292 737 995
f 2292 995 4918
f 2293 2276 1826
f 1826 1833 2820
f 1039 4664 2294
f 813 2294 4631
f 2295 4283 6119
f 850 1951 4037
f 2587 3439 4739
f 2201 2587 4739
f 2297 483 3318
f 491 2297 5417
f 1324 2298 119
f 2793 119 5718
f 2299 1586 1844
f 5245 3415 5670
f 2300 4051 514
f 1654 3591 3288
f 2301 5186 2281
f 4063 3922 2893
f 2302 823 2385
f 823 5784 5296
f 2303 2280 554
f 6154 4556 6043
f 3936 2304 4379
f 717 3930 5165
f 6064 3525 2305
f 2200 513 2305
f 2674 2306 2952
f 5977 4800 2955
f 6037 2307 1644
f 1288 2328 6075
f 2308 3015 363
f 5547 1021 3507
f 1695 488 2309
f 3547 2547 1695
f 2427 3321 1223
f 1245 2427 1223
f 2311 2179 5336
f 2238 5857 1201
f 1936 1729 2312
f 1936 2312 2798
f 5033 1894 4361
f 4361 4936 2201
f 4896 2314 3945
f 2314 6123 1064
f 2315 4664 1039
f 2943 2315 1039
f 6045 563 2316
f 780 2638 2316
f 2317 5131 1486
f 43 4716 91
f 3424 779 2318
f 5285 5247 5288
f 6068 1214 2319
f 1214 4068 2319
f 4914 4919 4253
f 4271 843 2390
f 2662 637 1236
f 5886 637 4964
f 5775 2322 552
f 3420 1222 552
f 4992 4994 2323
f 2323 693 3246
f 3258 2045 3704
f 3704 3408 1241
f 4363 2384 4550
f 4363 1546 2384
f 5684 2326 4974
f 5684 683 2326
f 5544 5171 1308
f 4122 5603 3731
f 4394 2328 1288
f 3152 4394 2448
f 2456 2700 464
f 5784 823 2302
f 3475 5475 2330
f 3475 5358 3473
f 4917 1691 2188
f 4434 3469 5617
f 1335 1094 2332
f 3086 1335 2332
f 3039 5879 2333
f 5176 876 875
f 4388 2929 2916
f 1184 1316 2929
f 1172 5266 2335
f 4681 1172 2335
f 426 2336 3427
f 5064 2362 3427
f 1549 5316 2337
f 712 390 2337
f 2338 5854 5699
f 2338 5305 5854
f 5815 2339 2433
f 5529 4194 3783
f 810 2057 4709
f 5181 810 4732
f 2341 2925 515
f 4256 5382 5361
f 4122 3731 976
f 2359 976 3731
f 3309 4380 2343
f 5758 1260 2870
f 2344 4298 1063
f 2509 2344 4616
f 876 2345 875
f 875 4485 1883
f 4895 4481 2346
f 458 963 5913
f 5991 3447 5973
f 1306 4330 5356
f 2348 6018 2483
f 6018 2348 5305
f 2349 3097 1454
f 619 4929 2967
f 3085 2350 2431
f 3375 5648 5344
f 6131 6110 1989
f 4297 392 5307
f 4507 2352 955
f 837 4900 2377
f 5500 2353 1976
f 3866 3768 4858
f 3028 768 2354
f 4248 1296 4537
f 2355 2521 4573
f 4588 4573 4149
f 2358 5285 5288
f 779 3424 2358
f 2357 487 5775
f 4702 487 2357
f 1005 2358 3771
f 4962 779 2358
f 2359 3731 1608
f 4607 2359 5864
f 759 512 2360
f 2287 759 2360
f 1302 1753 2361
f 4821 1302 2361
f 446 2362 5064
f 446 5111 3788
f 834 2781 647
f 5315 834 5611
f 1582 2936 2364
f 5121 2206 5120
f 1506 5095 2365
f 2365 1445 3635
f 2366 5746 2523
f 4273 3142 1482
f 2566 765 2367
f 2367 765 1939
f 3631 4187 2368
f 5507 3826 2368
f 5745 2872 1164
f 5745 1164 4192
f 777 2370 4322
f 5602 3878 5635
f 1537 6084 2371
f 2371 6084 2788
f 2372 1737 5498
f 1448 1737 2372
f 4274 4337 3966
f 5420 3966 827
f 4439 1900 2374
f 3472 2374 1900
f 2375 2731 408
f 408 2408 4309
f 2376 872 4357
f 1428 5002 2376
f 4052 2377 955
f 768 3028 2352
f 2378 5093 1970
f 5093 3709 4185
f 2379 2021 1135
f 3036 1135 5719
f 5627 2380 1620
f 2380 884 1620
f 2381 3538 2470
f 3538 5772 535
f 2398 4725 2382
f 4933 648 5025
f 5418 5323 428
f 3926 428 5323
f 2932 2384 4855
f 2384 1546 2325
f 4298 2385 823
f 2385 4298 4056
f 2383 5191 2386
f 2276 6143 5207
f 5463 3034 2387
f 2387 2866 1075
f 1707 476 2388
f 4868 4849 476
f 3752 374 3821
f 4032 3821 3037
f 1234 2390 4795
f 4682 543 3988
f 4118 2391 3551
f 2391 4118 5516
f 4948 2392 3605
f 5892 2392 780
f 509 1249 2393
f 509 2393 2090
f 2394 816 2048
f 2492 3605 2048
f 4331 2395 912
f 2395 5684 912
f 2396 3549 3272
f 3549 2396 1732
f 4102 2397 1854
f 2537 2368 4187
f 2398 5066 465
f 2382 438 2398
f 5687 2399 3223
f 1481 2399 5687
f 3907 708 2277
f 1719 6015 2676
f 2401 6137 1351
f 5234 2470 3538
f 3637 398 3657
f 954 398 3637
f 2403 5025 648
f 2403 4725 2398
f 3662 1258 2404
f 5601 1424 430
f 4874 5099 2405
f 5099 2321 4513
f 2406 5554 1080
f 2406 1080 4042
f 4974 2762 2718
f 2762 3477 2718
f 4973 4417 5517
f 4973 2676 3911
f 2409 1178 1658
f 3394 2409 828
f 3660 5578 2410
f 663 2410 4569
f 3401 2411 6105
f 3401 4126 2411
f 2412 3845 1392
f 4845 2444 3205
f 2246 2273 2413
f 4991 2413 817
f 2414 715 3145
f 5122 1190 715
f 723 958 2415
f 3890 4761 1965
f 4176 5763 2416
f 5763 2011 2416
f 1939 765 2417
f 5863 4320 711
f 2418 1842 350
f 2418 3860 1842
f 1457 2419 1429
f 2199 2419 5003
f 3761 2396 3281
f 707 2924 3762
f 4687 984 5290
f 1578 984 4687
f 1360 5847 2422
f 2422 3369 4133
f 2423 1596 942
f 2423 942 5179
f 1518 5640 394
f 5640 1518 2385
f 5674 4614 2425
f 4771 5622 4166
f 2426 6134 2912
f 5578 3660 6134
f 3321 2427 2310
f 2427 5465 2310
f 4053 1681 2428
f 1681 1577 2428
f 2429 365 3491
f 3343 365 4576
f 1578 2817 626
f 2829 626 5935
f 4210 346 2431
f 826 2431 2532
f 740 5184 899
f 3271 899 5184
f 894 5815 4140
f 894 4140 1947
f 1481 5687 1014
f 2994 4387 2626
f 5080 2293 2435
f 2437 2820 5723
f 526 1930 2436
f 1930 4037 4999
f 2435 2820 2437
f 5185 5080 2435
f 2438 1531 6022
f 1531 2746 1463
f 2439 1112 1684
f 4944 2524 2439
f 2440 1005 3771
f 2440 1600 3964
f 3111 1083 914
f 4869 914 2678
f 4649 2442 2744
f 690 1549 2442
f 4030 2443 1652
f 2443 1388 3293
f 4845 1392 2444
f 5893 1392 1749
f 2445 442 5668
f 3787 6042 1915
f 2446 3994 1025
f 2446 1025 2525
f 2447 3518 1761
f 477 2447 1761
f 4219 3048 692
f 3048 1552 692
f 4707 3655 2449
f 4959 488 3830
f 2437 2450 2435
f 2450 2437 1571
f 4643 6139 3177
f 3558 6139 4643
f 2452 4175 2750
f 2452 3611 668
f 2683 688 2453
f 3482 2471 1183
f 3797 2454 4202
f 4226 3458 6095
f 1796 3083 2455
f 1796 2455 1780
f 3125 4549 2456
f 5784 2329 5296
f 1206 2501 2457
f 3382 2550 2457
f 2458 4654 794
f 2522 2458 2576
f 1616 2459 451
f 866 2459 6088
f 4236 953 2460
f 2390 2460 953
f 2461 3751 3461
f 3461 1134 2461
f 2462 2045 5540
f 2462 5540 6001
f 948 6025 2463
f 2463 1095 1376
f 1023 1925 2464
f 363 1023 2464
f 5707 2465 2092
f 3219 3381 1181
f 2466 3244 3335
f 5641 473 3244
f 4902 1024 6069
f 3372 4902 4282
f 2657 2578 2468
f 4924 2828 5776
f 2472 2469 2162
f 382 865 2469
f 3717 2381 2470
f 2401 2470 6133
f 2453 5723 2471
f 5723 2820 5787
f 382 2472 3383
f 382 2469 2472
f 4958 2473 2560
f 2468 4984 5741
f 2474 4178 1271
f 5341 5546 6040
f 4825 2475 516
f 3714 3948 516
f 1268 811 2476
f 4120 1268 2476
f 1410 3021 797
f 5884 3893 390
f 358 4014 1872
f 3999 4014 358
f 2474 1271 3831
f 3831 6121 2474
f 3341 2480 2805
f 2805 2480 1133
f 1043 1894 2481
f 1894 5033 2481
f 5349 2482 726
f 726 2482 1815
f 698 2483 2845
f 2483 5167 4058
f 3270 2484 2629
f 2486 2484 3270
f 2146 3107 2485
f 2485 1891 2146
f 3252 2486 3270
f 5523 6147 2486
f 3424 2318 2487
f 2318 916 2487
f 3134 3951 2488
f 2488 3951 3887
f 4031 2489 752
f 1562 752 5565
f 5637 2490 5221
f 5642 2167 2490
f 4692 5232 2491
f 576 2828 4924
f 1770 3605 3611
f 3611 2452 1770
f 3316 2493 1143
f 1143 2493 1211
f 2494 2207 3315
f 2494 1920 2207
f 1038 2495 5350
f 1577 2495 1038
f 1088 419 2496
f 5044 2611 4782
f 552 2497 1465
f 1465 2497 583
f 1041 2498 849
f 1041 2475 4825
f 2499 5384 2498
f 2498 1041 2499
f 395 2539 2066
f 5851 4007 3529
f 698 2457 2501
f 2501 3351 5243
f 2106 2502 4864
f 4040 4864 2502
f 344 2503 4013
f 2503 2148 4013
f 2934 670 2504
f 5770 4306 2504
f 2505 5893 1061
f 2705 450 2505
f 405 2506 1596
f 2506 5290 1596
f 2507 1886 3864
f 1886 2507 5094
f 1077 4131 2508
f 766 1077 5311
f 1122 4033 2509
f 1122 2509 4616
f 5683 2510 1488
f 1360 2422 4133
f 1077 2508 5311
f 6093 6090 2508
f 2186 2512 5710
f 2512 2077 447
f 523 2513 5920
f 2513 3726 1491
f 6051 1115 4143
f 4672 3534 1115
f 721 3780 4975
f 1653 2517 4239
f 2516 1338 545
f 2531 1335 2516
f 4239 2517 1048
f 2517 1907 4975
f 2518 2164 5061
f 2518 5061 3837
f 4373 5796 4246
f 4804 2811 4373
f 2520 3333 2118
f 3137 2520 2118
f 2521 2355 1189
f 6108 1424 5024
f 2540 2522 1628
f 5489 2458 2522
f 1167 2366 2523
f 4628 2132 1167
f 2524 4181 606
f 2524 606 2439
f 1025 3147 2525
f 1961 4881 813
f 2907 2526 1533
f 1533 5143 3210
f 3840 2590 2527
f 3840 2527 5134
f 440 2528 4095
f 1391 3508 3101
f 2529 3716 474
f 2529 474 1345
f 975 4933 2530
f 2530 217 975
f 2533 3889 545
f 3889 2516 545
f 2431 4751 2532
f 2532 4751 2822
f 2533 545 484
f 2220 2533 484
f 2534 991 3961
f 2519 5796 2687
f 908 3198 3195
f 5851 3529 3565
f 2187 4129 2536
f 2536 1416 577
f 2397 2537 4187
f 3302 2537 5704
f 3436 2538 4350
f 2538 3436 1725
f 2500 655 2539
f 5851 5328 4007
f 2540 5159 5489
f 2522 2540 5489
f 144 3749 2541
f 144 4805 145
f 2542 4650 2145
f 4357 872 1091
f 5150 5890 467
f 3928 3546 3906
f 4451 3466 5874
f 5874 2 4451
f 444 2545 3562
f 1209 2545 444
f 2546 3404 5011
f 6021 2546 2504
f 1695 2547 706
f 1944 3869 2602
f 4731 2839 2548
f 1705 3828 5094
f 1060 1716 2549
f 2970 3519 1060
f 1206 4667 654
f 1206 2457 4667
f 4834 3501 1296
f 1296 4248 3974
f 4706 4581 6118
f 2902 4581 4706
f 3405 1360 2553
f 1994 5372 5685
f 3181 2554 833
f 2583 833 2554
f 5053 2555 389
f 2555 1857 389
f 1566 6081 2556
f 2556 6081 353
f 1000 2557 2131
f 2557 2529 2131
f 629 2558 4623
f 1657 2558 629
f 3071 1485 1009
f 1009 3944 3071
f 5756 2560 1409
f 4909 2560 3099
f 4764 2210 4789
f 4789 2210 1515
f 2562 4318 797
f 5051 4318 2562
f 2563 4638 878
f 878 1351 2563
f 1716 4670 2564
f 1716 5715 2549
f 731 2565 4391
f 731 489 2565
f 3243 2566 2489
f 5565 752 2489
f 4176 1896 446
f 2416 1896 4176
f 1286 5550 6066
f 6066 3400 1286
f 3173 2569 5605
f 3173 4706 2679
f 1247 4755 4261
f 4755 3264 4261
f 5555 702 2178
f 2688 2978 5555
f 2425 2572 5622
f 4889 2572 3577
f 2573 5813 1033
f 2573 1073 3748
f 948 2574 1506
f 2935 2574 5837
f 1660 5416 2091
f 1660 4976 5416
f 680 1628 2576
f 680 3720 1761
f 2577 2277 708
f 5625 1045 2277
f 2578 3929 2473
f 4147 4984 2473
f 1715 393 2579
f 4410 2579 393
f 5886 512 2580
f 4789 5169 512
f 2581 846 3280
f 1828 846 2581
f 1994 4251 5372
f 1994 5257 4251
f 2607 2554 3364
f 4165 4901 1528
f 2584 817 1699
f 5354 1699 3636
f 1184 2585 2013
f 1184 5177 2585
f 746 2256 2586
f 2812 4908 2586
f 1166 3455 2587
f 1166 2587 2201
f 2588 1062 3493
f 5299 2624 1090
f 2709 778 2589
f 5427 2623 2709
f 1197 3106 2590
f 5460 2590 3840
f 2591 619 772
f 3467 772 3678
f 797 2592 1880
f 797 3021 2592
f 1646 4640 2593
f 5796 991 2534
f 4979 2799 5258
f 410 5252 2641
f 2595 937 4205
f 937 2595 1380
f 2583 2596 5027
f 3773 1904 5027
f 2693 3958 3979
f 3979 4076 2693
f 2034 2598 5262
f 5781 5442 5826
f 2599 6020 2796
f 5629 608 5226
f 724 3291 2600
f 1626 724 2600
f 2601 1346 3909
f 1130 3463 2601
f 2602 2547 3547
f 3869 2547 2602
f 2810 1447 1073
f 2810 3932 2806
f 3156 4222 3346
f 3346 4222 3745
f 6058 2605 5532
f 396 3233 717
f 4048 3530 890
f 2664 3204 4048
f 1554 2583 2607
f 2583 2554 2607
f 2608 2542 1049
f 2608 1049 3135
f 4525 1962 2609
f 4525 2609 3985
f 3817 4745 5037
f 1933 2752 1431
f 5255 4478 4244
f 5255 2613 1503
f 1014 2612 4395
f 2994 2626 1014
f 5044 2613 2611
f 2613 5255 2611
f 3214 3014 2614
f 864 1614 2614
f 3818 3810 5563
f 5563 1255 3818
f 2616 1452 1963
f 2372 1452 2616
f 2617 917 2411
f 2411 2894 5914
f 1998 2618 4280
f 1320 2618 1336
f 2619 1447 2810
f 2810 4334 2619
f 1095 2620 1376
f 2620 1063 3130
f 2621 2630 2527
f 2621 2527 4790
f 2622 1028 1244
f 1244 1821 4369
f 959 2709 2623
f 805 959 2623
f 2588 4953 1062
f 2588 484 4953
f 1891 4780 2625
f 2146 1891 3938
f 2626 2612 1014
f 2626 1523 2612
f 2627 5983 3665
f 3721 3665 1204
f 1503 4378 2628
f 2628 1963 1503
f 466 3270 2629
f 4387 2629 2626
f 2630 2621 1362
f 4090 1362 4848
f 862 2631 478
f 2631 2681 4880
f 1838 1398 2632
f 3724 2651 1367
f 3389 4641 2633
f 3389 2633 3528
f 2634 1203 4557
f 1458 5716 6055
f 5469 2635 577
f 2635 1240 4390
f 5493 5419 2636
f 1737 940 5498
f 4547 348 2637
f 818 3428 348
f 2638 6045 2316
f 4600 2229 3552
f 5650 2643 5586
f 4116 5586 4124
f 2640 989 6124
f 989 2640 3940
f 2594 2641 1054
f 410 2641 2594
f 4172 1993 2642
f 2642 1993 5182
f 3673 4870 2643
f 4819 381 2643
f 2644 1471 5868
f 1576 1471 2644
f 2110 2645 2678
f 4238 2110 5457
f 2646 963 1136
f 4504 3968 1136
f 1669 5542 2647
f 1669 5562 5917
f 2648 5731 6098
f 5665 6098 1534
f 3105 3236 2649
f 2572 4889 1208
f 3957 501 2650
f 3623 2667 4593
f 3724 2632 2651
f 2651 2632 6063
f 2652 660 3556
f 5200 2652 835
f 2653 4310 3532
f 2653 3465 4310
f 5189 1855 1365
f 1365 2340 5189
f 3648 3815 2655
f 5839 2655 5945
f 2373 5342 2656
f 2656 5342 4370
f 2657 2054 2578
f 5035 2054 2657
f 2658 1834 2896
f 4462 4530 5468
f 2659 5639 809
f 2659 4508 5639
f 928 2660 5848
f 928 2940 2660
f 1294 3434 2661
f 2279 2661 3434
f 2321 4964 6035
f 5099 4964 2321
f 2598 2663 603
f 603 2663 2978
f 658 4798 3949
f 658 3746 1456
f 3483 3009 2665
f 2962 5932 5754
f 4197 2666 1205
f 2666 2699 1205
f 501 2667 3623
f 501 1003 2667
f 2668 5085 1544
f 837 2668 1544
f 3573 4961 2669
f 1 5342 2373
f 902 2670 4484
f 902 4338 5708
f 2671 495 5768
f 2671 844 495
f 5443 2672 2723
f 903 4370 5342
f 2673 2687 2735
f 2673 2735 2765
f 4086 4951 2674
f 4951 1052 2674
f 353 2675 2112
f 353 4524 2675
f 2408 408 2676
f 2408 2676 4973
f 3835 1078 2319
f 5176 1078 3835
f 1359 2678 2645
f 1359 2127 4775
f 3173 2679 2569
f 4599 2569 6118
f 2680 42 3117
f 748 5431 5755
f 2631 862 5961
f 862 4391 5961
f 2682 2668 837
f 2682 4025 519
f 1571 5292 4679
f 4663 4630 5445
f 5973 3447 2684
f 3651 4411 5271
f 5785 5656 1018
f 1685 358 5656
f 1278 2686 3668
f 1754 3544 2704
f 2687 2534 2735
f 5796 2534 2687
f 2034 5262 662
f 2691 1751 662
f 2689 4671 5652
f 4671 2944 5855
f 3489 4086 913
f 4086 2674 913
f 662 5262 2691
f 2688 5555 2691
f 5210 470 2692
f 2692 470 2122
f 6124 4366 2693
f 890 2693 4076
f 826 2532 2694
f 826 3460 1109
f 1733 2063 3760
f 773 6024 5582
f 2696 3426 755
f 3426 4374 844
f 4223 929 2697
f 2697 3485 2049
f 3571 4899 2698
f 1072 3847 2698
f 4140 5309 3568
f 5309 5125 3568
f 2302 2700 2456
f 2302 3452 2700
f 5468 2658 2701
f 5457 2701 2658
f 4877 2702 3795
f 2702 3792 3795
f 1695 2309 2703
f 2703 6096 2729
f 1278 4488 2704
f 3544 1278 2704
f 2505 1061 2705
f 6142 1061 3587
f 2706 4428 2122
f 3785 682 2753
f 598 2707 1790
f 4828 5061 5063
f 2148 2708 4011
f 2708 3589 1273
f 3485 2709 2049
f 2709 3516 778
f 2710 596 5351
f 2710 1880 596
f 3679 471 2221
f 3679 1902 471
f 2712 848 5334
f 2712 1113 848
f 2713 4145 1790
f 2707 2713 1790
f 5860 4184 2714
f 2714 649 1583
f 2660 1295 2715
f 1295 3659 2715
f 4221 2716 2834
f 4221 4967 5838
f 2717 1204 4183
f 4694 1204 2717
f 3359 2718 409
f 4163 2718 4917
f 2719 4990 1529
f 6012 2719 1529
f 2720 1218 1852
f 1218 2720 1900
f 214 2721 2252
f 2721 1541 2252
f 2722 1419 1563
f 2722 761 1419
f 2723 2672 903
f 2740 903 5339
f 1193 450 2724
f 5041 450 2705
f 2325 1546 2725
f 5908 5906 1546
f 2726 5999 6001
f 4392 534 842
f 450 2727 2505
f 450 663 4569
f 5559 3609 2728
f 2749 2743 2728
f 2729 6096 1243
f 894 2729 5815
f 2730 5263 961
f 961 2447 2730
f 5378 5217 2731
f 3010 981 741
f 4286 4096 1893
f 2760 4286 1893
f 2733 3026 2027
f 2861 3026 2733
f 2734 347 3002
f 3682 5320 5195
f 564 4036 3829
f 4036 2534 4097
f 3542 718 2736
f 5294 5572 3171
f 617 2737 3294
f 617 4850 2737
f 4704 431 2738
f 431 1418 2738
f 2739 928 5848
f 4808 946 5789
f 2740 2723 903
f 5443 2723 2740
f 5929 2741 1847
f 6046 618 2741
f 4428 2706 2742
f 2706 2122 2753
f 1255 2743 5370
f 5559 1255 5563
f 2744 2741 4882
f 2744 4882 402
f 2745 2694 5122
f 826 2694 2745
f 2746 1531 2438
f 2756 2746 3918
f 2747 4666 1065
f 4086 2747 1065
f 643 4489 2748
f 577 643 2748
f 5370 2743 2749
f 4152 5787 1833
f 2825 377 2750
f 377 3959 2750
f 4029 1953 2751
f 1953 1267 2751
f 5338 2610 2752
f 2610 1431 2752
f 2706 2753 2742
f 2753 682 2742
f 2754 957 4903
f 4903 934 2754
f 2755 4872 5430
f 3129 2203 1814
f 2079 2746 2756
f 1082 2079 2756
f 3113 1992 215
f 2757 215 314
f 215 1879 2758
f 2758 169 215
f 5562 2759 1464
f 1464 2759 3078
f 1893 952 2760
f 952 1897 2760
f 1219 2761 3827
f 4662 2761 5818
f 2762 5592 5206
f 2762 2407 3477
f 2774 2763 5179
f 2763 1287 3592
f 1827 2764 1037
f 5752 1037 2764
f 2765 4036 564
f 564 1371 2765
f 841 504 2766
f 5415 5222 4191
f 1369 2767 2061
f 1369 695 2767
f 2768 1105 5302
f 2768 2747 3360
f 2863 429 5747
f 429 4396 5747
f 5630 2770 1631
f 4060 5046 1631
f 2745 4216 814
f 4216 3139 814
f 889 4794 2772
f 4778 2772 1313
f 1313 2772 2773
f 5290 984 1313
f 2774 1287 2763
f 2774 6150 1287
f 2543 2775 467
f 2543 2042 2775
f 1817 1384 2776
f 1817 2776 694
f 127 2777 2559
f 2777 127 2758
f 478 5912 2778
f 2778 970 5201
f 1319 2019 2779
f 1319 3513 5238
f 588 5786 4645
f 3858 5786 5960
f 6082 2781 5878
f 5315 482 2363
f 4356 2782 5742
f 121 2782 4356
f 2783 2161 1104
f 2714 2783 1104
f 5975 6011 1621
f 459 4455 2729
f 1512 2785 128
f 2785 1512 91
f 4588 2786 2848
f 4982 959 805
f 2787 5132 6111
f 3649 4900 1820
f 2829 2788 5626
f 2371 2788 1383
f 1909 2789 861
f 1322 2789 1909
f 352 2790 1784
f 4029 3339 5828
f 5478 5234 2791
f 5234 3538 2791
f 2218 1088 5148
f 5148 1088 2577
f 1724 2793 5718
f 2793 5056 1196
f 1530 2794 1894
f 3403 400 5694
f 2836 5390 2795
f 5390 4233 2795
f 1230 927 2796
f 927 2599 2796
f 2612 5916 3257
f 3257 5916 3209
f 2798 1511 560
f 5153 1511 2798
f 1639 2799 1142
f 1142 2799 4979
f 2800 1543 909
f 3722 5576 2800
f 4002 5433 2801
f 4240 2801 673
f 2802 1540 1509
f 2802 1509 1849
f 1679 2064 2803
f 3223 2803 1446
f 2804 4504 1881
f 4666 4833 1881
f 5171 2805 1308
f 2805 6077 1308
f 3932 1036 2806
f 5708 2806 1036
f 2807 3616 3231
f 2807 6092 3616
f 2808 4144 3513
f 2808 3881 4144
f 1890 2008 3629
f 2008 1081 3646
f 2603 2090 2810
f 5149 2810 2806
f 2811 5127 1646
f 1704 5127 3208
f 1522 2812 2586
f 631 2812 1522
f 2813 1318 4277
f 3883 380 1504
f 5246 5203 3097
f 5246 3097 2349
f 2815 669 855
f 554 2815 855
f 4164 669 2816
f 2815 2816 669
f 2829 5935 2824
f 5518 5935 4705
f 2818 528 4028
f 593 528 3011
f 4883 3278 2819
f 4883 2819 1866
f 2435 2293 2820
f 2293 1826 2820
f 1686 2821 1794
f 5227 2467 3260
f 2822 818 5016
f 2694 2822 1190
f 2012 2823 1703
f 2823 1051 1703
f 2824 5955 4482
f 4544 3385 5518
f 2085 2825 5138
f 2825 4807 377
f 2826 2957 5261
f 5261 4346 2826
f 2827 2279 1166
f 2201 4936 1166
f 2828 2468 5776
f 2657 2468 2828
f 1383 2788 2829
f 2824 1383 2829
f 2830 2122 470
f 2122 2830 2753
f 1328 1633 4571
f 1508 1328 4571
f 2059 2832 5483
f 5688 2832 2059
f 2833 3539 1242
f 5100 1242 1204
f 2834 2716 5076
f 5915 4335 5076
f 2835 5127 3052
f 2835 5949 1285
f 4027 1355 2836
f 1355 5390 2836
f 1887 5246 2837
f 2837 5246 2967
f 2838 1510 4929
f 4925 1510 4921
f 4731 1488 2839
f 1488 4986 2839
f 2840 1022 2596
f 995 1022 4920
f 2841 5720 5222
f 904 664 5389
f 2885 2838 619
f 2838 6051 1510
f 504 841 2843
f 2843 841 1102
f 2844 5624 1171
f 4026 4836 1171
f 2457 698 2845
f 5253 2863 2845
f 803 1967 2846
f 3770 967 2846
f 2847 2956 5420
f 2047 939 2847
f 2786 805 2848
f 805 4717 4608
f 2849 1131 2869
f 1131 2849 3278
f 2850 4128 2142
f 2850 2142 5580
f 2851 1047 1875
f 1875 1688 2851
f 2852 820 5209
f 2852 1319 5238
f 1453 2914 3080
f 537 2856 5486
f 2854 1784 2790
f 3912 1784 2854
f 3069 1688 3864
f 3069 2851 1688
f 1453 2856 2914
f 537 2853 2856
f 2857 1567 5712
f 5451 1567 2857
f 1918 2858 5156
f 779 2858 2318
f 2907 5804 3540
f 671 3543 2025
f 4801 780 2860
f 780 2316 2860
f 2861 3398 1610
f 1610 2780 2861
f 2862 3987 675
f 675 1871 2862
f 2845 2863 2457
f 2457 3384 3382
f 683 2864 4182
f 4747 4182 5410
f 5038 2099 2865
f 4681 3905 696
f 2866 653 440
f 3034 2866 2387
f 2196 2922 2867
f 4927 2737 2196
f 2868 5649 539
f 541 5649 2868
f 2869 1131 1613
f 900 2869 1613
f 1260 2343 2870
f 3816 2870 4878
f 4626 5429 2640
f 1551 5429 2873
f 2872 762 4386
f 1002 762 4241
f 5429 2175 2873
f 2873 2175 2606
f 2874 3825 2878
f 2874 3464 3537
f 835 2875 4586
f 5006 1103 4586
f 4398 1961 4787
f 897 4787 1961
f 1422 3790 2877
f 3035 1422 2877
f 426 2878 5941
f 2878 426 2874
f 4652 1003 2879
f 3337 1751 2879
f 4658 2880 2877
f 3107 2880 1983
f 2881 1341 343
f 1906 1341 2881
f 6094 3831 6008
f 1859 5937 3831
f 1983 2883 1791
f 1983 2880 4658
f 2884 425 1156
f 3070 425 2884
f 4143 2842 6051
f 6051 4921 1510
f 1753 2886 3713
f 1753 1302 5019
f 2887 1684 1112
f 4346 1112 2826
f 2892 5921 2888
f 1926 2892 3182
f 2889 4479 3606
f 2889 3228 807
f 4753 4291 5758
f 3584 1303 2870
f 4713 3016 1059
f 548 1098 5525
f 355 2948 2892
f 3880 355 2892
f 2301 938 2893
f 2301 2893 5186
f 5914 2894 1615
f 3492 4126 1176
f 2895 3441 4372
f 508 1767 2895
f 2896 973 5439
f 1834 973 2896
f 1882 1352 2897
f 1595 1882 2897
f 3719 2898 1629
f 4810 2898 2169
f 2671 2899 1545
f 1545 2899 521
f 2900 2942 5178
f 2671 5768 4071
f 2901 1760 6102
f 1760 2901 987
f 2902 2947 1524
f 4193 4564 606
f 2903 1403 1212
f 4161 1403 2903
f 937 2904 4205
f 5363 5367 1310
f 697 2905 422
f 2905 2042 4699
f 2906 1913 3020
f 5525 2891 4713
f 2907 5817 2526
f 2409 1658 3627
f 1726 1460 3494
f 1460 5394 6070
f 2909 840 3377
f 2909 771 1401
f 1726 2072 4326
f 4326 1460 1726
f 2911 640 493
f 3871 640 2911
f 3647 3652 1986
f 4714 1986 3652
f 2913 1786 733
f 1792 1786 2913
f 2856 2853 2914
f 2914 2853 1877
f 3663 2915 2113
f 448 4812 2915
f 1800 2916 1316
f 1316 2916 2929
f 1175 497 6057
f 4168 3422 3608
f 1300 2918 4983
f 1300 677 2918
f 1933 2919 4425
f 1431 2919 1933
f 1289 4477 2920
f 2920 2061 1289
f 2921 3766 6125
f 3286 3766 2921
f 481 2922 1937
f 1937 4161 2903
f 2923 1068 4749
f 2983 1068 3557
f 2924 3915 1199
f 2924 1199 3742
f 2925 2089 970
f 2925 970 1696
f 4516 3056 2926
f 4516 2926 607
f 5054 2949 2927
f 5159 2927 792
f 2928 5488 1995
f 2928 571 1942
f 2843 5173 2929
f 1184 2929 5177
f 4774 4543 932
f 5933 932 4543
f 979 1198 2931
f 2928 2931 1198
f 2401 1351 2932
f 6029 2249 4550
f 2574 1964 3794
f 2172 3794 1964
f 2934 3743 569
f 569 945 2934
f 2935 1506 2574
f 1550 1506 6044
f 2936 1111 3689
f 2936 3689 5120
f 2464 2937 363
f 5547 4863 363
f 2938 1039 2294
f 2938 2294 3147
f 2071 1496 2939
f 2939 1496 2935
f 2940 1565 2660
f 2940 499 1565
f 4888 2941 4849
f 3154 3899 2941
f 2942 1626 3276
f 5768 724 1626
f 1605 4509 2938
f 4230 4509 1605
f 5524 1388 2944
f 4671 5524 2944
f 2945 3411 6010
f 1348 4436 1144
f 494 1653 2946
f 2946 1653 2515
f 5693 2947 2902
f 1446 5197 2947
f 2892 2948 4323
f 2948 5065 1973
f 5654 5589 2949
f 2927 2949 792
f 802 1173 2950
f 802 2950 4561
f 4247 2951 5829
f 2951 2823 1100
f 913 2952 1675
f 1675 5977 1935
f 1990 3133 5456
f 373 3133 1990
f 1719 2954 708
f 4301 2954 1719
f 2955 3799 1935
f 5977 2955 1935
f 2847 939 2956
f 939 1955 2956
f 3886 936 2957
f 3886 2957 811
f 1856 5988 2479
f 1856 949 5988
f 362 2959 3570
f 314 5026 2959
f 1349 1292 4502
f 1349 4502 2269
f 2961 5885 5900
f 2961 4184 5885
f 4987 2986 3788
f 3009 2986 5754
f 430 1424 2963
f 1424 6108 2963
f 1238 3683 2964
f 393 1238 2964
f 2965 1885 4728
f 618 1885 2965
f 1735 1177 2966
f 737 2966 1177
f 2967 2349 1444
f 5246 2349 2967
f 2968 475 3062
f 4642 475 2968
f 2969 2654 4413
f 6106 644 3498
f 3481 2970 2549
f 2970 1060 2549
f 2668 2971 5085
f 2668 900 2971
f 746 2972 2256
f 1892 2256 5761
f 1642 4069 4878
f 4069 1642 5994
f 2974 3201 793
f 793 2971 2974
f 1437 2104 2975
f 1437 2975 4362
f 2976 1411 5996
f 2976 120 1411
f 5774 2977 448
f 1466 5759 2977
f 2978 2663 702
f 2978 702 5555
f 5682 3316 1143
f 1210 2826 4190
f 901 2980 1337
f 5645 2980 901
f 2915 1634 2981
f 1634 372 2981
f 2982 4618 2219
f 1417 2982 2219
f 4073 597 2983
f 2983 597 1068
f 2984 1086 773
f 4752 1086 2984
f 5641 2004 2985
f 3614 2004 1573
f 2962 2986 3007
f 5754 2986 2962
f 4117 2987 2174
f 2174 2987 565
f 2270 1331 2988
f 4997 2988 1331
f 3753 968 3610
f 3610 968 398
f 3783 2990 5529
f 2339 3054 2990
f 1379 2991 3590
f 2844 2991 1379
f 2992 2631 1222
f 3420 2992 1222
f 1671 2993 5458
f 2993 1074 709
f 1014 2434 2994
f 1765 2994 2434
f 5810 3977 2995
f 1676 4114 2995
f 709 4125 3317
f 2993 709 3317
f 998 2235 2997
f 2997 2430 4542
f 2998 807 1498
f 2998 1498 5145
f 2999 4691 2370
f 2370 777 2999
f 675 3000 1871
f 1954 1871 5192
f 2317 6128 3001
f 43 2317 4716
f 1270 3002 742
f 3744 5948 825
f 5779 559 3003
f 559 3899 4073
f 4226 3004 1212
f 3004 1865 1212
f 4401 4954 4899
f 4401 4899 3571
f 3006 2102 990
f 4192 4210 2431
f 2986 4298 3007
f 3007 4298 823
f 2151 3008 5650
f 4819 2643 3008
f 2362 3009 3483
f 3788 2986 3009
f 5721 408 2731
f 2731 5217 5721
f 528 2818 3011
f 3011 2818 1408
f 432 5312 4487
f 5616 5312 432
f 3013 1348 3038
f 3013 3038 3017
f 3014 3214 5362
f 2164 3014 5291
f 1330 3015 2308
f 4928 4931 3481
f 4713 2891 3016
f 5525 3020 2891
f 3017 2253 3013
f 2253 3017 3940
f 895 4905 3371
f 895 1610 4905
f 4723 3019 491
f 3019 2297 491
f 4228 3016 3020
f 2891 3020 3016
f 4059 2477 3021
f 5349 726 3893
f 2370 3022 996
f 2370 4691 3022
f 2579 4410 4104
f 3356 2579 3410
f 349 3024 2906
f 3024 349 736
f 1705 3025 1997
f 1997 3025 2551
f 1315 3026 1297
f 2861 1297 3026
f 2940 3027 499
f 5010 4169 3027
f 2377 4052 3028
f 1904 2377 3028
f 3029 1261 3027
f 1261 3029 2987
f 4891 3029 3027
f 3029 3980 1477
f 2342 3031 1418
f 1418 3031 2738
f 3032 2499 1028
f 2757 3032 1028
f 979 3033 1198
f 979 5176 3033
f 5467 2650 653
f 2866 5467 653
f 3107 3035 2880
f 5229 3841 3035
f 3036 1759 2379
f 2379 1135 3036
f 374 3037 3821
f 3037 374 5976
f 3038 1144 3017
f 1144 3038 1348
f 2677 1456 3039
f 1456 2163 4467
f 1120 3040 1123
f 4432 3040 3140
f 3041 2021 401
f 401 5337 3395
f 3042 2847 1747
f 6017 1747 2268
f 1692 625 3043
f 1692 5830 2187
f 1080 3044 4042
f 3044 1080 5554
f 1484 3045 5605
f 4981 1484 4721
f 1069 1050 3046
f 1050 3708 3046
f 3047 604 1387
f 1387 5005 3047
f 3048 2448 4394
f 4232 2448 3048
f 2738 3031 3049
f 3049 5166 4698
f 3052 5127 1704
f 4661 1704 475
f 3051 2206 3012
f 2206 3051 2364
f 3050 2835 3052
f 1697 3050 4661
f 1883 3053 2041
f 1883 4485 3053
f 5528 4896 3054
f 3054 2339 5528
f 2006 5705 3055
f 5165 3930 3055
f 4590 740 3056
f 3056 740 3225
f 3057 4065 1047
f 2851 3057 1047
f 978 3058 1253
f 3187 3058 978
f 1668 5979 935
f 4702 1668 789
f 1325 1045 3060
f 1045 5560 3060
f 4438 3061 2480
f 627 3061 4438
f 3062 475 463
f 3062 463 4804
f 847 5691 3063
f 4672 666 3534
f 5832 4038 3064
f 5831 3064 4027
f 4642 2968 3065
f 5855 524 3065
f 3066 4856 1364
f 3763 4644 1364
f 2095 3067 720
f 5773 5982 4575
f 977 3068 6122
f 977 3846 4528
f 3069 3730 2855
f 3069 2855 2851
f 1276 3070 2564
f 3070 1276 4156
f 3071 2559 1769
f 3944 2559 3071
f 3072 349 122
f 2008 3072 122
f 5545 3073 1579
f 3073 5545 3958
f 3867 3086 3074
f 3074 3947 3385
f 4902 3075 4282
f 3643 5903 1396
f 3076 4558 5282
f 5282 3912 3076
f 3850 3077 3268
f 5322 1759 3036
f 2151 3078 3008
f 1464 3078 2151
f 1622 3079 4045
f 3242 3080 1622
f 1622 3080 3079
f 3087 3080 4802
f 5816 1396 5903
f 5777 5816 3075
f 3082 2258 818
f 5943 818 2822
f 5773 3067 3083
f 3067 2455 3083
f 3084 3199 2007
f 3084 2007 1807
f 3085 826 1109
f 3375 5344 1109
f 3086 3947 3074
f 2332 411 3086
f 3087 4045 3079
f 3087 3079 3080
f 1755 551 5447
f 551 5413 5447
f 1945 3089 3355
f 3089 5920 2513
f 3199 3090 366
f 1574 4816 3090
f 3091 5988 949
f 4045 3087 3091
f 2117 3092 361
f 3092 3035 3107
f 699 3093 1999
f 1999 3093 1573
f 3094 1139 1538
f 4260 689 4909
f 2115 3802 1127
f 1406 1127 3805
f 122 367 3096
f 2008 122 3096
f 3097 5203 786
f 3097 786 1454
f 661 5990 1474
f 5754 4718 5618
f 1055 667 5756
f 5756 1409 1055
f 1917 3100 5857
f 3098 2311 3100
f 3508 1119 3101
f 5007 1119 5139
f 4625 4922 5939
f 4922 2867 5939
f 954 3774 3610
f 4158 4553 5335
f 3104 3813 5017
f 572 3104 811
f 2649 1717 3105
f 617 3105 4850
f 1867 2590 3106
f 1867 3106 1805
f 3092 3107 361
f 3107 5470 361
f 625 1239 3108
f 1239 1150 3108
f 1402 5074 3109
f 4222 3160 1402
f 3676 756 3110
f 1483 6104 3110
f 2441 1076 3111
f 3114 2441 4869
f 1836 1500 3112
f 1500 3750 3112
f 2757 3117 3113
f 3113 215 2757
f 1233 2666 3598
f 3525 3598 2127
f 1768 4856 3066
f 592 4988 1768
f 1927 3116 768
f 4776 3116 1927
f 216 3113 3117
f 42 216 3117
f 1307 3118 1160
f 4311 1160 3118
f 3962 1844 5551
f 5551 1844 2886
f 3868 3120 766
f 766 3120 1077
f 3121 542 4316
f 542 5899 3983
f 4796 1758 3122
f 3662 5601 430
f 5197 3123 1686
f 3638 1507 1686
f 3124 1279 1612
f 4019 5158 1501
f 3125 2456 464
f 4503 6062 4070
f 3126 1118 1502
f 3126 5401 1118
f 5299 3127 405
f 3127 2421 405
f 898 3931 3128
f 3128 2116 898
f 4932 2755 4811
f 5108 4811 2755
f 1376 2620 3130
f 893 1376 3130
f 3131 1273 3320
f 4011 2708 1273
f 1169 3132 6065
f 581 6065 3132
f 5664 3133 2953
f 2953 3133 373
f 3951 3134 2157
f 4397 2225 2157
f 3131 3320 1034
f 3320 4010 1034
f 3136 657 1967
f 3171 5572 657
f 1987 5045 3137
f 3137 1809 1987
f 4603 345 3138
f 3138 4010 3320
f 3139 3328 1988
f 3139 1988 3438
f 3140 3040 1120
f 5750 4645 3140
f 4215 3141 1508
f 3141 1328 1508
f 3254 1472 3142
f 3142 1472 1482
f 3143 5864 2005
f 3143 2005 863
f 425 3144 1156
f 1863 3144 425
f 3145 4754 1470
f 2771 3145 1470
f 5289 3146 3129
f 5084 5289 5086
f 2294 813 3147
f 813 4881 3147
f 4749 3148 1221
f 1221 4506 3970
f 867 3125 3149
f 867 3149 5079
f 6107 2476 3150
f 3150 1143 3357
f 2073 455 3151
f 455 3444 5980
f 3152 2328 4394
f 6075 2328 3152
f 91 4716 3153
f 3153 4566 91
f 550 4683 3154
f 511 4912 4868
f 1170 3619 3155
f 3155 4387 1170
f 1402 3160 907
f 3160 601 907
f 3157 6075 3152
f 4512 5314 3152
f 4343 3723 3158
f 6135 3158 3164
f 3159 2406 4042
f 2406 3159 1076
f 3156 3160 4222
f 3156 601 3160
f 3161 2045 3258
f 3183 2045 3161
f 3162 632 1214
f 3162 3340 416
f 5345 3163 5449
f 3163 389 5753
f 6135 3164 5060
f 794 5060 3164
f 938 3165 2893
f 938 690 3165
f 685 4539 2092
f 685 1007 3238
f 2719 3167 1845
f 1845 3167 3873
f 3168 480 1469
f 3921 4783 1116
f 2635 4390 3169
f 3653 3169 1182
f 5668 3170 581
f 581 3170 3307
f 2148 3171 3136
f 3171 657 3136
f 2087 1007 3172
f 4375 1007 685
f 3173 799 3622
f 799 3173 3045
f 610 465 3174
f 610 3174 1103
f 3178 5807 3175
f 3210 3178 3175
f 3176 3741 1944
f 5395 1944 2602
f 3177 1878 888
f 1878 3177 506
f 5807 3178 1673
f 3178 4759 1673
f 783 3179 1361
f 3179 783 3920
f 1931 3180 1256
f 1256 3180 5154
f 1745 3181 1451
f 3057 1451 4065
f 3182 2892 2888
f 3182 2888 1743
f 859 3183 1560
f 3183 859 2324
f 6032 6061 5985
f 1187 3431 1207
f 3226 3185 3264
f 3185 3983 5899
f 3186 2163 755
f 2163 3186 5879
f 3187 978 608
f 608 2020 3187
f 3188 1539 1698
f 1634 3188 4791
f 1374 4572 3189
f 4730 3189 5438
f 3190 3973 4758
f 1799 3298 1801
f 3914 3191 4505
f 1727 1655 3191
f 485 3239 3192
f 485 3192 4155
f 5448 1291 3564
f 622 6149 5448
f 4621 3182 1743
f 2373 4621 1743
f 3198 5332 3195
f 5332 5328 5851
f 2943 3196 2315
f 3196 1876 2315
f 1868 4859 3197
f 4859 5096 3197
f 3667 5332 3198
f 505 3667 4660
f 366 1899 3199
f 3807 3199 1899
f 1151 1874 3200
f 3200 4865 1151
f 3197 3201 4960
f 3201 3197 793
f 1653 494 3202
f 2517 1653 3202
f 3203 4043 1090
f 545 3203 1090
f 3530 4048 3204
f 3204 609 3530
f 2727 3205 2505
f 2505 3205 2444
f 2053 869 3206
f 3206 1399 2053
f 4267 1153 5947
f 6005 4575 5947
f 5127 2811 3208
f 3208 2811 4804
f 1478 3209 5916
f 517 5706 1478
f 852 3178 3210
f 3210 3781 852
f 1311 3211 2042
f 3215 4943 1311
f 5718 2298 675
f 5718 119 2298
f 1267 3213 5507
f 3240 1860 5297
f 2614 1614 4584
f 2801 4584 1614
f 578 3234 3215
f 3215 1311 578
f 3216 1574 586
f 3219 586 3381
f 1885 618 3217
f 3217 618 5114
f 3218 4722 795
f 1381 3218 795
f 3216 3219 1181
f 3219 3216 586
f 836 5273 3220
f 3954 5273 5313
f 638 3221 1377
f 1678 4053 3221
f 3004 1861 3222
f 3222 1861 529
f 2803 3223 1679
f 1679 3223 2399
f 3224 1550 4245
f 3224 1445 1550
f 3056 3225 1455
f 1455 3225 2289
f 387 3185 3226
f 1001 387 3226
f 3227 2975 1628
f 680 3227 1628
f 3228 1292 1584
f 1292 3228 2889
f 721 3700 3229
f 721 3229 3224
f 1280 3230 3166
f 2087 5112 1280
f 3231 2275 4535
f 3231 3616 2275
f 4865 3233 396
f 3233 4865 3200
f 3233 3200 3232
f 3232 717 3233
f 744 3215 3234
f 4287 781 744
f 6087 1581 5381
f 1581 3343 5381
f 1208 3236 3256
f 4889 3236 1208
f 5703 3322 1859
f 5269 4006 5703
f 3238 1280 3166
f 3238 4539 685
f 6087 5381 3239
f 3239 3235 2991
f 6153 3240 5297
f 1953 3240 3421
f 613 3241 3686
f 1714 3300 613
f 3242 1622 396
f 3242 396 4087
f 1789 3243 2489
f 3300 3243 1789
f 3244 3859 2018
f 3244 2018 5022
f 1989 3245 6131
f 3399 6131 3245
f 2323 3246 3618
f 3246 4015 630
f 3643 3247 3234
f 3234 4287 744
f 3248 2291 1087
f 1087 1030 3248
f 1340 3249 1708
f 1708 3249 5083
f 5137 3250 2606
f 3250 5137 857
f 570 4085 3849
f 578 4085 570
f 1412 4109 3252
f 5340 3252 3270
f 3224 3253 721
f 721 3253 3780
f 4696 6077 3254
f 3254 6077 672
f 5146 3255 5636
f 2724 986 3255
f 1208 3256 3738
f 1132 3792 3779
f 5657 5706 5360
f 5657 2797 1481
f 3258 3704 1241
f 3258 1241 3161
f 3541 3259 1829
f 5510 538 1829
f 1794 3260 1326
f 1794 5227 3260
f 3261 1397 686
f 3782 5733 5724
f 1101 4009 3262
f 400 4685 5366
f 1358 2881 3263
f 6071 5141 657
f 3264 1903 5501
f 2570 3264 5502
f 5678 3265 421
f 5678 2143 3265
f 1027 3266 1372
f 3263 3266 1027
f 3267 3785 1176
f 5517 4417 1176
f 359 3874 5218
f 1818 359 5822
f 2627 6151 5593
f 1728 5593 6151
f 1430 3270 466
f 1430 5214 3270
f 1817 3271 1384
f 4773 3289 5553
f 4831 3272 5422
f 1215 1793 3272
f 2128 3273 595
f 3273 3622 5856
f 517 3274 4364
f 517 1851 3274
f 1129 5301 3275
f 3920 3275 1059
f 943 2900 5730
f 5730 3053 943
f 3277 1557 5665
f 3277 3801 1557
f 620 3278 4883
f 620 1131 3278
f 4018 3279 1381
f 3279 612 1381
f 3280 846 1412
f 5214 5340 3270
f 3281 2396 3332
f 3281 707 3762
f 3282 1630 5818
f 3282 5818 5509
f 1381 612 3283
f 612 2933 3283
f 2135 3284 385
f 2135 3294 3284
f 1168 3904 3295
f 3855 5643 3632
f 1542 3286 3946
f 5919 4448 1542
f 4814 2157 3287
f 3287 3724 1367
f 5959 4371 918
f 918 4371 5298
f 1384 3289 1286
f 5553 3289 1384
f 2426 3290 6134
f 2426 960 3290
f 724 710 3291
f 3291 710 3190
f 4338 3292 2806
f 615 3312 3292
f 5103 3580 3293
f 753 5103 3293
f 6076 3294 1647
f 1647 3294 2135
f 3521 1519 3295
f 3297 1519 4286
f 3806 3296 3306
f 5926 1359 2645
f 3295 1519 3297
f 1168 3295 5967
f 3298 3190 4758
f 3291 3190 3298
f 5716 1553 3299
f 5244 1553 1476
f 613 3300 3241
f 1789 3241 3300
f 1137 3301 406
f 406 3324 4211
f 2537 3302 1662
f 3902 1267 1662
f 3435 3301 4591
f 3301 4562 4591
f 3747 5136 505
f 505 5136 3667
f 4816 3041 3305
f 3041 401 3305
f 413 3306 4238
f 4238 3306 3296
f 4430 3307 1390
f 4875 3888 1390
f 4926 3282 2449
f 4926 2449 3655
f 1260 4305 3309
f 1260 3309 2343
f 3712 1865 3222
f 1212 1865 3712
f 3311 394 5640
f 3728 5475 3475
f 509 2090 3312
f 2603 3312 2090
f 5405 5599 3313
f 5599 5386 3313
f 6128 2317 362
f 5200 6128 362
f 3309 816 3315
f 2494 3315 4801
f 3316 2979 5490
f 1112 2979 4190
f 2993 3317 5458
f 1118 5401 4134
f 3318 4768 1006
f 3318 1006 1674
f 3322 5984 1859
f 5984 5937 1859
f 3320 1273 3135
f 3320 3135 3138
f 3321 2310 1785
f 4138 1785 5387
f 3237 5995 3322
f 4006 4571 3237
f 900 3323 2869
f 4293 900 2668
f 3435 3324 3301
f 3301 3324 406
f 3325 417 3576
f 417 5714 5772
f 3326 3325 4242
f 3325 5714 417
f 4660 3327 5609
f 2313 1677 5615
f 3328 5195 1270
f 1988 3328 1270
f 1111 2936 3329
f 1111 3329 3504
f 413 5457 2658
f 5457 413 4238
f 3331 1645 5043
f 4613 1645 3331
f 3332 3915 707
f 3281 3332 707
f 636 3333 2520
f 636 3279 3333
f 3190 1773 3334
f 4594 3334 1773
f 3335 3244 4100
f 3338 817 2584
f 3336 1762 1757
f 3336 4174 1378
f 2879 1003 3337
f 1003 1869 3337
f 3335 4100 3338
f 3696 3335 3338
f 3339 4029 2751
f 3902 3339 2751
f 3162 1214 3340
f 1214 6068 3340
f 2327 2185 5709
f 2185 2069 5709
f 1613 3342 590
f 3342 5493 4341
f 697 3343 1581
f 697 4734 3343
f 3344 5858 1956
f 2041 3344 1956
f 573 3345 5681
f 5812 573 1036
f 4016 3346 2604
f 2604 3346 3745
f 1781 3347 1258
f 5658 3970 5343
f 1407 4957 3348
f 3348 3939 1407
f 4861 3349 2165
f 3349 6111 2165
f 5743 856 3350
f 856 1800 3350
f 1187 3348 3351
f 1187 3351 2501
f 3352 2390 1234
f 4271 2390 3352
f 1636 3353 3690
f 1636 3289 3353
f 2558 3354 3836
f 895 3371 2558
f 2215 4885 1585
f 2215 3596 3370
f 2579 3356 1089
f 4213 3356 713
f 3357 1806 787
f 4302 3357 787
f 2365 3358 948
f 948 3872 6025
f 4331 3524 2395
f 3422 3524 4331
f 2768 3360 1105
f 1105 4770 1336
f 3361 5425 1441
f 3361 5161 801
f 3362 1015 500
f 3327 3362 500
f 3363 1305 2011
f 2011 5763 5766
f 412 3364 3910
f 2607 3364 4901
f 4417 5242 3365
f 3060 3365 5242
f 1291 3366 4429
f 1612 1279 4230
f 1938 1123 4472
f 1123 3040 4472
f 3368 679 3904
f 5097 4332 2453
f 3369 1391 2510
f 2528 1391 3369
f 3370 1945 3355
f 2215 3370 3355
f 3371 5790 3354
f 2558 3371 3354
f 1024 4902 3372
f 3372 3849 1024
f 3373 5952 1561
f 1561 3344 5749
f 2027 3026 3374
f 3374 4126 2027
f 3375 1109 2052
f 1884 3375 2052
f 1029 3376 1532
f 3376 1182 1532
f 2909 3377 771
f 771 4350 2538
f 611 3378 1252
f 6120 3713 1252
f 2507 3379 5094
f 2507 1688 3379
f 741 3380 6101
f 4322 1661 3380
f 2465 3381 1301
f 5707 3381 2465
f 3382 775 5071
f 3382 1282 775
f 1173 802 3383
f 1173 3383 1802
f 3384 2863 5747
f 2863 3384 2457
f 5267 3385 3947
f 5267 2824 3385
f 2713 3386 4145
f 4145 3386 3389
f 5198 3387 2186
f 2186 4483 2168
f 3388 1858 511
f 3668 5287 3388
f 3389 3441 2895
f 1767 3389 2895
f 968 3753 3390
f 3358 5241 3390
f 4511 3391 4934
f 3391 839 4934
f 3392 4946 1022
f 3392 2682 519
f 3393 5946 1312
f 5345 3393 5053
f 2409 3394 1178
f 4708 5375 3394
f 401 3395 3305
f 366 3305 3395
f 1490 1363 3396
f 3396 4443 1490
f 3919 2458 794
f 794 580 3919
f 917 4905 6105
f 6105 2411 917
f 2289 3399 1919
f 3399 3245 1919
f 6066 829 3400
f 4082 2977 5759
f 2027 3401 6105
f 2027 4126 3401
f 1651 3402 1645
f 1651 4793 4806
f 3403 5694 1530
f 1385 3403 1530
f 3404 5392 5901
f 5392 6021 4306
f 6130 1075 1360
f 6130 2169 1075
f 5915 3406 580
f 3919 580 3406
f 870 376 3407
f 3685 870 3433
f 3408 560 651
f 651 2107 3408
f 3409 4894 1846
f 461 1146 3409
f 3410 2579 3023
f 1163 3410 3023
f 3411 5454 3686
f 3411 2945 5461
f 3412 2251 1897
f 2217 2251 3412
f 1174 3413 5502
f 3466 3819 1174
f 1897 3414 2760
f 2251 3414 1897
f 3415 4606 5670
f 3415 4587 4606
f 5003 3416 2199
f 5005 3416 3047
f 3417 967 1764
f 3417 1764 1525
f 1969 3418 1949
f 454 3418 1969
f 3419 1568 4636
f 4636 3793 3419
f 4548 3420 2322
f 2322 3420 552
f 1267 1953 3421
f 3213 1267 6153
f 4474 3422 3359
f 3422 865 5021
f 354 4499 3423
f 354 3423 1413
f 3424 5285 2358
f 3424 2487 2356
f 3432 3425 2258
f 915 3425 761
f 3426 844 1165
f 3426 5400 1545
f 3427 3483 426
f 2362 3483 3427
f 3428 3425 2637
f 3428 2637 348
f 3429 1553 1458
f 1458 2353 3429
f 1917 616 3430
f 3430 616 2238
f 3184 3431 654
f 6032 5985 3431
f 1419 761 3432
f 761 3425 3432
f 5726 3407 1800
f 5726 870 3407
f 3434 2136 2153
f 2279 3434 2153
f 3303 414 3435
f 5392 3435 5901
f 3436 1413 3423
f 3442 354 1413
f 1598 3437 971
f 2 5874 1598
f 1126 751 3438
f 1988 1126 3438
f 3439 1454 4739
f 5452 5459 4115
f 1427 3440 5451
f 1237 3440 1486
f 3441 3523 1783
f 1783 4372 3441
f 4350 3442 3436
f 3442 1413 3436
f 3443 5459 4136
f 2279 3443 357
f 3444 2398 438
f 438 5980 3444
f 3445 3880 1926
f 3445 1926 3182
f 3446 5721 1590
f 1590 2676 3446
f 3600 764 3447
f 6009 3447 5991
f 966 1637 3448
f 5070 5066 3448
f 3903 5582 3449
f 3449 5582 4501
f 4565 3450 3969
f 3447 6009 3600
f 3451 754 449
f 5597 754 3451
f 2302 1599 3452
f 1599 2239 3452
f 3453 3417 1428
f 2264 3453 1428
f 4677 3454 1434
f 1434 3454 2995
f 4136 2587 3455
f 357 3455 2279
f 4269 3502 3456
f 3456 591 1663
f 3457 1304 1276
f 5647 4514 1304
f 4202 1185 3797
f 3797 1185 3791
f 3459 4828 2273
f 3459 5061 4828
f 3460 2745 814
f 826 2745 3460
f 3461 3751 1853
f 4055 3461 1853
f 5869 3462 5866
f 3462 759 5845
f 2601 3463 1346
f 1346 3463 3781
f 1968 3464 426
f 426 3464 2874
f 3465 5719 4310
f 4826 5719 5600
f 3466 1174 2521
f 3466 5757 5874
f 772 3467 2591
f 3467 5181 2591
f 5146 3468 674
f 674 4852 4534
f 4434 1085 3469
f 4153 4206 3469
f 1910 5414 3470
f 701 3821 4032
f 3471 1904 2354
f 2354 4248 4537
f 3472 2050 1129
f 3472 1129 2374
f 5764 1225 1250
f 1250 3475 5764
f 5612 3474 4995
f 5031 3474 3380
f 3475 1960 3728
f 3475 1250 1960
f 3620 3488 3476
f 1604 2285 5042
f 2331 2718 3477
f 3477 5617 2331
f 5199 3478 1408
f 4201 4788 1408
f 3695 2012 3479
f 3479 2012 1703
f 1264 3480 1930
f 4037 1930 3480
f 1092 4928 3481
f 1092 3481 1980
f 3482 2453 2471
f 3482 5097 2453
f 4475 3483 2665
f 4475 426 3483
f 3484 5204 1940
f 1625 3484 1940
f 4784 892 3485
f 2709 3485 3516
f 2969 5530 4963
f 644 6106 2969
f 5887 2044 3487
f 3487 2044 3684
f 1604 3488 5272
f 3488 1604 3476
f 2418 2690 3489
f 2418 3489 3860
f 2214 3490 4620
f 5822 3490 2214
f 5170 3491 2270
f 4624 4347 6012
f 2894 3492 1615
f 3492 470 1615
f 1786 3493 3496
f 2588 3493 1786
f 6070 5394 2908
f 6102 2908 2901
f 3495 1962 3891
f 2609 1962 3495
f 1786 3496 733
f 3711 733 3496
f 1395 3497 1621
f 5620 1990 5456
f 1857 3498 389
f 1857 6106 3498
f 4317 3499 1864
f 3499 3876 1864
f 3544 1754 3500
f 4491 1754 4749
f 3501 1293 3875
f 1047 1293 3501
f 5160 3456 3502
f 3502 364 5160
f 3025 3503 1921
f 5579 1047 1921
f 2184 3504 3329
f 2184 5761 3504
f 3505 4405 2226
f 1617 4405 3505
f 625 4254 3506
f 3506 579 749
f 1907 2308 3507
f 4863 2308 363
f 5821 3508 1391
f 5821 5805 3508
f 2124 1968 3509
f 426 4475 1968
f 5449 3376 3510
f 3874 1216 3510
f 896 3511 838
f 1631 838 4521
f 882 1579 3512
f 3512 2001 882
f 1319 2779 3513
f 3513 2779 2808
f 3514 1232 2549
f 5377 2884 1232
f 2586 2256 3515
f 3515 1522 2586
f 3516 892 2159
f 3516 3485 892
f 1307 1160 3517
f 1343 1307 3517
f 1572 4232 3518
f 2447 1572 3518
f 929 3519 3202
f 3706 929 4223
f 2981 3626 3520
f 3626 962 5428
f 5102 3521 679
f 3521 5102 1519
f 3945 3522 2181
f 3522 5872 2181
f 3441 583 3523
f 3523 583 3855
f 514 2395 3524
f 3524 497 514
f 3598 3525 1233
f 1233 3525 910
f 3526 3104 572
f 3526 572 3399
f 3527 1756 560
f 1756 3527 3960
f 3441 3528 583
f 3389 3528 3441
f 3529 4007 395
f 2136 3529 395
f 2175 3530 2606
f 2606 3530 5137
f 544 2106 3531
f 5983 2627 5593
f 4310 3499 3532
f 3532 3499 5661
f 3533 4884 1283
f 3575 1283 1687
f 3710 4965 3534
f 4143 1115 3534
f 3535 5395 4952
f 4023 4911 4916
f 3536 1212 3712
f 2903 1212 3536
f 3537 727 2173
f 3537 779 727
f 3538 4966 2791
f 4966 3538 535
f 5374 3539 2035
f 2833 2035 3539
f 3540 2859 671
f 1655 3540 671
f 2010 3541 1192
f 3088 4264 5371
f 1746 1906 3542
f 718 3542 1906
f 2859 4344 3543
f 2859 3543 671
f 3544 2686 1278
f 806 2686 3544
f 4730 3545 1479
f 5711 4686 1479
f 3906 3546 3559
f 3546 1311 3559
f 3547 2703 4455
f 1695 2703 3547
f 388 3548 5652
f 5989 3548 388
f 535 3954 3549
f 4966 535 3549
f 356 3550 2223
f 3550 356 128
f 1393 3551 5686
f 5686 3551 5711
f 3552 2229 2638
f 3552 2638 2392
f 2600 4132 3553
f 2600 5846 3276
f 1114 6146 3554
f 4839 4096 4286
f 3555 447 2284
f 3965 3583 5198
f 218 3556 314
f 218 342 3556
f 3557 1068 2923
f 3827 3557 5751
f 3558 1523 3476
f 2451 1523 3558
f 2543 3559 2042
f 3906 3559 5890
f 1284 3159 3560
f 3111 1284 3560
f 1799 5749 3561
f 4064 5749 3344
f 2545 1529 3562
f 1529 773 4779
f 1530 3563 2794
f 3563 5734 2794
f 622 5448 3564
f 622 3564 4693
f 908 3565 1294
f 3195 3565 908
f 3566 121 3550
f 2976 121 3566
f 3567 3612 1
f 1743 1442 3567
f 1395 3599 3568
f 1947 4140 3568
f 3569 1291 3193
f 1291 4803 5368
f 5200 660 2652
f 660 5026 314
f 743 2176 3571
f 3571 4278 743
f 5694 400 3572
f 3572 400 906
f 1 3573 5342
f 3612 3573 1
f 1386 2250 3574
f 3574 2250 5952
f 3533 3575 591
f 3533 1283 3575
f 2932 3576 2401
f 417 3717 3576
f 2425 3577 2572
f 4614 3577 2425
f 4708 3578 1423
f 3578 4708 3786
f 5013 1438 3579
f 1438 4080 3579
f 2443 3580 3696
f 5669 3506 749
f 3581 2490 5637
f 3878 5642 5635
f 828 2409 3582
f 5908 3582 5906
f 4689 2189 3583
f 2189 5198 3583
f 2890 1303 4460
f 2890 4460 3365
f 2808 3585 1813
f 5150 3906 5890
f 547 3837 3586
f 547 3586 3093
f 4580 3677 566
f 566 6152 4580
f 566 1693 5655
f 6152 566 5655
f 3589 729 1273
f 3589 3916 729
f 4997 3590 2988
f 3897 3590 4910
f 3591 4051 2300
f 1250 3591 2300
f 1771 2763 3592
f 1771 3592 2982
f 3593 439 2115
f 2130 439 5731
f 2093 3594 1554
f 1554 3594 2840
f 5336 2179 3595
f 4718 3595 2179
f 3664 5646 6112
f 6116 1368 6141
f 3508 5805 3597
f 5805 3602 3597
f 3598 2666 3114
f 3114 2678 3598
f 3599 894 1947
f 3599 1947 3568
f 764 3600 3450
f 3450 3600 6009
f 851 3601 3249
f 2286 5739 851
f 3602 1998 3597
f 4593 4652 1998
f 916 490 3603
f 490 4212 3603
f 3628 3604 1184
f 628 5249 3604
f 3605 2394 2048
f 2392 2394 3605
f 2132 3606 1167
f 2160 3606 2132
f 4089 3607 1609
f 1609 3607 2187
f 6057 4168 3608
f 2917 5021 382
f 5559 5563 3609
f 5369 2615 3642
f 3321 4431 2989
f 2989 4431 3774
f 2492 3611 3605
f 3611 2492 668
f 1442 3612 3567
f 1442 1483 3612
f 4543 3613 1866
f 3613 4883 1866
f 2004 3614 2985
f 3614 473 2985
f 3615 375 1632
f 1697 375 3615
f 3616 1404 2275
f 3616 6092 1404
f 3617 2907 2058
f 3617 2058 2725
f 3246 630 3618
f 3618 630 5739
f 3047 1450 3619
f 1450 2043 5110
f 2484 885 3620
f 885 3488 3620
f 5835 1975 3621
f 1955 3621 4259
f 1948 386 3622
f 3273 1948 3622
f 2650 501 3623
f 2650 3623 653
f 3624 4594 4632
f 3624 4632 5768
f 2396 3625 3332
f 3272 4831 2396
f 372 4791 3626
f 2981 372 3626
f 3627 1658 2907
f 3627 2907 3617
f 628 3628 4898
f 3604 3628 628
f 2862 3670 2809
f 2809 3646 1081
f 678 3845 3630
f 1749 678 3630
f 3631 1595 2897
f 2368 3826 3631
f 1783 3523 3632
f 3523 3855 3632
f 1002 1924 3633
f 1002 3633 762
f 2563 3634 4638
f 2563 1107 3634
f 398 968 3635
f 3657 398 3635
f 1652 3636 475
f 2443 3636 1652
f 3657 2402 3637
f 2402 4639 3637
f 3409 3638 3123
f 3123 3638 1686
f 838 3639 1872
f 5656 1872 3639
f 4907 2195 3640
f 642 3640 4517
f 3641 1196 214
f 5014 3641 214
f 433 3642 1509
f 3642 433 5369
f 980 4282 3234
f 4282 980 3372
f 2162 3644 2472
f 2472 5922 4907
f 2013 3917 3645
f 3628 2013 3645
f 3646 2809 3666
f 2008 3646 3629
f 1357 553 3647
f 1986 1357 3647
f 1627 3648 1020
f 1020 3648 2655
f 2787 3349 3649
f 2787 3649 1820
f 3630 4872 3650
f 3650 4872 1588
f 1854 3651 2684
f 3651 5973 2684
f 3647 2912 3652
f 3652 2912 4424
f 5449 3653 3376
f 3653 1182 3376
f 3654 4756 1819
f 5331 5321 5481
f 488 3655 4707
f 488 4959 3655
f 650 5788 3656
f 5881 1977 4876
f 3635 1445 3657
f 1445 2402 3657
f 3658 4255 2168
f 2168 4483 3658
f 2359 3659 4447
f 1295 499 3659
f 4583 3660 663
f 663 3660 2410
f 5788 1977 5881
f 5788 5789 1977
f 3122 5904 4796
f 3739 5904 3122
f 448 2915 3663
f 3927 448 3663
f 1368 3596 6141
f 6141 3596 5646
f 530 5100 3665
f 3665 3531 4079
f 2809 3670 3666
f 3666 3629 3646
f 1597 3667 3304
f 3667 1597 3996
f 2686 614 3668
f 3668 614 5287
f 4160 1513 522
f 3013 4160 522
f 3670 3629 3666
f 3629 3670 2862
f 3671 1113 2068
f 4519 3671 2068
f 4311 585 3672
f 585 2094 3672
f 3673 381 3118
f 381 3673 2643
f 3118 3674 3673
f 3674 3118 1307
f 2306 3675 1004
f 3675 926 1004
f 5065 5133 1436
f 1483 1436 6104
f 3677 2039 4766
f 3677 1061 2039
f 5055 3678 1824
f 3678 772 1824
f 2711 2511 3679
f 2711 3679 2221
f 118 24 3680
f 3680 24 149
f 2033 4258 3681
f 864 3681 5220
f 3682 1096 5320
f 715 4547 4754
f 3683 1702 5487
f 1702 3683 1238
f 2044 1480 3684
f 3684 1480 2653
f 3688 3685 3433
f 4463 3685 3688
f 4945 3686 1665
f 1665 3686 5454
f 3687 1069 4777
f 4199 1069 3687
f 907 3688 5441
f 5239 3688 5726
f 5120 3689 5121
f 1111 3698 3689
f 3690 3353 3709
f 2378 6156 3690
f 3691 1461 1035
f 3691 1035 870
f 687 3692 2234
f 2234 3692 538
f 3693 387 1001
f 1001 2034 3693
f 1425 3694 3182
f 1975 3694 1425
f 4558 3695 1354
f 1354 3695 3737
f 749 3696 5669
f 749 3335 3696
f 5679 5674 3697
f 5674 2425 5622
f 3689 3698 5121
f 6059 1601 407
f 2030 3699 3681
f 3699 5130 2698
f 3700 1021 6113
f 5944 1021 3700
f 1588 4040 3701
f 3650 1588 5659
f 3737 3695 3702
f 2790 352 4792
f 3703 992 4545
f 3703 1634 5157
f 3704 2045 2462
f 3527 3704 2462
f 3707 3705 5293
f 498 5899 3705
f 3519 929 3706
f 1060 3519 3706
f 4059 3707 2477
f 4059 3705 3707
f 3708 1462 509
f 3708 509 3312
f 3690 3709 2378
f 3709 5093 2378
f 3710 1117 2514
f 1141 1117 3710
f 3711 3496 2154
f 3711 2154 2192
f 3310 3712 360
f 3536 3712 3310
f 594 1252 3713
f 3713 2886 594
f 3714 516 2475
f 2227 3714 2475
f 1984 4604 3715
f 4070 1984 3715
f 1856 1752 3716
f 1752 2495 3716
f 3576 3717 2401
f 3717 2470 2401
f 428 4657 5418
f 3812 5418 4657
f 5293 1629 1057
f 5293 1057 3707
f 680 2576 3720
f 2576 3919 3720
f 3721 2627 3665
f 2121 6155 3721
f 2788 815 3722
f 2788 3722 5626
f 4159 790 3723
f 5910 854 5654
f 1838 2632 3724
f 3724 3950 1838
f 811 3104 5017
f 5017 3886 811
f 523 5257 3726
f 523 3726 2513
f 2931 3727 510
f 6068 2319 510
f 3728 394 5475
f 1960 394 3728
f 3729 1016 362
f 2295 1016 3729
f 4971 1356 3730
f 1356 5762 3730
f 3731 2342 1608
f 3731 5171 5544
f 3732 2892 4323
f 1973 1436 3732
f 2064 461 3733
f 2064 5462 2803
f 3734 958 723
f 4304 3734 723
f 1941 3757 3735
f 3735 5304 3718
f 3162 3736 632
f 1157 5072 3736
f 352 3737 3702
f 352 1354 3737
f 1084 4166 3738
f 1084 3738 3779
f 5888 3739 1779
f 1779 4759 3178
f 4201 1592 3740
f 2773 3740 5496
f 1876 919 3741
f 1876 3741 2315
f 3742 4057 4913
f 5446 4913 4923
f 569 3743 1526
f 1526 5867 5963
f 5119 742 3744
f 742 3002 3744
f 2930 3745 4225
f 3745 4222 4225
f 658 3949 3746
f 3949 755 3746
f 2123 5474 3747
f 2123 3747 3853
f 1447 3748 1073
f 5484 5813 1447
f 2134 3749 1567
f 3749 2134 2541
f 2239 2032 3750
f 3750 1500 2239
f 1853 3751 5263
f 1229 3751 1556
f 1462 3752 509
f 3756 1462 3708
f 3390 3753 4141
f 4431 1122 3753
f 3290 3754 564
f 3758 3754 960
f 467 2775 3755
f 1813 467 3881
f 3752 3756 3815
f 3752 1462 3756
f 3757 5304 3735
f 1937 1370 5511
f 3758 1371 564
f 3754 3758 564
f 1615 3759 2211
f 2211 3759 2285
f 3760 5987 1733
f 5987 3760 2017
f 3761 2420 5717
f 2420 3762 3742
f 3761 3762 2420
f 3762 3761 3281
f 705 3763 6007
f 705 5573 3763
f 461 3764 1825
f 2064 4634 461
f 5283 3765 1482
f 3765 1908 5767
f 1140 4719 3766
f 3286 1140 3766
f 3767 1259 3285
f 3767 611 1259
f 3768 1102 841
f 3866 1102 3768
f 2143 5264 3769
f 3265 2143 3769
f 1967 3770 2846
f 657 3770 1967
f 3771 1600 2440
f 5288 2767 5317
f 2911 493 3772
f 1149 2911 3772
f 2596 3773 5027
f 1022 3773 2596
f 3774 3103 1223
f 3103 5335 5408
f 2553 1360 3775
f 3775 1360 4133
f 4518 3809 3776
f 5432 4847 5402
f 6073 3777 1528
f 3777 2093 1528
f 3778 1479 2197
f 3778 2197 5091
f 617 6103 3256
f 3738 3256 6103
f 2515 1653 4239
f 2515 4426 5801
f 3781 3463 3796
f 3796 852 3781
f 3782 1656 5733
f 758 4278 3782
f 2339 2990 3783
f 2433 2339 3783
f 3784 1678 3221
f 1678 3784 3861
f 1176 3785 2830
f 2753 2830 3785
f 5565 3786 1562
f 1782 1562 3786
f 5326 6042 3787
f 5319 5326 3787
f 3009 2362 3788
f 2362 446 3788
f 1153 1980 3789
f 3481 3789 1980
f 5557 574 6067
f 1234 4795 5557
f 5797 1185 5558
f 4572 1560 4835
f 2702 1084 3792
f 3779 3792 1084
f 623 3793 1994
f 623 5698 5552
f 3794 2933 873
f 3794 3283 2933
f 3141 3795 5069
f 3795 3792 1132
f 2244 4476 3796
f 5331 2244 3796
f 3458 4226 3797
f 3797 3791 3458
f 3793 623 3798
f 3798 4731 3793
f 3799 1031 1935
f 1031 3799 1791
f 3800 4538 1344
f 1432 3857 1344
f 3833 922 3801
f 922 1097 3801
f 4061 4875 3095
f 3805 3095 3170
f 1826 3803 1833
f 1826 2276 3803
f 2040 3804 2037
f 5619 2040 2116
f 3805 1127 3802
f 3805 4061 3095
f 922 3806 1097
f 3306 1097 3806
f 3807 1079 4008
f 1079 3807 3891
f 3808 3356 1163
f 3808 1163 2176
f 5581 3809 1570
f 3809 3820 5432
f 1849 3642 3810
f 3810 1712 1849
f 1188 3811 2257
f 2928 3811 1188
f 1941 3735 3812
f 5939 1941 4587
f 4797 2113 3813
f 3813 2113 5017
f 3789 1156 3814
f 1156 4637 3814
f 3815 3756 568
f 3815 5945 2655
f 682 2870 3816
f 3816 4838 682
f 3817 1920 965
f 2207 1920 3817
f 3818 1667 3810
f 3803 5666 3818
f 3413 3819 1729
f 3819 3413 1174
f 1053 3820 3809
f 1053 5466 4847
f 701 2389 3821
f 4824 2389 1249
f 2254 3822 770
f 770 3822 2732
f 861 3823 1496
f 1496 3823 6044
f 3824 5316 1549
f 712 5325 5884
f 2185 3825 2069
f 3825 3537 4196
f 3826 1595 3631
f 3826 5029 1595
f 1219 3827 2088
f 3827 5015 2088
f 2548 4208 3828
f 4731 2548 3828
f 3829 832 1911
f 4097 3896 832
f 633 4959 3830
f 4790 633 3830
f 1271 5341 3831
f 1859 3831 2882
f 1670 3832 607
f 5959 4516 607
f 3833 2127 1359
f 5791 3833 1339
f 3834 2019 1524
f 3834 2022 2019
f 5495 2677 3835
f 2333 3835 2677
f 1618 4623 5523
f 629 4623 1618
f 3837 5061 3459
f 3837 3859 473
f 878 3838 6029
f 878 4470 3838
f 5605 5209 3839
f 1213 3839 3755
f 4554 3840 1540
f 1540 3840 5134
f 543 1422 3841
f 839 5862 3841
f 3842 4444 3822
f 4458 3842 3632
f 635 3347 3843
f 4976 676 635
f 3844 3668 3388
f 5516 3388 5923
f 704 3845 2412
f 704 5108 5118
f 3846 1617 4877
f 4481 1617 3846
f 4897 2033 3847
f 2033 3681 3847
f 3848 1296 3501
f 3848 4537 1296
f 1950 1024 3849
f 5281 3849 4085
f 5218 3874 3850
f 3850 1759 3077
f 1597 1467 3851
f 1467 2051 4256
f 1453 3242 3852
f 5486 3852 537
f 1435 2123 3853
f 3563 1435 5734
f 3854 1883 571
f 3854 3856 875
f 3285 5643 3855
f 2497 3285 3855
f 3856 571 2928
f 3856 3854 571
f 3857 3800 1344
f 3857 385 3800
f 2861 3858 2190
f 5378 3858 5960
f 3459 2273 3859
f 3859 3837 3459
f 1931 3860 1841
f 1675 1841 3860
f 2245 3861 2062
f 5034 2245 1606
f 1798 3862 3879
f 6113 1021 5223
f 379 1217 3863
f 3863 1217 2095
f 6003 1928 5151
f 1928 1356 4971
f 789 1602 3865
f 5078 3851 789
f 3645 3866 1957
f 1957 3866 4858
f 1338 6148 3203
f 1338 2516 6148
f 3120 3868 2098
f 3868 1211 2098
f 3869 706 2547
f 919 5308 3869
f 3870 1586 1272
f 1272 1571 4679
f 3871 5512 640
f 2391 2193 3871
f 3872 948 3358
f 3358 3390 3872
f 2003 3873 2017
f 1845 3873 2003
f 3874 3510 1759
f 3850 3874 1759
f 3875 3471 3848
f 3875 3848 3501
f 3876 5556 3873
f 5039 5556 3876
f 1874 2361 3877
f 1874 3877 2565
f 777 3878 5602
f 777 4124 3878
f 4639 1798 3879
f 1558 4553 4158
f 5789 3880 3445
f 3880 424 355
f 3881 467 3755
f 4457 3881 3755
f 5020 380 3882
f 380 2813 4277
f 3110 2813 3883
f 2813 380 3883
f 916 3430 3884
f 4448 916 3884
f 1375 5598 3885
f 1375 5527 1932
f 3886 1429 936
f 5032 3520 1429
f 750 3887 3334
f 2488 3887 750
f 3802 3900 5386
f 1547 3313 5386
f 2533 2531 3889
f 2531 2516 3889
f 600 2415 3890
f 2415 958 3890
f 3891 3711 2192
f 1079 3891 2192
f 3892 3510 1029
f 1759 3510 3892
f 3893 2592 3021
f 3021 5349 3893
f 5042 2285 3894
f 2285 3759 3894
f 3895 3890 1965
f 3895 1965 1108
f 3896 3961 832
f 2534 3961 3896
f 2844 1379 3897
f 3897 1379 3590
f 3898 2438 859
f 3918 3898 5558
f 3899 1067 806
f 3899 806 1959
f 3900 2115 1547
f 5386 3900 1547
f 2875 3901 1555
f 2398 1555 3901
f 3902 3302 3339
f 1662 3302 3902
f 2984 773 3903
f 3230 2984 3903
f 3285 3904 5643
f 1259 3904 3285
f 2335 1269 3905
f 3912 2854 3905
f 3585 3906 5126
f 3585 1619 3906
f 3911 3907 2400
f 2400 3907 4417
f 3279 3908 1327
f 636 3908 3279
f 1898 3909 2150
f 3909 1898 2601
f 1263 1916 3910
f 2460 1263 3910
f 6015 3911 2676
f 708 3907 3911
f 1269 3912 3905
f 3076 3912 1269
f 3913 359 1818
f 5077 3874 359
f 4242 1727 5473
f 3191 5473 1727
f 3915 2865 4078
f 4681 3915 3332
f 3916 2264 1428
f 3589 6027 3916
f 3917 3866 3645
f 3917 1102 3866
f 3918 2438 3898
f 2746 2438 3918
f 3397 3720 3919
f 5411 3919 3406
f 850 3920 1951
f 4228 1951 3920
f 725 480 3921
f 3921 480 4783
f 1230 3922 927
f 2893 3922 1230
f 832 3961 3923
f 3923 1570 5970
f 3924 1116 4748
f 3462 1116 3924
f 3213 3925 575
f 3908 575 3925
f 1272 3926 1571
f 2450 1571 3926
f 694 5774 3927
f 694 3927 2083
f 1619 3928 3906
f 3928 1619 3585
f 1409 3929 4160
f 2473 3929 1409
f 2006 3930 3232
f 3930 2006 3055
f 3931 533 2074
f 5769 533 3931
f 2573 3932 1073
f 2810 1073 3932
f 1860 1322 3933
f 1860 3933 3925
f 3934 2564 951
f 1174 3937 951
f 1537 3935 815
f 2670 3935 1537
f 3852 4121 3936
f 5165 3936 4121
f 3937 3934 951
f 3934 3937 5501
f 5860 1891 2625
f 5860 5885 4184
f 1187 3939 3348
f 1207 3939 1187
f 2253 3940 1162
f 1162 3940 2640
f 3913 1818 3941
f 3941 1818 3115
f 3942 947 1936
f 1936 1756 3942
f 5598 3943 3885
f 5598 4325 3943
f 1009 342 3944
f 342 127 3944
f 1064 3522 3945
f 1064 3945 2314
f 3946 520 4234
f 520 3946 2921
f 3947 411 5267
f 3086 411 3947
f 5561 5567 3948
f 3714 1672 3948
f 3949 4798 2664
f 2664 5827 3949
f 1569 3950 4108
f 1398 3950 1569
f 1870 3971 3951
f 3951 2157 1870
f 3952 3914 4505
f 6036 3220 3952
f 376 3953 1800
f 376 4388 3953
f 5273 3954 3220
f 3952 3220 3954
f 5501 1903 3955
f 1903 6144 3955
f 3956 915 1924
f 2637 915 3956
f 542 3983 3957
f 3693 4368 387
f 4366 3940 3958
f 2693 4366 3958
f 1161 3959 377
f 1161 2636 4774
f 1247 3942 3960
f 3960 2462 6001
f 3923 3961 1570
f 991 1570 3961
f 3962 3231 4389
f 5129 3231 3962
f 4876 4765 4768
f 483 4768 3318
f 3992 2440 3964
f 3964 4416 3992
f 2001 3965 3555
f 3965 447 3555
f 2373 3966 3194
f 3966 2373 2656
f 2326 3967 4974
f 4367 1862 3967
f 3968 1751 2646
f 3968 2646 1136
f 4565 3969 5190
f 3969 5991 5190
f 3970 1030 2
f 3970 4506 1030
f 3887 3971 3334
f 3887 3951 3971
f 1905 5000 3972
f 5039 1499 5556
f 3334 1350 3973
f 1350 964 3973
f 4834 1296 3974
f 1997 2551 4832
f 1557 2648 5665
f 5665 2648 6098
f 3976 3030 3984
f 993 3980 3976
f 1676 4034 2114
f 2995 4034 1676
f 3978 5675 1534
f 5942 1534 2445
f 3979 2597 2696
f 3958 2597 3979
f 3976 3980 3030
f 3980 3029 4891
f 3981 1434 1155
f 3981 1155 5576
f 3274 1851 3982
f 4435 3982 4437
f 387 3957 3983
f 3983 3185 387
f 3984 4092 4049
f 4049 3976 3984
f 2379 1029 3985
f 1029 4904 3985
f 3990 2739 4808
f 4808 2739 946
f 3987 2862 1852
f 1852 1218 5380
f 3352 4682 3988
f 4271 3352 3988
f 1666 3993 3989
f 868 2290 3989
f 3990 4049 2739
f 5583 3990 3986
f 4068 4798 3991
f 4068 5495 2319
f 3061 627 3992
f 627 1701 3992
f 3993 3809 868
f 3993 868 3989
f 1612 1605 3994
f 3124 1612 5158
f 1776 3995 541
f 1366 3995 1776
f 3996 2535 5526
f 1597 2535 3996
f 360 3997 1257
f 3997 1774 1257
f 4107 3251 3928
f 3928 3585 4107
f 3999 1777 2000
f 3999 2000 4014
f 4000 2498 5384
f 362 4000 2959
f 5278 4001 1401
f 5570 1401 4001
f 4002 2801 4240
f 4002 4240 2500
f 2481 5033 4003
f 2481 4003 6016
f 1448 2372 4004
f 4004 3201 1448
f 1585 5631 4005
f 2215 1585 4005
f 5703 4006 3322
f 3322 4006 3237
f 4007 2539 395
f 4007 2500 2539
f 1220 4008 886
f 1711 886 4008
f 2783 4009 2161
f 3262 4009 2783
f 345 1972 4010
f 3138 345 4010
f 4011 3131 1972
f 4011 1273 3131
f 5806 4012 3977
f 4012 5806 2261
f 4013 4011 1972
f 4013 1972 345
f 5587 4014 2478
f 4014 2000 2478
f 1341 4015 343
f 343 4879 3266
f 3692 2100 4016
f 2100 1437 6048
f 4020 977 4017
f 4710 4017 4951
f 1809 4018 5820
f 1809 2118 4018
f 4177 3124 4019
f 3124 5158 4019
f 5913 4020 458
f 4710 4020 4017
f 1666 3989 5597
f 1666 5597 3451
f 1318 5194 4022
f 4277 1318 4022
f 4787 4023 1159
f 4023 5975 1159
f 4024 4019 1982
f 2183 4665 1982
f 2682 837 4025
f 4025 837 2377
f 2221 4026 4058
f 2221 471 4026
f 1682 4027 2836
f 672 4027 1682
f 5001 2247 4028
f 2247 4842 4028
f 2790 1953 4029
f 2854 2790 4029
f 1388 2443 4030
f 1388 4030 2944
f 5992 4031 2240
f 2240 4031 738
f 4032 3470 5414
f 1390 3470 6100
f 3321 4033 4431
f 3321 1785 4138
f 3977 4012 4034
f 4034 2995 3977
f 2590 1867 4035
f 2527 2590 4035
f 4036 2765 2735
f 2735 2534 4036
f 3480 2295 4037
f 4037 2295 6119
f 4038 5832 3061
f 3992 4416 3061
f 2598 4039 4066
f 2598 5826 5442
f 2305 5968 4040
f 2305 4040 1588
f 2973 4041 4838
f 3816 4069 2973
f 3159 4042 469
f 4042 3044 469
f 4043 1578 4687
f 2817 1578 4705
f 4044 2337 4993
f 1549 4044 1744
f 949 4045 3091
f 4045 949 2557
f 1744 4044 4046
f 1044 1744 4645
f 1972 3131 4047
f 1972 4047 4715
f 2664 4076 5827
f 4076 3979 5827
f 881 4049 3990
f 3976 4049 881
f 5147 5576 4050
f 4050 1676 5147
f 4051 3591 1654
f 4051 1654 2395
f 4052 955 2352
f 4052 2352 3028
f 1377 4053 4612
f 1377 3221 4053
f 602 4054 2423
f 1417 2423 4054
f 4055 6138 4963
f 4055 1853 714
f 4298 2344 5387
f 4033 5387 2344
f 3742 1199 4057
f 4057 4078 4098
f 5251 2221 4058
f 5251 4058 5167
f 498 4059 1410
f 3705 4059 498
f 2770 4060 1631
f 2770 2748 4060
f 3805 3802 4061
f 4061 3802 5386
f 683 607 4062
f 683 4062 2864
f 4063 2020 3922
f 402 2020 4063
f 3561 5749 4064
f 5846 3561 4064
f 4065 3181 833
f 1451 3181 4065
f 4066 1463 2024
f 2663 4066 2024
f 2141 399 5272
f 2141 5272 3488
f 883 4798 4068
f 2016 883 4068
f 2973 4069 4041
f 4041 4069 5994
f 3125 464 4070
f 464 1984 4070
f 2899 4071 2900
f 4071 5768 2900
f 3149 3125 4072
f 3125 4070 6062
f 559 4073 3003
f 3003 4073 2983
f 3772 493 4074
f 4074 493 2802
f 1099 4075 1017
f 5047 1017 4075
f 2664 4048 4076
f 890 4076 4048
f 2248 4077 1352
f 4077 2897 1352
f 1199 3915 4078
f 4057 1199 4078
f 530 4079 5374
f 4079 530 3665
f 460 4080 1438
f 1802 4080 460
f 1183 5841 5825
f 1183 5787 5841
f 2977 4082 4091
f 829 4082 3400
f 4083 2783 1583
f 1583 1877 4110
f 201 5712 144
f 5712 201 199
f 3251 4085 578
f 3251 3998 4085
f 2690 4086 3489
f 2690 3360 4086
f 4087 717 5165
f 4087 396 717
f 1440 5887 365
f 1440 5902 5887
f 4089 713 3808
f 1609 713 4089
f 2630 1362 4090
f 2630 4090 2023
f 4082 829 4091
f 4091 829 5504
f 4092 1912 5268
f 3030 4169 4092
f 1195 2102 4093
f 2102 1419 4093
f 2227 4094 1443
f 736 1443 4094
f 3369 4095 2528
f 3369 2422 4095
f 4096 3554 1893
f 1114 3554 4096
f 3829 4036 4097
f 4097 832 3829
f 1623 5379 4102
f 4102 1854 1623
f 2042 4099 4699
f 4099 2042 3331
f 3338 4100 817
f 4100 5022 817
f 4101 4914 879
f 6053 879 1640
f 5379 4098 4102
f 4098 2397 4102
f 4103 4375 1113
f 4103 1113 3671
f 4104 3023 2579
f 2176 3023 4104
f 4105 1971 1305
f 3794 1971 4105
f 4106 1643 4940
f 4391 3877 1643
f 4107 3998 3251
f 4107 2019 3998
f 4108 2225 2248
f 1352 4108 2248
f 846 1828 4109
f 4109 1412 846
f 4110 4083 1583
f 4083 4110 5437
f 4111 847 1855
f 4111 5691 847
f 982 4112 1877
f 2123 4112 982
f 4113 844 3958
f 495 844 4113
f 1155 4114 4050
f 1676 4050 4114
f 1715 1444 4115
f 4115 1444 5452
f 5612 4116 3474
f 5612 5586 4116
f 2185 2327 4117
f 4117 5603 4122
f 4118 5564 5516
f 3551 1393 4118
f 3271 4119 899
f 899 4119 3225
f 4120 1224 1772
f 1224 4120 2476
f 4087 4121 3242
f 4087 5165 4121
f 2987 4117 4122
f 4122 1261 2987
f 1192 4123 1832
f 1832 4123 2604
f 4124 656 3878
f 2639 6116 4124
f 3317 4125 2093
f 4125 3594 2093
f 4126 3492 2894
f 2894 2411 4126
f 4127 4867 1825
f 1481 4127 1825
f 1119 1332 4128
f 4128 1332 4541
f 4129 4412 1416
f 4129 1416 2536
f 4112 4130 906
f 4112 2123 4130
f 2144 4131 1077
f 2144 472 4131
f 4132 3298 1799
f 1799 3561 4132
f 5683 4133 2510
f 4133 3369 2510
f 2996 3317 4134
f 4134 3317 2093
f 4135 2442 5905
f 5114 618 5396
f 357 4136 3455
f 357 3443 4136
f 4137 2681 502
f 5202 4137 502
f 4033 4138 5387
f 4138 4033 3321
f 4960 3201 4139
f 2490 4960 4139
f 5815 2433 4140
f 4140 4157 5309
f 4141 1122 1394
f 4141 3753 1122
f 4142 668 4291
f 5073 4142 1128
f 3534 4965 4143
f 4143 4967 4221
f 2852 4457 820
f 820 4457 3755
f 4145 3389 1767
f 4145 1767 1790
f 2238 1201 4146
f 3766 2238 4146
f 4958 4147 2473
f 5776 5738 4924
f 2084 2649 4148
f 4151 4148 3577
f 2262 2786 4149
f 5938 4170 1716
f 4150 2213 553
f 6078 1979 2213
f 2084 4151 1082
f 4148 4151 2084
f 532 4152 2749
f 2749 4152 5370
f 2407 4153 1085
f 1085 4153 3469
f 2812 631 4154
f 5505 4908 2812
f 6090 4155 1902
f 1902 4155 4836
f 3070 4156 1863
f 5800 5771 1863
f 3783 4194 2433
f 4140 2433 4194
f 3637 4158 954
f 954 4158 5335
f 854 2360 4159
f 4159 3723 854
f 5676 4160 3669
f 4160 3013 4711
f 5256 1937 2922
f 2196 5256 2922
f 3560 4162 1083
f 1083 4162 589
f 4171 409 4163
f 409 2718 4163
f 2816 3396 4164
f 4164 3396 1363
f 4165 2607 4901
f 1554 2607 4165
f 5622 2572 4166
f 2572 1208 4166
f 2469 4167 2162
f 2162 4167 409
f 497 3524 4168
f 6057 497 4168
f 1912 4169 5010
f 4169 1912 4092
f 5938 4149 4170
f 368 4170 4149
f 2162 4171 5765
f 2162 409 4171
f 4743 4172 1965
f 1382 4183 4172
f 4173 1154 1709
f 5113 4173 1709
f 4174 1757 2568
f 4174 3336 1757
f 4142 4175 668
f 4175 2452 668
f 2567 4176 5067
f 4176 2567 5763
f 4024 952 4177
f 952 1775 6083
f 1271 4178 1888
f 1888 4802 1583
f 4153 735 4179
f 5112 4179 735
f 4180 1606 2245
f 4821 4180 1302
f 604 4181 2524
f 604 1446 4181
f 1862 4182 933
f 1862 4367 4182
f 4183 4886 445
f 4188 445 4884
f 6040 4184 2961
f 4184 6040 2714
f 4185 1638 918
f 3709 1638 4185
f 1210 4186 2476
f 1210 4190 5682
f 1854 4187 3631
f 2397 4187 1854
f 4188 4183 445
f 4183 4188 4172
f 516 3948 4189
f 516 4189 5584
f 5682 4190 3316
f 4190 2979 3316
f 5930 4191 5393
f 2766 504 4191
f 1164 3006 4192
f 4192 3006 4210
f 4181 1446 4193
f 1446 2947 5693
f 1205 4157 4194
f 4140 4194 4157
f 5624 3897 4195
f 5607 4224 4396
f 4196 1659 2069
f 2069 3825 4196
f 5529 1076 4197
f 4197 1205 5529
f 2715 863 4198
f 4198 863 2948
f 4199 1487 1069
f 4199 5667 1487
f 1717 4200 3105
f 1717 2081 6126
f 3478 4201 1408
f 3478 1592 4201
f 2081 1185 4202
f 6126 2081 4202
f 4203 2573 3345
f 5812 3345 573
f 1310 5367 4204
f 2904 1310 4205
f 4205 1310 4204
f 4205 4204 836
f 4153 4179 4206
f 4206 4179 2087
f 4207 1875 822
f 4207 1688 1875
f 3828 4208 621
f 5580 2142 4742
f 4209 3386 2164
f 5291 4209 2164
f 4210 3006 990
f 4210 990 346
f 2061 5187 4211
f 4211 1289 2061
f 4212 3100 1917
f 1917 3603 4212
f 5055 1089 3356
f 1824 1089 5055
f 1966 4214 561
f 3579 4214 1966
f 5972 4215 4006
f 3846 5974 4528
f 4216 2771 3139
f 4216 3145 2771
f 1596 2773 4217
f 4217 942 1596
f 1046 2850 4218
f 2839 5139 4218
f 1575 3518 4219
f 4219 5608 1575
f 462 4220 3494
f 2112 4220 462
f 4143 4221 2842
f 2842 4221 2834
f 3109 4222 1402
f 4222 3109 4225
f 2697 2049 4223
f 4223 2049 371
f 5607 4195 4224
f 4195 1013 4224
f 4225 5933 4543
f 4225 3109 5933
f 2454 3797 4226
f 798 2454 4226
f 3193 1738 4227
f 1738 3609 4227
f 5958 1468 4228
f 1951 4228 1468
f 4229 4314 4249
f 1685 4229 358
f 4429 3366 4230
f 4230 3366 2943
f 4231 808 987
f 4231 987 2267
f 4232 3048 4219
f 4219 3518 4232
f 769 2046 4233
f 2046 1369 4328
f 1839 4234 4231
f 1536 4234 1839
f 2239 4235 2032
f 1175 2032 4235
f 4236 1745 4809
f 1745 4236 2554
f 4237 2286 851
f 5300 2286 4237
f 4238 3296 2645
f 2645 2110 4238
f 1048 3780 4239
f 6089 3780 3253
f 655 4240 673
f 4240 655 2500
f 4241 762 2872
f 4241 2872 825
f 2325 1727 4242
f 2384 2325 4242
f 2167 4243 2490
f 4243 4960 2490
f 5255 4244 2611
f 2611 4244 377
f 861 4245 1550
f 2789 4245 861
f 2519 4246 5796
f 4262 3062 4804
f 494 4247 5918
f 5918 4247 4558
f 4248 768 3116
f 4248 2354 768
f 4229 4249 358
f 4249 3999 358
f 2198 5660 354
f 5649 5660 2198
f 4251 2582 2553
f 2582 4251 5257
f 4252 2031 6056
f 3094 2031 4252
f 879 4253 1502
f 1502 4253 1475
f 4254 579 3506
f 4254 2466 579
f 4255 5880 2168
f 5880 4268 1559
f 4256 5361 3851
f 1467 4256 3851
f 384 4268 4257
f 4255 3658 4257
f 655 673 4258
f 673 1614 5220
f 1955 4259 2956
f 700 2956 4259
f 1538 4260 4909
f 4260 1538 2080
f 4261 2570 947
f 4261 3264 2570
f 4246 2519 4262
f 2519 2687 5783
f 1497 1378 4263
f 1378 4174 5548
f 4264 3541 5371
f 4264 3259 3541
f 4265 1981 2220
f 4490 2220 957
f 4266 2417 4822
f 4266 4822 5484
f 4267 1092 1980
f 1153 4267 1980
f 4255 4257 4268
f 4255 4268 5880
f 1094 5101 1663
f 5101 1094 2531
f 3484 2071 4270
f 2939 4270 2071
f 4914 4271 4295
f 4688 2320 4271
f 4296 4272 814
f 1109 4272 4327
f 2366 2998 4273
f 2366 4273 1482
f 4274 3966 700
f 700 4259 4274
f 4275 2159 745
f 5347 2159 4275
f 737 4276 1469
f 4276 737 2292
f 4022 3882 4277
f 3882 380 4277
f 4278 1656 3782
f 5130 1656 4278
f 4279 1787 4276
f 1787 4279 709
f 4280 2618 1320
f 4280 1320 3508
f 4281 2125 4392
f 4673 2125 4281
f 4282 5903 3643
f 4282 3643 3234
f 4283 2317 1486
f 6119 4283 1486
f 4284 4307 2120
f 2120 5423 4284
f 1663 3575 4285
f 1663 4285 1094
f 2732 4286 2760
f 4286 2732 3822
f 3247 4287 3234
f 3247 2216 4287
f 5394 1460 4345
f 4326 4345 1460
f 4248 4289 3974
f 3974 4289 4834
f 4324 1859 4290
f 5900 2625 4324
f 1128 4142 4291
f 1128 4291 4753
f 4372 639 4292
f 4292 639 1639
f 1735 3323 4293
f 900 4293 3323
f 4832 4294 1997
f 6047 1705 1997
f 4295 4271 2320
f 4300 2320 4688
f 3438 751 4296
f 4342 4312 4340
f 787 4297 4302
f 4302 4297 5307
f 4987 4298 2986
f 2283 1063 4298
f 2869 4299 4498
f 5275 4498 4299
f 4508 4295 4300
f 2320 4300 4295
f 996 4301 1505
f 4301 1719 1505
f 5307 2351 4302
f 2351 1224 4302
f 4303 2037 416
f 4303 5811 1188
f 5950 723 1996
f 3468 5950 1996
f 2048 4305 1260
f 2048 816 4305
f 2007 4306 5770
f 2007 3199 4306
f 4307 1130 2120
f 4307 3463 1130
f 4308 508 4292
f 1040 4308 4292
f 4309 2375 408
f 1297 2375 4309
f 4310 853 1905
f 4310 1905 3499
f 2647 585 4311
f 5562 4311 2759
f 4296 751 4312
f 4340 4312 4327
f 581 3132 4313
f 5668 581 4313
f 4314 1810 4249
f 5508 4424 1810
f 5663 4315 1086
f 4315 3562 1086
f 4316 2272 3121
f 2272 4316 2387
f 4317 1864 2133
f 4317 2133 4383
f 4318 5051 1410
f 4318 1410 797
f 4319 5717 924
f 1732 4319 4359
f 4320 2417 4266
f 1939 2417 4320
f 592 4321 5819
f 4762 4321 592
f 4322 2370 996
f 1505 4322 996
f 2948 1973 4323
f 4323 1973 3732
f 4324 2625 2067
f 1004 4324 2067
f 3207 4996 1925
f 4267 5947 3207
f 5397 4345 4326
f 4551 2910 5696
f 751 1126 4327
f 751 4327 4312
f 4233 4328 4477
f 4233 2046 4328
f 4288 4329 5391
f 5391 5013 1966
f 4330 1306 2347
f 2347 5973 4330
f 3422 4331 3359
f 3359 4331 912
f 611 4332 3368
f 3368 4332 5097
f 4333 5230 4353
f 4333 4353 3071
f 711 4320 4334
f 2090 711 4334
f 2834 4335 2842
f 4335 2834 5076
f 4336 5689 4755
f 5722 5689 4336
f 2180 3194 4337
f 4358 2180 4337
f 615 3292 4338
f 615 4338 902
f 5336 3595 4339
f 3595 4524 4339
f 4340 4272 4342
f 4327 4272 4340
f 1737 590 4341
f 590 3342 4341
f 4272 4296 4342
f 4312 4342 4296
f 1641 3723 4343
f 1641 6135 6140
f 1380 2105 4344
f 3122 1380 4344
f 4345 4382 5394
f 5397 4382 4345
f 2419 2887 4346
f 4346 2887 1112
f 4347 4383 6012
f 4347 3684 4383
f 4393 2259 4348
f 1579 4354 2259
f 4349 5793 4927
f 4355 4349 2152
f 3442 4350 3377
f 3377 4350 771
f 1342 2234 4351
f 1342 4351 2119
f 4352 2589 5228
f 5266 5228 5224
f 5735 540 5780
f 3071 5780 540
f 4354 4348 2259
f 4354 5409 4348
f 5793 4355 3294
f 5793 4349 4355
f 4805 4356 145
f 5742 145 4356
f 4357 4650 2542
f 2608 4357 2542
f 3621 558 4358
f 558 2180 4358
f 4359 4319 924
f 4359 924 3583
f 4360 5115 2043
f 2043 1539 4360
f 4361 1889 2313
f 4361 2313 500
f 4760 601 3156
f 4760 3691 601
f 738 1546 4363
f 738 4363 2240
f 905 4364 763
f 4364 905 5360
f 4365 2609 3495
f 3985 2609 5337
f 989 3940 4366
f 989 4366 6124
f 2326 4367 3967
f 2326 4182 4367
f 3957 387 4368
f 4368 501 3957
f 4369 2622 1244
f 2680 2622 4369
f 903 2672 4370
f 5450 5574 2672
f 3288 5298 4371
f 3832 3288 4371
f 508 2895 4372
f 4292 508 4372
f 2811 1646 4373
f 4373 1646 5796
f 4374 3426 2696
f 2597 4374 2696
f 3172 1007 4375
f 4103 3172 4375
f 2999 4376 2218
f 5144 4378 1503
f 1869 4377 662
f 3693 4377 1869
f 2218 4376 4378
f 4378 4376 599
f 537 3936 4379
f 537 5940 525
f 4878 4380 443
f 4380 1415 443
f 4381 440 4095
f 4381 2866 440
f 659 4288 4382
f 956 4382 4288
f 4383 2133 2204
f 6012 4383 2204
f 5474 2123 4384
f 4384 982 537
f 2237 4385 4684
f 4385 2237 2155
f 4386 762 1563
f 5653 1563 2102
f 869 466 4935
f 4935 466 2629
f 1248 1288 4388
f 1248 4388 1552
f 4389 3231 4535
f 4389 3415 3962
f 1182 3169 4390
f 1182 4390 4585
f 4391 1643 4106
f 5961 4391 4106
f 2726 4281 5722
f 4336 2726 5722
f 4393 3512 2259
f 974 3512 4393
f 3048 4394 486
f 4394 1288 486
f 1481 1014 4395
f 5657 1481 4395
f 2769 4396 1209
f 2140 1209 4396
f 3134 4397 2157
f 4397 3134 5356
f 5466 1053 5426
f 5426 1978 634
f 612 4399 5204
f 4408 612 3279
f 4400 1978 3497
f 634 1978 4400
f 4954 4401 3005
f 4401 4402 3005
f 4410 1700 3005
f 1700 4410 393
f 4403 1641 6140
f 4409 4403 1459
f 525 4404 537
f 537 4404 4384
f 4481 2178 4405
f 2178 1373 5891
f 1945 4406 1901
f 4860 1901 4406
f 5464 2784 4407
f 2784 3547 4455
f 612 4408 4399
f 4399 4408 1940
f 4409 5654 1641
f 4409 1641 4403
f 4402 4410 3005
f 4410 4402 4104
f 4411 2897 4077
f 4411 3631 2897
f 1416 4412 643
f 4412 1150 643
f 4413 644 2969
f 644 4413 3498
f 3341 1659 4414
f 1659 556 4414
f 4415 5932 2962
f 4415 747 5932
f 4038 4416 3064
f 3061 4416 4038
f 4417 3365 3267
f 1176 4417 3267
f 4482 1383 2824
f 4482 2371 1383
f 3750 1194 4419
f 4419 5346 3383
f 1481 4589 2399
f 2399 4589 1679
f 2353 4421 4468
f 5500 4858 2353
f 2535 5521 1535
f 1535 5521 4002
f 2564 3070 4423
f 1716 2564 5715
f 4424 703 1810
f 2912 703 4424
f 4425 2171 858
f 4898 2171 4425
f 4239 3780 4426
f 2515 4239 4426
f 392 4427 5307
f 392 766 4427
f 2692 2122 4428
f 2692 4428 5210
f 6083 4429 1279
f 4230 1279 4429
f 468 4430 1706
f 4430 468 1929
f 3610 4431 3753
f 3774 4431 3610
f 390 3367 4432
f 4432 2337 390
f 4433 5409 4436
f 4433 2945 4578
f 3477 4434 5617
f 3477 2407 4434
f 4435 3274 3982
f 4435 4364 3274
f 4436 2945 4433
f 1348 2945 4436
f 4873 4435 4437
f 4871 4437 554
f 4414 556 4438
f 556 627 4438
f 1823 1196 4439
f 1823 4439 2374
f 157 4440 1324
f 4461 1324 4440
f 6047 4441 1705
f 4441 3828 1705
f 3496 3493 4442
f 3496 4442 1414
f 719 1493 4443
f 1493 5244 5577
f 1168 5967 4458
f 3632 5643 4458
f 1720 4445 5296
f 3595 4445 1720
f 734 1664 4446
f 1664 1828 4446
f 4447 3659 499
f 3027 4522 499
f 3286 4448 3884
f 1542 4448 3286
f 5990 4449 1474
f 1474 4449 2208
f 3350 4450 4453
f 3350 1800 5249
f 4451 2544 3466
f 4465 2544 4451
f 4452 2060 2599
f 4452 1253 2060
f 4450 628 4453
f 4938 628 4425
f 2091 5416 4454
f 2091 4454 2108
f 2784 4455 4407
f 4407 4455 459
f 4536 4456 2212
f 4456 1816 1108
f 4457 4144 3881
f 3513 4144 5238
f 4458 5967 4444
f 4458 4444 3842
f 1790 1767 4459
f 4459 1767 508
f 4460 1303 3584
f 3785 4460 3584
f 5383 1411 1827
f 5383 1827 1037
f 2120 4462 5423
f 5423 4462 5468
f 601 4463 907
f 4463 601 3691
f 1476 3429 4540
f 1476 4540 5310
f 1087 4465 2
f 4465 4451 2
f 5187 4466 1137
f 5919 1542 1137
f 1456 4467 3039
f 3039 4467 5879
f 4464 2353 4468
f 3429 4464 4540
f 3367 1521 4469
f 4432 3367 4472
f 652 4470 4393
f 4433 4578 652
f 824 1197 4471
f 4471 5512 824
f 3367 4469 4472
f 4472 4469 1938
f 1277 2341 4473
f 4669 1277 4473
f 3422 4474 865
f 4474 4167 865
f 3509 1968 4475
f 2665 3509 4475
f 852 4476 3178
f 4476 852 3796
f 1099 2795 4477
f 1711 1099 4841
f 1452 2636 4478
f 1452 4478 1963
f 4479 2889 807
f 2998 4690 807
f 1924 4480 3633
f 915 4480 1924
f 5555 2178 4481
f 4895 2571 4481
f 2430 4418 4482
f 4418 2371 4482
f 4689 4483 3387
f 2186 3387 4483
f 4484 1742 1650
f 2670 1742 4484
f 4485 2345 3053
f 875 2345 4485
f 2208 4449 4486
f 4212 4486 4449
f 884 4487 1850
f 1850 4487 2235
f 1087 4488 437
f 437 5924 1729
f 388 1235 4489
f 5989 388 4489
f 4490 4265 2220
f 896 4265 4490
f 4491 3500 1754
f 1959 3500 4491
f 5518 4705 4492
f 3203 4492 4705
f 1650 435 4493
f 435 2371 4497
f 1949 5352 4494
f 1969 1949 4494
f 4495 1758 4796
f 1758 4495 2904
f 437 4488 4496
f 4488 1278 4496
f 4493 435 4497
f 2235 4493 4497
f 4498 4563 2849
f 2869 4498 2849
f 2031 2271 4499
f 6056 2031 4499
f 4563 4498 4500
f 4563 4500 5447
f 4501 1574 3216
f 5700 4501 3216
f 1292 2960 4502
f 2960 3606 4502
f 1723 6062 4503
f 3149 6079 4551
f 796 3968 4504
f 796 4504 2804
f 4505 6036 3952
f 4505 5499 6036
f 4506 3148 3248
f 3148 4506 1221
f 5348 452 1927
f 5348 955 452
f 1475 4508 1690
f 4295 4508 1475
f 4509 2943 2938
f 4230 2943 4509
f 1985 1635 4510
f 4510 1635 1568
f 1385 2109 4511
f 4511 3403 1385
f 1556 4512 2448
f 4512 1556 3751
f 5099 4513 2405
f 2405 4513 2814
f 4514 4555 5800
f 379 4514 2281
f 1723 4503 4515
f 4515 4503 659
f 1317 4516 5959
f 1317 918 4590
f 3383 4517 1802
f 4517 2712 1802
f 4518 5398 2290
f 868 4518 2290
f 3640 4519 4517
f 3640 3671 4519
f 5385 4559 972
f 5385 972 4640
f 4521 838 3511
f 4521 3511 957
f 976 4447 4522
f 4522 4447 499
f 1559 4523 1623
f 4268 4523 1559
f 2194 4524 353
f 4529 2194 1694
f 507 1962 4525
f 4567 403 507
f 4526 951 4670
f 4526 368 4573
f 4285 536 4527
f 4527 536 4542
f 3068 977 5972
f 3068 5972 4006
f 4524 2194 4529
f 4529 2231 4524
f 1834 4530 1898
f 2120 1898 4530
f 4471 4531 1946
f 1946 4531 1540
f 843 4532 1263
f 4914 843 4271
f 650 3656 4533
f 650 4533 1593
f 4456 4536 1816
f 4536 2288 1816
f 4535 4587 3415
f 4535 3415 4389
f 4534 4536 674
f 4536 4534 2288
f 3471 2354 4537
f 3848 3471 4537
f 4538 1038 1344
f 4538 1577 1038
f 3166 5707 4539
f 3238 3166 4539
f 4540 4464 4468
f 4468 418 4540
f 350 1842 4541
f 1256 4541 1842
f 998 2997 4542
f 536 998 4542
f 1866 2930 4543
f 2930 4225 4543
f 4492 4544 5518
f 3203 4544 4492
f 1780 4560 1796
f 4560 1780 1399
f 4546 1578 626
f 626 4778 4546
f 4547 1096 3682
f 4547 2637 1096
f 1696 4548 2322
f 5896 4548 1696
f 2329 4549 4579
f 2329 2456 4549
f 4550 2932 1351
f 4550 2384 2932
f 4551 1723 4515
f 4551 4515 2910
f 645 4552 867
f 4549 4552 645
f 4553 3879 1932
f 3879 4553 1558
f 5460 4554 4531
f 4554 5460 3840
f 379 4555 4514
f 4555 379 4610
f 6043 4556 2280
f 2280 4556 2816
f 4627 4557 719
f 2634 4557 4611
f 4558 4247 1741
f 1741 2263 4558
f 4559 1632 923
f 4559 923 5492
f 992 4560 4545
f 1399 4545 4560
f 659 5907 4561
f 503 4680 4601
f 4591 4562 1536
f 1542 1536 4562
f 4563 3088 3278
f 2849 4563 3278
f 4564 5693 2902
f 4564 2902 4706
f 1788 4565 5190
f 1788 2077 4565
f 2785 91 4566
f 5735 4353 2785
f 4567 507 4904
f 1029 4567 4904
f 4568 934 4903
f 4903 2913 4568
f 4569 2727 450
f 4569 1589 2727
f 397 1857 4570
f 1134 5277 4570
f 1633 2831 4571
f 2831 3237 4571
f 5797 5558 4572
f 6095 3791 4572
f 1334 4526 4573
f 1334 4573 2521
f 4574 1265 1746
f 4615 1746 1179
f 5947 4575 1762
f 1762 4575 1757
f 4576 365 2429
f 4576 2429 3235
f 5499 4577 4596
f 4577 4344 2105
f 652 4578 4470
f 4578 3838 4470
f 4579 4549 645
f 645 867 4598
f 4580 3587 3677
f 3587 4580 4998
f 4599 6118 4581
f 1524 4599 4581
f 1602 1668 4582
f 5515 1602 4582
f 663 1193 4583
f 4583 1193 5146
f 4584 4582 3214
f 4584 3214 2614
f 557 4648 5632
f 4647 557 1795
f 3314 5200 4586
f 1103 3314 4586
f 4587 1941 3812
f 4587 3812 4606
f 4573 4588 2355
f 2355 4588 2848
f 4420 1679 4589
f 4589 3764 4420
f 4516 1317 4590
f 4516 4590 3056
f 1536 3303 4591
f 4591 3303 3435
f 6154 4592 2274
f 5399 4592 6154
f 3602 4593 1998
f 4593 3602 653
f 427 750 4594
f 1969 427 4594
f 4146 1201 4595
f 4146 4595 3766
f 2105 2595 4596
f 2105 4596 4577
f 4597 1797 5222
f 4597 1312 1797
f 645 4598 4579
f 4598 2329 4579
f 4599 2552 2569
f 4602 2852 4633
f 932 1066 4600
f 932 4600 6002
f 4601 802 4561
f 4601 4561 5907
f 4599 4602 2552
f 1524 4602 4599
f 4603 1340 2209
f 4603 2209 344
f 4680 1836 3112
f 4680 1984 1836
f 1816 4605 1108
f 4605 3895 1108
f 4606 3812 1148
f 5670 4606 1148
f 3659 2359 4607
f 3659 4607 3143
f 2355 2848 4608
f 805 4608 2848
f 449 2103 4609
f 4609 2103 1323
f 3863 665 4610
f 1863 5771 665
f 4611 4557 4627
f 4592 4611 4627
f 4612 385 3284
f 385 4612 3800
f 3211 4613 830
f 830 4613 3331
f 4614 2746 2079
f 5674 2746 4614
f 4615 4574 1746
f 3249 4574 4615
f 1063 2620 4616
f 4616 2344 1063
f 2216 4620 4617
f 2216 4617 4772
f 531 4618 2982
f 531 4303 4618
f 4619 4657 1586
f 5245 4619 1586
f 4620 2216 1396
f 4620 6007 3763
f 3182 4621 3194
f 4621 2373 3194
f 3478 4622 1592
f 5496 4622 942
f 4623 6147 5523
f 2558 3836 4623
f 3491 4624 6012
f 3491 4088 4624
f 1808 1404 4625
f 1808 4625 5939
f 2175 5429 4626
f 2175 4626 6124
f 4556 2274 4627
f 4592 4627 2274
f 2111 4628 2523
f 2523 4628 1167
f 1757 1607 4629
f 2568 1757 4629
f 4630 4679 4767
f 4332 4630 4767
f 4631 831 897
f 4664 4631 2294
f 4632 4594 1713
f 1713 1804 4632
f 4633 5209 2552
f 2552 4602 4633
f 3764 461 4634
f 4634 4420 3764
f 4635 4317 3684
f 2653 4635 3684
f 1994 4636 1491
f 1568 1491 4636
f 1736 4637 1156
f 4637 1736 720
f 2015 4638 974
f 2015 878 4638
f 4639 3879 1558
f 3637 4639 1558
f 4640 1054 991
f 991 2593 4640
f 2357 4641 3059
f 2357 2633 4641
f 524 4642 3065
f 524 1652 4642
f 4643 3177 2451
f 4643 2451 3558
f 4644 3066 1364
f 4644 418 3066
f 1744 4046 4645
f 4645 4993 3140
f 4646 4644 5577
f 5244 5662 5577
f 4647 4585 557
f 1182 4585 4647
f 4585 4648 557
f 4585 2770 5630
f 690 2442 4649
f 5849 690 4649
f 1091 5295 4650
f 4357 1091 4650
f 1332 4651 4541
f 1336 4651 1332
f 2667 1003 4652
f 2667 4652 4593
f 2158 436 4653
f 5252 4653 436
f 2458 5489 4654
f 794 4654 6132
f 1226 5159 4655
f 4655 4654 1226
f 4656 739 1952
f 907 739 4656
f 4619 1148 4657
f 1148 3812 4657
f 2883 4658 1356
f 2883 1983 4658
f 4659 788 4662
f 3003 788 4659
f 4660 3667 3198
f 4660 3198 3362
f 1704 4661 3052
f 4661 3050 3052
f 1630 4659 4662
f 1630 4662 5818
f 4663 1586 3870
f 4679 3870 1272
f 831 4631 4664
f 4664 3741 831
f 4665 4024 1982
f 1897 4024 4665
f 1353 4710 4666
f 1881 1353 4666
f 4667 2457 2550
f 4747 4667 2550
f 443 1415 4668
f 5997 5338 2752
f 5165 3055 4669
f 4669 3055 1277
f 4526 4670 368
f 368 4670 4170
f 1018 5652 4671
f 5785 1018 4714
f 4672 3063 5691
f 3063 4672 1347
f 4673 2026 2125
f 4039 2026 4673
f 4674 5531 6067
f 5762 2242 2855
f 2380 891 4675
f 891 5483 4675
f 4625 4676 3102
f 1404 4676 4625
f 3935 573 4677
f 573 5681 4677
f 2138 5232 4678
f 2114 2138 4678
f 4679 4663 3870
f 4630 4663 4679
f 4604 1984 4680
f 503 4604 4680
f 3915 4681 2865
f 2865 4681 696
f 1234 5557 4682
f 3352 1234 4682
f 4683 614 1067
f 4683 1067 3899
f 4684 1714 4945
f 4385 1714 4684
f 4685 1101 3262
f 2117 1101 4685
f 1479 4686 1149
f 4686 3871 1149
f 2421 4687 2506
f 2421 1090 4687
f 5862 839 4688
f 3391 4688 839
f 2228 4483 4689
f 3583 5717 4689
f 3606 4479 4690
f 4690 4479 807
f 4691 5148 5274
f 2218 5148 4691
f 4692 921 5001
f 2096 4678 4692
f 4693 4429 6085
f 1893 4693 1775
f 2097 4694 1382
f 5279 496 4694
f 2074 2202 4695
f 3128 2074 4695
f 2002 6077 4696
f 2002 4696 3228
f 4697 4726 4743
f 4761 421 4697
f 4698 1308 2002
f 4698 2002 3228
f 422 2905 4699
f 697 422 4734
f 4595 2231 4700
f 4700 2231 4529
f 904 2461 4701
f 4701 664 904
f 4702 2357 3059
f 1668 4702 5979
f 5422 1172 4703
f 1172 4681 5453
f 1624 431 4704
f 1624 4704 3676
f 4043 4705 1578
f 3203 4705 4043
f 386 4564 4706
f 386 4706 3622
f 1064 4707 3522
f 5509 5818 3522
f 4708 3394 1782
f 4708 1782 3786
f 2340 4709 5189
f 2340 1347 4732
f 1353 458 4710
f 458 4020 4710
f 3669 4711 2253
f 4160 4711 3669
f 1956 5858 4712
f 1228 2268 4712
f 548 4713 5301
f 4713 548 5525
f 4714 1018 4671
f 1986 4714 4671
f 4010 1972 4715
f 1034 4010 4715
f 2317 3001 4716
f 3001 1103 4716
f 866 4717 805
f 2963 4717 4769
f 4718 2179 5990
f 661 4718 5990
f 3430 4719 3884
f 3430 2238 4719
f 4667 4720 654
f 5407 654 4720
f 1211 4721 2098
f 2282 4721 1211
f 4105 4722 3794
f 4722 4105 795
f 4723 964 3019
f 2250 964 4723
f 3707 1057 4724
f 4724 1057 1669
f 648 4725 2403
f 4725 648 2382
f 421 4726 4697
f 421 2097 4726
f 4727 6029 527
f 6010 527 2945
f 5927 1847 4728
f 4728 2558 1657
f 4729 985 4741
f 4729 4735 985
f 4730 5778 1374
f 4730 1374 3189
f 4441 3793 4731
f 4731 3828 4441
f 4732 4709 2340
f 4709 4732 810
f 2511 4733 3679
f 5311 2508 4733
f 4699 4734 422
f 4734 4699 1440
f 4735 2321 985
f 1180 2321 4735
f 4736 1051 2789
f 1703 1051 4736
f 3864 621 4737
f 4742 2142 4737
f 985 4738 4741
f 5104 2296 4738
f 4739 2296 5104
f 4738 2296 4741
f 3479 1703 4740
f 4740 4757 1860
f 4739 4741 2296
f 4739 786 4741
f 4208 4742 621
f 621 4742 4737
f 2097 1382 4743
f 4172 4743 1382
f 4744 1806 1143
f 4744 392 1806
f 965 1431 4745
f 2610 4745 1431
f 4761 4746 5695
f 4746 5655 5695
f 4182 4747 933
f 4747 2550 5071
f 4748 1671 2561
f 4748 5231 1671
f 2923 4749 2137
f 2137 4749 1221
f 3973 2250 4750
f 4750 2250 1386
f 4751 346 5943
f 2431 346 4751
f 4752 775 1282
f 444 5663 1282
f 2890 2055 4753
f 2890 4753 1303
f 4754 4547 3682
f 4754 3682 1470
f 5689 1202 4755
f 1202 3264 4755
f 2108 4454 4756
f 4756 4454 1819
f 1703 4736 4757
f 4757 4740 1703
f 3298 4758 1801
f 4750 1801 4758
f 3739 4759 1779
f 3739 3122 4759
f 4362 4760 3156
f 1461 4760 4362
f 4746 4761 958
f 3890 958 4761
f 925 4321 4762
f 4762 841 925
f 518 4763 3126
f 2177 4764 518
f 1671 4763 4764
f 4764 4763 518
f 1977 5789 4765
f 4876 1977 4765
f 4766 2039 2082
f 4766 2082 1728
f 2453 4767 2683
f 4679 5292 4767
f 4768 4765 3963
f 4768 3963 1006
f 6088 4769 866
f 866 4769 4717
f 1105 3360 4770
f 4770 3360 2690
f 1373 3697 4771
f 1373 4771 5891
f 781 2216 4772
f 5404 4793 2255
f 4773 3353 3289
f 3353 4773 3709
f 4774 3959 1161
f 4774 2452 3959
f 4775 2678 1359
f 3598 2678 4775
f 4510 1568 5541
f 1568 3419 5541
f 902 3687 4777
f 4777 615 902
f 3722 889 5626
f 5626 889 2772
f 3562 4779 1086
f 1529 4779 3562
f 4780 2955 4800
f 1004 4780 2306
f 5732 2165 4781
f 4243 4781 1868
f 4782 4807 2496
f 2496 419 4782
f 480 3168 4783
f 3168 1074 4783
f 4784 494 892
f 494 4784 3202
f 625 4785 4254
f 1692 4785 625
f 569 561 4786
f 4214 4786 561
f 4787 1621 2876
f 4398 4787 2876
f 5823 909 3011
f 4794 2800 909
f 2561 4764 4789
f 2561 4789 512
f 2527 4035 4790
f 4790 4035 1867
f 4791 1698 962
f 4791 3188 1698
f 352 3702 4792
f 3702 4740 4792
f 4772 5322 4793
f 4772 4793 5404
f 4794 4788 2772
f 4794 909 5823
f 4795 953 574
f 4795 574 5557
f 430 4495 4796
f 5904 430 4796
f 3927 3663 4797
f 4797 3663 2113
f 5909 2664 4798
f 883 2065 4798
f 4799 1739 4385
f 4817 3300 1739
f 4800 2952 2306
f 4780 4800 2306
f 816 780 4801
f 816 4801 3315
f 4802 4178 3087
f 4802 1888 4178
f 3569 4803 1291
f 4803 3569 4227
f 4804 4246 4262
f 4246 4804 4373
f 144 2541 4805
f 4805 2541 1070
f 4806 3402 1651
f 4806 5322 3402
f 2085 4807 2825
f 2496 4807 2085
f 3986 4808 5789
f 3986 3990 4808
f 953 4236 4809
f 953 4809 574
f 1629 4810 2236
f 1629 2898 4810
f 1042 3129 4811
f 4811 3129 4930
f 4812 2977 4091
f 448 2977 4812
f 1266 2094 4813
f 2094 641 4942
f 4814 3287 1367
f 4814 1367 804
f 4803 1740 4815
f 1740 4848 4815
f 3305 366 4816
f 3090 4816 366
f 4823 4817 4799
f 4799 4817 1739
f 1606 4818 2131
f 4821 1606 4180
f 3078 5009 4819
f 4819 3008 3078
f 434 4820 1514
f 4820 434 1882
f 4821 4818 1606
f 4818 4821 1874
f 1071 5494 4822
f 1071 4822 2417
f 1071 4823 4799
f 2417 4823 1071
f 2389 4824 3821
f 3752 3821 4824
f 2499 4825 1028
f 1041 4825 2499
f 1645 3402 4826
f 3402 3036 4826
f 2681 4827 502
f 2631 4827 2681
f 4828 784 1309
f 4828 5063 784
f 1876 4829 919
f 4815 4848 4829
f 502 4830 611
f 611 4830 3378
f 4831 5422 3625
f 3625 2396 4831
f 4832 2551 4289
f 4289 4294 4832
f 4833 2804 1881
f 2768 2804 4833
f 3025 4834 2551
f 4834 4289 2551
f 4835 3183 3161
f 1560 3183 4835
f 4836 2844 1171
f 4836 4155 2844
f 5769 4837 730
f 4842 4837 1843
f 1878 506 4838
f 682 4838 506
f 1519 6006 4839
f 4839 1114 4096
f 4840 3388 511
f 476 4840 511
f 4841 1099 4477
f 4841 4477 1289
f 4842 5596 730
f 4837 4842 730
f 639 4372 4843
f 4843 1731 639
f 2250 4844 391
f 391 4844 1228
f 4845 2412 1392
f 1589 5833 4845
f 4846 540 2073
f 4846 2073 3151
f 3820 1053 4847
f 5432 3820 4847
f 919 4848 1362
f 4848 919 4829
f 4849 2265 2388
f 476 4849 2388
f 4200 5962 4850
f 3105 4200 4850
f 4851 1664 734
f 734 5128 4851
f 3468 1996 4852
f 4852 674 3468
f 1141 4853 1855
f 4853 1141 3710
f 4854 375 1309
f 784 4854 1309
f 4242 3325 4855
f 2384 4242 4855
f 4856 3115 1364
f 4988 1517 3115
f 4857 4595 492
f 4857 492 1566
f 4858 4421 2353
f 4858 4762 4421
f 791 4859 1868
f 791 5132 4859
f 4860 1368 4870
f 1368 4860 3370
f 4861 2167 1400
f 4861 2165 2167
f 1882 434 4862
f 1922 1882 4862
f 5547 3507 4863
f 3507 2308 4863
f 4864 5968 5791
f 5968 4864 4040
f 2605 4865 5532
f 2605 1151 4865
f 5142 4866 5620
f 4866 5142 6031
f 4867 855 4894
f 4867 554 855
f 4888 550 3154
f 4888 3154 2941
f 2441 3111 4869
f 4869 3111 914
f 1368 2639 4870
f 5586 2639 4124
f 4873 4871 4867
f 4873 4437 4871
f 1814 1588 4872
f 2755 1814 4872
f 4364 4873 763
f 763 4873 4867
f 2070 1333 4874
f 5915 4874 4925
f 4875 1390 3307
f 3095 4875 3307
f 5881 4876 483
f 483 4876 4768
f 3846 4877 3141
f 4877 3795 3141
f 2343 4380 4878
f 2870 2343 4878
f 4015 3246 4879
f 4015 4879 343
f 4137 1835 4880
f 1222 4880 1835
f 2525 4881 6099
f 3147 4881 2525
f 860 4882 3058
f 402 4882 860
f 383 620 4883
f 3613 383 4883
f 364 1993 4884
f 364 4884 3533
f 4885 3355 3089
f 3355 4885 2215
f 2812 4154 5505
f 445 5505 4154
f 2388 1329 4887
f 1329 3282 4887
f 4868 550 4888
f 4868 4888 4849
f 2649 4889 4148
f 4889 2649 3236
f 4890 1152 746
f 4890 4908 5505
f 3030 3980 4891
f 4891 4169 3030
f 4966 4892 2791
f 1732 4359 4892
f 3673 4893 4870
f 4893 3673 3674
f 1146 4894 3409
f 1146 4867 4894
f 2646 4895 963
f 4895 2346 963
f 3945 3044 4896
f 3054 4896 3044
f 2033 4897 2066
f 4897 3683 5487
f 4898 3645 1976
f 2171 4898 1976
f 4899 1072 2698
f 1072 4899 4897
f 2377 4900 955
f 955 4900 3649
f 412 4901 3364
f 412 1528 4901
f 2467 5777 5595
f 3081 5777 2467
f 4903 957 1792
f 1792 2913 4903
f 3985 4904 4525
f 507 4525 4904
f 3371 4905 5790
f 5790 4905 917
f 3535 4906 3176
f 4952 4911 3535
f 4907 642 2472
f 4907 3640 642
f 4890 746 4908
f 746 2586 4908
f 4909 3099 3094
f 4909 3094 1538
f 4195 4910 1013
f 4910 3590 4997
f 4906 3535 4911
f 897 4906 4911
f 4912 550 4868
f 4912 4683 550
f 2243 4913 2260
f 5058 4913 2243
f 4914 4101 4532
f 4532 843 4914
f 1266 4813 4915
f 2094 4942 4813
f 4911 4952 4916
f 4916 1473 4023
f 4917 2331 1691
f 2718 2331 4917
f 4918 3594 1426
f 4918 4941 3594
f 4914 4295 4919
f 4295 1475 4919
f 2840 4941 1022
f 3594 4941 2840
f 2842 4335 4921
f 6051 2842 4921
f 4625 3102 4922
f 3102 2867 4922
f 5058 384 4257
f 5058 2243 384
f 2491 5237 1366
f 5232 5233 2491
f 1887 4925 4874
f 6145 4925 1887
f 4926 3308 3282
f 4887 3308 4937
f 2196 2867 4927
f 4927 2867 3102
f 3015 4928 1251
f 3015 1330 4928
f 2967 4929 2837
f 4929 4969 2837
f 4930 3129 1814
f 2755 4932 1814
f 1330 3519 4931
f 1330 4931 4928
f 4932 4811 4930
f 4932 4930 1814
f 648 5645 2382
f 2382 5645 901
f 2117 4934 3092
f 4511 4934 2117
f 4935 2629 4387
f 3155 4935 4387
f 1166 4989 2827
f 2827 4989 4980
f 3308 4926 4937
f 4959 633 5052
f 4938 4453 628
f 4938 3350 4453
f 1407 4939 1750
f 1407 6061 4939
f 4940 6120 4830
f 4827 4940 4830
f 4920 1022 4941
f 4918 4920 4941
f 4813 4942 4915
f 4942 3405 4915
f 4943 3211 1311
f 3211 4943 4613
f 1684 4944 2439
f 5005 4944 1684
f 1513 4945 1665
f 369 4945 1513
f 4946 519 3773
f 3392 519 4946
f 4947 2121 3721
f 3269 2121 4947
f 1770 4948 3605
f 4948 1770 3552
f 4605 4949 600
f 4949 2415 600
f 3575 1687 4950
f 1687 536 4950
f 4710 4951 1065
f 4951 4086 1065
f 4952 1473 4916
f 5395 1473 4952
f 4953 484 2624
f 4953 2624 5299
f 3683 4897 4954
f 2964 3683 4954
f 4955 4787 1159
f 1159 5975 4955
f 770 4956 2254
f 4956 3632 2254
f 1750 2711 4957
f 1750 4957 1407
f 5738 4147 4958
f 689 4958 4909
f 4959 4926 3655
f 4959 4937 4926
f 4243 1868 4960
f 4960 1868 3197
f 2669 4961 1504
f 4961 3883 1504
f 4962 1005 1701
f 4962 2358 1005
f 6138 1138 4963
f 4963 1138 1855
f 4964 4972 6035
f 4964 637 4970
f 4967 4965 3710
f 4143 4965 4967
f 4966 3549 1732
f 4966 1732 4892
f 2514 5838 4967
f 3710 2514 4967
f 1928 4968 3864
f 4968 3069 3864
f 4969 4929 1510
f 4925 6145 1510
f 637 2662 4970
f 4970 4972 4964
f 4968 1928 4971
f 4968 4971 3069
f 4972 2662 5090
f 4970 2662 4972
f 4973 2400 4417
f 2400 4973 3911
f 4974 2718 912
f 912 5684 4974
f 1048 4975 3780
f 1048 2517 4975
f 635 3843 4976
f 4976 3843 5416
f 3943 4325 4977
f 4996 4325 1925
f 4947 4978 3269
f 5264 4947 496
f 4979 410 2594
f 5492 4979 2594
f 4980 500 1015
f 4936 500 4980
f 4981 3045 1484
f 799 3045 4981
f 4982 805 2786
f 2262 4982 2786
f 5875 4983 2918
f 5008 1300 4983
f 4984 2578 2473
f 2578 4984 2468
f 1483 4985 4961
f 4985 1483 3110
f 4986 5007 2839
f 1391 3101 4986
f 3788 2283 4987
f 2283 4298 4987
f 4988 3115 4856
f 1768 4988 4856
f 4980 4989 4936
f 4936 4989 1166
f 4990 2003 773
f 1529 4990 773
f 2413 4991 2246
f 2273 2246 5022
f 1525 4992 1091
f 1525 1764 4992
f 4993 4645 4046
f 4046 4044 4993
f 4994 693 2323
f 4994 1372 693
f 4995 3474 5031
f 2151 4995 1934
f 4325 4996 4977
f 5947 1762 4977
f 2545 1013 4997
f 4997 1013 4910
f 1830 4998 4580
f 986 4998 1830
f 2436 4999 1951
f 1930 4999 2436
f 5000 2021 1499
f 1499 3972 5000
f 528 2096 5001
f 5001 2096 4692
f 2376 5002 872
f 5002 1525 872
f 3416 5003 1457
f 5003 2419 1457
f 987 5004 2267
f 5011 3404 2267
f 3416 5005 2199
f 5005 1684 2199
f 5006 4586 2875
f 5006 2875 1555
f 3101 5007 4986
f 3101 1119 5007
f 4983 5875 5008
f 5875 2514 5008
f 2759 4311 5009
f 3078 2759 5009
f 3027 2940 5010
f 5010 2940 928
f 5004 2038 5011
f 5011 2267 5004
f 1157 5012 1154
f 5012 2538 1154
f 4329 5013 5391
f 5013 4329 1438
f 157 119 5014
f 157 5014 214
f 5725 676 5015
f 5015 676 4976
f 1190 5016 715
f 2822 5016 1190
f 2113 3725 5017
f 5017 3725 5032
f 5018 1175 4235
f 2300 1175 5018
f 2886 5019 3119
f 5019 2886 1753
f 2740 2669 5020
f 2740 5020 5443
f 3608 3422 5021
f 5021 2917 3608
f 5022 4991 817
f 5022 2246 4991
f 5023 2673 1371
f 5023 2687 2673
f 5024 3437 5757
f 1189 5024 2521
f 5025 2530 4933
f 2009 2530 5025
f 660 3570 5026
f 2959 5026 3570
f 2583 5027 833
f 833 5027 3875
f 931 849 5028
f 931 5028 4094
f 575 636 5029
f 5029 636 1514
f 5030 2241 5028
f 1264 2241 5030
f 1123 1934 5031
f 5031 1934 4995
f 3886 5032 1429
f 5032 3886 5017
f 5033 2201 4739
f 2201 5033 4361
f 3861 2245 5034
f 3861 5034 1345
f 2261 2054 5035
f 2261 5035 2138
f 3680 149 5036
f 149 145 5742
f 5037 2610 1012
f 5037 4745 2610
f 696 5828 5038
f 5038 2865 696
f 3972 5039 3876
f 3972 1499 5039
f 1480 5040 2653
f 5040 3331 5043
f 2724 5041 4998
f 2724 450 5041
f 3558 3476 5042
f 3476 1604 5042
f 5040 5043 2653
f 5043 3465 2653
f 5877 1503 5044
f 419 5044 4782
f 1011 5045 993
f 1987 993 5045
f 5046 838 1631
f 3639 838 5046
f 5047 4075 1908
f 5936 5047 1908
f 3658 5048 5058
f 3658 4483 5048
f 2245 1943 5049
f 5049 1943 5019
f 5050 5522 857
f 2016 5050 857
f 3955 5051 2139
f 2139 5051 2710
f 1805 4937 5052
f 4937 4959 5052
f 3393 1312 5053
f 2555 5053 5497
f 2927 2104 5054
f 5054 2104 1437
f 4213 5055 3356
f 2057 5055 4213
f 2793 1724 5056
f 5056 1724 5380
f 5057 3913 3941
f 3913 5077 359
f 4923 4913 5058
f 4923 5058 5048
f 5059 988 1722
f 5059 2119 988
f 6132 1008 5060
f 6140 6135 5060
f 5061 3386 2713
f 5061 2713 5063
f 5398 1125 5062
f 5062 1125 1323
f 2713 2707 5063
f 5063 2707 784
f 2336 5941 5064
f 2336 5064 3427
f 5123 1624 3676
f 1624 5168 2948
f 5066 2398 3444
f 3444 455 5066
f 5067 5064 2567
f 5064 5067 446
f 2538 5012 5068
f 5012 1401 5068
f 5069 3795 1132
f 5069 1132 1328
f 1637 5070 3448
f 1637 465 5070
f 5071 933 4747
f 735 933 5071
f 5072 632 3736
f 632 5113 5050
f 2055 2075 5073
f 5073 1128 2055
f 3109 5074 563
f 563 5074 4656
f 2075 5075 5073
f 5560 5075 2075
f 5076 5411 3406
f 5915 5076 3406
f 5057 5077 3913
f 5946 5077 5057
f 5078 789 3865
f 5078 3865 2028
f 867 5079 2112
f 2112 5079 4220
f 5185 2386 5080
f 5191 6143 2386
f 960 5081 1371
f 5081 5023 1371
f 1125 5082 1323
f 1125 587 5082
f 5083 4615 1179
f 5083 1179 5520
f 5084 2149 3146
f 5084 3146 5289
f 3197 5085 793
f 5085 2971 793
f 373 1990 5086
f 5082 373 5086
f 5087 1345 1577
f 1345 5087 1678
f 5088 1124 2170
f 5088 627 1124
f 5089 5093 4185
f 1225 1495 5089
f 1236 6016 5090
f 1236 5090 2662
f 3772 4074 5091
f 5091 2197 3772
f 659 4503 5092
f 5092 503 659
f 5093 5089 1495
f 1970 5093 1495
f 1705 5094 944
f 944 5094 822
f 5095 1550 1445
f 1445 2365 5095
f 5132 5096 4859
f 5132 5107 5096
f 3368 5097 679
f 5097 3482 679
f 5098 5023 5081
f 5098 5081 960
f 4874 1333 5099
f 1333 790 5099
f 5100 2035 2833
f 2833 1242 5100
f 4269 5101 2533
f 5101 4269 1663
f 3482 1183 5102
f 679 3482 5102
f 999 5103 1812
f 1239 5103 999
f 4003 5033 5104
f 5104 5090 4003
f 5105 1264 1281
f 5105 1281 2498
f 5109 5106 2107
f 5106 582 2107
f 5096 5107 1544
f 837 1544 5107
f 1323 5286 5108
f 704 1323 5108
f 5109 651 1494
f 2107 651 5109
f 3619 5110 3155
f 1450 5110 3619
f 1840 5111 1896
f 3130 5111 1840
f 5112 3230 1280
f 5112 775 3230
f 5113 5072 4173
f 5113 632 5072
f 5114 1044 5786
f 5905 5114 5396
f 4935 5115 869
f 5115 4360 869
f 1856 5116 1752
f 5116 1856 2479
f 3048 5117 1552
f 5117 1248 1552
f 704 5118 5430
f 5118 2755 5430
f 5119 3744 1884
f 5119 1884 1126
f 2364 5120 2206
f 2936 5120 2364
f 5121 407 2206
f 407 5121 3698
f 5122 715 2414
f 4216 5122 2414
f 5065 5123 5133
f 2948 5168 5065
f 418 2101 5124
f 4762 5124 2101
f 6064 5125 910
f 5309 910 5125
f 3906 5150 5126
f 3585 5126 1813
f 5127 5236 5155
f 5236 5127 2835
f 1231 5175 5128
f 1231 5128 734
f 479 2807 5129
f 5129 3962 479
f 2030 5130 3699
f 2030 5135 5130
f 43 5131 2317
f 43 370 5131
f 1820 5107 5132
f 1820 5132 2787
f 5123 3676 5133
f 3110 6104 3676
f 2630 1540 5134
f 2527 2630 5134
f 5152 2030 699
f 1999 5152 699
f 3747 3304 5136
f 3667 5136 3304
f 3530 609 5137
f 2065 5137 609
f 5138 1045 5625
f 5138 2825 1045
f 5139 1119 1046
f 5139 1046 4218
f 2284 5140 5164
f 2077 5140 447
f 5141 3263 3770
f 1358 3263 5141
f 5142 5125 513
f 5125 5142 1395
f 5817 5143 2526
f 5143 1533 2526
f 2218 5144 1088
f 2218 4378 5144
f 5145 3254 3142
f 5145 3142 4273
f 2129 5146 674
f 2129 4583 5146
f 5147 1923 5440
f 5147 1676 1923
f 5148 2577 2792
f 5274 5148 2792
f 3292 2603 5149
f 2810 5149 2603
f 467 1813 5150
f 1813 5126 5150
f 3864 5151 1928
f 5154 6003 5151
f 5152 5135 2030
f 5135 5152 1656
f 5153 2798 2312
f 2312 4496 5153
f 4737 5154 3864
f 5154 5151 3864
f 5236 5215 5155
f 5127 5155 1646
f 5156 2858 779
f 3537 5156 779
f 992 3703 5157
f 5157 4091 992
f 3994 2446 5158
f 3994 5158 1612
f 5159 819 2927
f 2540 819 5159
f 5160 5163 3456
f 5160 364 5163
f 5158 2446 5161
f 5161 2446 801
f 5162 3687 887
f 5162 887 2206
f 3456 5163 591
f 5163 3533 591
f 5164 5140 2077
f 5164 2077 2056
f 5165 4669 2304
f 3936 5165 2304
f 3031 5166 3049
f 3031 5544 5166
f 698 5251 5167
f 698 5167 2483
f 5065 5168 5123
f 5168 1624 5123
f 2580 5169 1515
f 512 5169 2580
f 2991 5170 3590
f 3235 5170 2991
f 5171 2327 2805
f 5603 4117 2327
f 5172 774 6114
f 2361 774 5172
f 5173 2843 2334
f 5173 2334 2585
f 5174 1636 2644
f 1636 5174 3289
f 2281 5186 5175
f 5175 1231 2281
f 5176 2333 876
f 3835 2333 5176
f 2585 5177 5173
f 2929 5173 5177
f 2942 3276 5178
f 3276 3053 5178
f 602 5179 2763
f 602 2423 5179
f 1494 5205 5180
f 1511 5153 5180
f 4672 5181 1347
f 5181 4732 1347
f 5182 1993 3502
f 5182 3502 1981
f 2654 5183 577
f 5189 5727 5183
f 2432 5184 1974
f 2432 3271 5184
f 5185 2435 2450
f 3926 5185 2450
f 5175 5186 1230
f 2893 1230 5186
f 5187 821 4466
f 821 5187 2767
f 5188 2152 4349
f 5956 2152 5188
f 5189 2654 1855
f 5189 5183 2654
f 1306 1788 5190
f 5190 5991 1306
f 2224 5191 423
f 2224 360 5207
f 5192 1871 3000
f 3000 1037 5752
f 5193 1755 4500
f 5193 1469 1755
f 1318 2160 5194
f 5194 2160 2132
f 5195 5320 2734
f 5195 2734 1270
f 2983 3557 5196
f 5196 3557 3827
f 5197 567 5216
f 5197 1686 567
f 5198 2186 5798
f 3965 5198 447
f 5199 6150 2774
f 1026 5199 2774
f 3570 660 5200
f 3570 5200 362
f 5201 478 2778
f 478 5201 862
f 1835 5202 1837
f 5202 502 1837
f 5203 1180 4729
f 5203 2814 1180
f 612 5204 2933
f 5204 5865 2933
f 5180 5205 1511
f 1511 5205 651
f 5206 4153 2407
f 2762 5206 2407
f 5191 2224 5207
f 5207 6143 5191
f 5329 5208 1469
f 5208 722 1735
f 2552 5209 2569
f 5209 5605 2569
f 3894 3759 5210
f 3759 470 5210
f 5211 5109 1494
f 1494 3844 5211
f 2616 5212 4004
f 4139 4004 5212
f 5219 5213 3578
f 2389 5213 1249
f 5214 3280 1412
f 3280 5214 2053
f 1646 5215 4640
f 5155 5215 1646
f 5197 5216 1524
f 1524 5216 3834
f 5217 1120 981
f 5217 981 5721
f 5218 3268 3490
f 5218 3850 3268
f 5213 5219 1249
f 1249 5219 2393
f 4258 673 5220
f 4258 5220 3681
f 4376 5221 599
f 5221 5212 599
f 5222 1797 1564
f 5393 5222 1564
f 6113 5223 3862
f 5223 6000 3862
f 5266 5224 1594
f 1594 5347 4275
f 647 5225 834
f 5192 5225 647
f 5226 4452 2599
f 927 5226 2599
f 994 5227 2821
f 2821 5227 1794
f 2589 778 5228
f 5228 778 5347
f 5229 3035 3092
f 4934 5229 3092
f 120 5230 969
f 5230 1186 969
f 4783 1074 5231
f 5231 1074 2993
f 576 5233 5232
f 2138 576 5232
f 5233 576 5237
f 2491 5233 5237
f 2470 5234 6133
f 5478 1227 5234
f 1026 4622 5235
f 1026 5235 5199
f 1285 5215 5236
f 2835 1285 5236
f 4924 5240 5237
f 576 4924 5237
f 5238 4144 4457
f 4457 2852 5238
f 3688 5239 5441
f 1200 5441 5239
f 1366 5240 3995
f 5237 5240 1366
f 968 3390 5241
f 5241 3635 968
f 1325 3060 5242
f 3907 1325 5242
f 5306 5251 698
f 698 2501 5306
f 5244 1493 3299
f 1553 5244 3299
f 2299 3962 5245
f 2299 5245 1586
f 5246 2814 5203
f 2814 5246 2405
f 2487 916 5247
f 2487 5247 2356
f 3867 3074 5248
f 3074 3385 5248
f 3350 5249 4450
f 4450 5249 628
f 5250 732 2217
f 4843 732 5250
f 1275 5251 5306
f 1275 4957 5251
f 5252 3361 1441
f 5252 1441 2641
f 1603 2863 5253
f 5253 2483 6018
f 5254 3517 5270
f 5257 1266 2582
f 1963 5255 1503
f 5255 1963 4478
f 5256 798 4161
f 5256 4161 1937
f 5254 5270 5257
f 523 5254 5257
f 5258 5252 410
f 4979 5258 410
f 4454 5259 415
f 5259 4476 415
f 5260 3536 3310
f 5260 2903 3536
f 5280 4346 5261
f 2957 936 5261
f 2691 5262 2688
f 5262 2598 2688
f 3751 1229 5263
f 961 5263 1229
f 5264 4978 4947
f 2143 4978 5264
f 4951 5265 1052
f 1052 6122 926
f 5422 4352 5266
f 5266 4352 5228
f 411 5955 5267
f 2824 5267 5955
f 4092 5268 928
f 5268 5010 928
f 5269 3068 4006
f 6122 3068 5269
f 1266 5270 3672
f 5270 1266 5257
f 5271 2248 950
f 4330 5973 950
f 4067 5272 5533
f 5272 4067 1604
f 4204 1215 5273
f 5273 1215 5313
f 3022 5274 2792
f 4691 5274 3022
f 5275 4299 722
f 5329 722 5208
f 4850 5276 2737
f 5962 5276 4850
f 397 4570 5277
f 5530 397 5277
f 5278 2037 4001
f 5278 3736 2037
f 5279 4694 2097
f 3769 5279 2097
f 5280 936 1429
f 936 5280 5261
f 1950 5281 2019
f 3849 5281 1950
f 5282 4558 1354
f 3912 5282 1354
f 1472 5283 1482
f 1472 672 5283
f 1326 4902 5284
f 5318 5895 1326
f 3424 2356 5285
f 5285 2356 5247
f 5289 3129 1042
f 4811 5289 1042
f 1858 5287 4912
f 3388 5287 1858
f 3771 2358 5324
f 5324 5317 3771
f 5286 5086 5289
f 5108 5286 5289
f 1313 2773 5290
f 1596 5290 2773
f 4209 5291 5362
f 5362 5291 3014
f 2683 5292 1571
f 5292 2683 4767
f 5293 3705 3719
f 5293 3719 1629
f 5294 2736 5572
f 2503 2736 5294
f 5295 2323 776
f 5300 776 2286
f 4445 747 5296
f 747 823 5296
f 5297 3925 3213
f 6153 5297 3213
f 5298 5089 4185
f 5298 4185 918
f 1062 5299 405
f 1062 4953 5299
f 5295 776 5300
f 4650 5295 5300
f 3275 5301 1059
f 1059 5301 4713
f 5302 420 2014
f 1998 420 5302
f 5303 1497 4263
f 1497 5868 1471
f 5260 5304 1370
f 3757 1370 5304
f 1603 5305 429
f 429 5305 2338
f 1275 5306 5243
f 5243 5306 2501
f 6110 5307 5701
f 5701 5307 2711
f 3869 5308 706
f 2621 706 5308
f 5309 2699 910
f 2699 5309 4157
f 5310 4540 418
f 5662 5310 418
f 2511 5311 4733
f 5353 766 5311
f 3051 3012 5312
f 5957 3012 4493
f 3549 5313 3272
f 1215 3272 5313
f 5314 3157 3152
f 5314 1763 3157
f 2363 2781 5315
f 5315 2781 834
f 712 5316 3824
f 2337 5316 712
f 1600 3771 5317
f 5317 695 1600
f 5318 1326 5284
f 5318 5284 5216
f 2156 5319 5802
f 1169 5319 1803
f 5320 347 2734
f 5320 3956 347
f 5321 3654 1819
f 5321 4162 3654
f 4772 3077 5322
f 3077 1759 5322
f 2383 5323 3718
f 2383 2386 5323
f 5324 5288 5317
f 2358 5288 5324
f 5325 3824 1880
f 5325 712 3824
f 5326 5319 2156
f 1152 5326 2156
f 3457 5647 1304
f 3457 1106 5647
f 5328 5526 2500
f 4007 5328 2500
f 722 5329 5275
f 5329 5193 5275
f 5330 1495 3473
f 5330 1970 1495
f 3463 5331 3796
f 3463 4162 5331
f 5526 5332 3996
f 3667 3996 5332
f 1081 5333 1852
f 5333 2720 1852
f 5334 2092 5736
f 685 2092 5334
f 5335 3103 3774
f 954 5335 3774
f 5857 5336 1201
f 1201 5336 2231
f 5337 2609 4365
f 3395 5337 4365
f 1415 1012 5338
f 5997 1415 5338
f 5339 2669 2740
f 5339 903 5342
f 5214 1412 5340
f 1412 3252 5340
f 3831 5341 2882
f 2961 2882 5341
f 2669 5339 5342
f 5342 3573 2669
f 5658 5343 1258
f 1258 5343 971
f 5344 3085 1109
f 5344 2350 3085
f 389 3163 5345
f 5053 389 5345
f 4419 1194 5346
f 5346 1194 2917
f 5224 5228 5347
f 1594 5224 5347
f 4507 5348 1927
f 4507 955 5348
f 3021 2477 5349
f 2477 3707 5349
f 1432 1344 5350
f 3237 1432 5365
f 5351 1106 2710
f 5647 1106 5351
f 5352 845 2488
f 845 5356 3134
f 2711 5353 2511
f 5311 2511 5353
f 2584 5354 2443
f 5354 2584 1699
f 2330 1970 5355
f 5355 5330 5358
f 5352 5356 845
f 5352 1788 5356
f 1834 5357 1423
f 1898 5357 1834
f 3475 2330 5358
f 2330 5355 5358
f 1497 1471 5359
f 3943 1497 5359
f 5657 5360 2797
f 2797 5360 905
f 2341 515 5361
f 515 789 5361
f 4209 5362 935
f 4582 935 5362
f 2904 1616 5363
f 2904 5363 1310
f 5834 5364 5429
f 5364 6049 2871
f 5376 5350 1752
f 1432 5350 5376
f 5366 3262 5437
f 5366 4685 3262
f 451 2589 5367
f 5367 5363 451
f 5368 1876 3196
f 3366 5368 3196
f 3609 5369 2023
f 2615 5369 3609
f 1833 1255 5370
f 1833 5370 4152
f 3278 5371 2010
f 5371 3541 2010
f 5372 2553 3775
f 4251 2553 5372
f 5376 5116 5373
f 5373 2479 5365
f 5374 549 3978
f 5374 5897 549
f 5357 1178 5375
f 5375 1178 3394
f 5373 5365 5376
f 1432 5376 5365
f 5377 1232 3514
f 5377 3514 5715
f 2190 3858 5378
f 2190 5378 2731
f 1623 2260 5379
f 4057 5379 2260
f 3212 3987 5380
f 3987 1852 5380
f 5381 3235 3239
f 5381 4576 3235
f 5382 2341 5361
f 5382 4473 2341
f 4461 1411 5383
f 2298 4461 5383
f 2959 4000 5384
f 2959 5384 3032
f 5215 4520 5385
f 5385 4520 6014
f 5594 4061 5386
f 5594 5386 5599
f 5387 2424 4056
f 5387 4056 4298
f 2195 5388 3640
f 5388 2191 3640
f 5389 2841 1644
f 5389 5720 2841
f 4416 769 5390
f 5390 769 4233
f 956 4288 5391
f 5391 1966 956
f 5392 1220 3324
f 5392 4306 1220
f 4321 5393 5819
f 1517 5393 1564
f 5394 956 1966
f 5394 4382 956
f 3176 1944 5395
f 3176 5395 3535
f 4135 5905 5396
f 5396 6046 4135
f 5397 2910 659
f 4326 2910 5397
f 1125 5398 5402
f 3776 5402 5398
f 858 2171 5399
f 4838 858 5399
f 3426 1165 5400
f 1165 2671 5400
f 5401 2996 4134
f 5458 3317 2996
f 1125 5402 587
f 5402 4847 587
f 5403 997 3184
f 5403 654 5407
f 4772 5404 781
f 744 781 5404
f 3313 2896 5405
f 2896 5439 5405
f 5406 4465 437
f 5406 2544 4465
f 4062 997 5407
f 5407 997 5403
f 1576 2644 5408
f 4553 1576 5408
f 2205 5409 4354
f 1144 5409 2205
f 4182 2864 5410
f 2864 4720 5410
f 5411 3397 3919
f 3397 5411 5076
f 5478 5412 1227
f 5412 2563 1351
f 551 2119 5413
f 2119 4351 5413
f 5414 701 4032
f 5405 701 5414
f 5415 504 1644
f 5415 4191 504
f 3843 2575 5416
f 5416 2575 1779
f 5417 2297 3318
f 5417 3318 1674
f 3718 5323 5418
f 3735 3718 5418
f 5419 3613 4543
f 383 3613 5419
f 700 5420 2956
f 700 3966 5420
f 5421 1961 4398
f 6099 1961 5421
f 3272 1793 5422
f 1793 5367 5422
f 2701 5457 5423
f 5423 5468 2701
f 5424 1421 375
f 5424 684 1421
f 5425 3361 801
f 2525 5425 801
f 5426 5421 4398
f 4398 2876 5426
f 5427 2709 2589
f 451 5427 2589
f 1457 3520 5428
f 3626 5428 3520
f 5429 2871 2640
f 5429 5364 2871
f 704 5430 3845
f 3845 5430 3630
f 42 2680 5431
f 217 42 5431
f 5432 5402 3776
f 3776 3809 5432
f 4002 1492 5433
f 5521 5515 1492
f 2791 5434 5478
f 2563 5536 1107
f 5462 3733 5455
f 5462 2064 3733
f 2493 5436 1211
f 5490 5436 2493
f 906 5437 4110
f 400 5437 906
f 5966 4835 3161
f 582 5966 3161
f 701 5405 5439
f 973 701 5439
f 5440 2114 2096
f 5440 2096 528
f 1991 5441 1200
f 907 5441 1991
f 4039 5442 2026
f 4039 2598 5442
f 1056 5443 378
f 1056 2672 5443
f 2672 1056 5444
f 378 5444 1056
f 5445 4630 681
f 681 594 5445
f 5446 3742 4913
f 3742 5446 2420
f 4563 5447 3088
f 3088 5447 5413
f 6149 3193 5448
f 5448 3193 1291
f 1216 5449 3510
f 5345 5449 1216
f 5574 5450 827
f 5450 5444 827
f 1237 5451 3440
f 5485 5451 1237
f 5452 1454 5479
f 5452 2349 1454
f 5453 3625 4703
f 4703 1172 5453
f 3411 5461 5454
f 3013 5454 1348
f 5455 3123 5435
f 5455 3409 3123
f 3497 5456 4400
f 3497 5620 5456
f 3330 5457 2110
f 3330 5423 5457
f 5401 5458 2996
f 4763 5458 5401
f 5459 5479 4136
f 5479 5459 5452
f 5460 1197 2590
f 4531 1197 5460
f 1348 5461 2945
f 5454 5461 1348
f 5435 2803 5462
f 5462 5455 5435
f 542 5463 4316
f 4316 5463 2387
f 5464 2602 2784
f 2602 5464 5395
f 5465 3311 2424
f 5475 394 3311
f 634 5472 5466
f 5466 5426 634
f 3034 5467 2866
f 3034 2650 5467
f 2658 5468 1834
f 5468 4530 1834
f 2635 5469 1240
f 5469 2770 1240
f 1101 5470 2161
f 5470 3107 2161
f 5471 5482 909
f 5471 5440 5482
f 5472 634 4400
f 4400 5456 5472
f 3191 3914 5473
f 3326 5473 3914
f 5474 4384 4404
f 5474 4404 3304
f 2427 5475 5465
f 5465 5475 3311
f 5456 5476 5472
f 5466 5472 5476
f 1454 3439 5477
f 3439 4136 5477
f 5412 5478 2563
f 5478 5536 2563
f 5479 5477 4136
f 5479 1454 5477
f 1680 5480 2155
f 5484 4822 5494
f 5321 1819 5481
f 5481 1819 1420
f 5482 5440 593
f 909 5482 593
f 5483 5616 930
f 4675 5483 930
f 5484 5494 1680
f 1680 5813 5484
f 2223 2134 5485
f 2223 5485 356
f 3852 5486 1453
f 5486 2856 1453
f 4897 5487 2066
f 5487 395 2066
f 5488 1942 1956
f 5488 2928 1942
f 5489 5159 1226
f 5489 1226 4654
f 5490 2128 5931
f 2128 5490 3273
f 5491 564 1911
f 5578 564 5491
f 4559 5492 972
f 6109 1054 972
f 940 5493 2636
f 4341 5493 940
f 5480 5494 4799
f 1680 5494 5480
f 5495 3991 2677
f 4068 3991 5495
f 5496 1592 4622
f 3740 1592 5496
f 4597 5497 1312
f 5053 1312 5497
f 1452 5498 2636
f 940 2636 5498
f 4505 2025 5499
f 2025 4577 5499
f 1976 1957 5500
f 5500 1957 4858
f 3264 5501 3
f 3 5501 3937
f 3264 3 5502
f 3937 5502 3
f 767 1900 5503
f 6030 767 5503
f 5504 4629 1607
f 5504 1607 4560
f 4886 4890 5505
f 445 4886 5505
f 1398 6038 5506
f 5506 3661 1398
f 5507 575 3826
f 5507 3213 575
f 4314 5508 1810
f 1685 5508 4314
f 2449 5509 4707
f 3522 4707 5509
f 3259 5510 1829
f 5413 5510 3259
f 3757 5511 1370
f 1941 5511 3757
f 1707 5512 2193
f 3871 2193 5512
f 371 5513 1060
f 5870 4982 5513
f 399 3354 5514
f 399 5514 5533
f 5515 4582 5433
f 1492 5515 5433
f 5516 5211 3844
f 5516 3844 3388
f 2408 4973 5517
f 2408 5517 1315
f 3385 2824 5518
f 2824 5935 5518
f 5519 1107 5536
f 5519 4359 1107
f 344 5520 2503
f 5520 2736 2503
f 5521 4422 5515
f 2535 4422 5521
f 3423 5986 1725
f 1725 5986 1709
f 5523 3252 1618
f 3252 5523 2486
f 5524 4671 2689
f 753 5524 2689
f 2906 3020 5525
f 349 2906 5525
f 5526 1535 4002
f 5526 2535 1535
f 5527 3885 5359
f 1375 3885 5527
f 5528 2314 4896
f 6096 2314 5528
f 2990 1822 5529
f 5529 1822 1076
f 5530 1134 3486
f 5530 3486 4963
f 5531 4674 3790
f 4682 5531 3790
f 4865 396 5532
f 1622 5532 396
f 5914 5538 5514
f 812 5538 5914
f 3967 1862 5534
f 5534 5206 5592
f 2491 5535 921
f 921 5535 2247
f 5478 5434 5536
f 5434 5519 5536
f 5537 1940 1327
f 3925 5537 1327
f 5538 5533 5514
f 5538 4067 5533
f 5539 1254 533
f 5535 1254 5539
f 2324 859 5540
f 2324 5540 2045
f 5541 4776 4510
f 4776 5541 3116
f 2236 5542 1669
f 2236 641 5542
f 1744 1044 5905
f 5114 5905 1044
f 2342 5544 3031
f 5544 2342 3731
f 4113 5545 495
f 5545 4113 3958
f 1271 5546 5341
f 1888 5546 1271
f 5547 363 2937
f 5547 2937 5223
f 4263 1378 5548
f 4263 5548 5550
f 748 1879 5549
f 1879 1992 5549
f 562 4263 5550
f 3289 562 5550
f 3119 479 5551
f 2886 3119 5551
f 3798 5552 4731
f 623 5552 3798
f 1384 3271 5553
f 2432 5553 3271
f 1822 2990 5554
f 3054 5554 2990
f 4481 2571 5555
f 2691 5555 2571
f 3873 5556 1683
f 5556 1499 1683
f 5531 5557 6067
f 5531 4682 5557
f 5558 1560 4572
f 5558 3898 1560
f 2743 1255 5559
f 2743 5559 2728
f 5560 2825 5075
f 1045 2825 5560
f 1689 5561 1672
f 3948 1672 5561
f 1669 2647 5562
f 5562 2647 4311
f 2615 5563 3642
f 3609 5563 2615
f 1393 5106 5564
f 1393 5564 4118
f 3786 5565 2566
f 5565 2489 2566
f 884 930 5566
f 5566 4487 884
f 5567 1769 2777
f 5567 5561 1769
f 5618 5568 2665
f 5568 5618 2124
f 5569 1539 2043
f 1698 1539 5569
f 911 5570 2116
f 911 1401 5570
f 4494 5571 1969
f 5571 4494 2488
f 5572 718 6071
f 2736 718 5572
f 5577 4644 5573
f 5573 4644 3763
f 2672 5574 4370
f 827 4370 5574
f 5575 5591 1728
f 2082 5575 1728
f 2800 5576 1543
f 5576 5471 1543
f 5577 5573 4443
f 5577 4443 1493
f 3290 564 5578
f 6134 3290 5578
f 822 5579 3503
f 1921 3503 5579
f 4218 5580 4208
f 4208 5580 4742
f 3809 5581 1053
f 6099 1053 5581
f 5585 4501 5582
f 5585 5582 3760
f 3990 5583 881
f 5583 1011 881
f 4189 1244 5584
f 1244 1028 5584
f 5585 2063 4501
f 5585 3760 2063
f 5586 2643 4870
f 5586 4870 2639
f 2212 5587 674
f 4014 5587 2212
f 4320 4266 5588
f 5588 4266 5484
f 2949 5589 792
f 792 5589 1459
f 1600 695 5590
f 2046 5590 695
f 544 5591 2036
f 5659 2036 5591
f 5592 3967 5534
f 4974 3967 5592
f 5593 544 5983
f 5591 544 5593
f 5599 3888 5594
f 3888 4875 5594
f 3260 2467 5595
f 3260 5595 1326
f 5535 5539 5596
f 5596 5539 730
f 4021 5597 3989
f 5597 4021 754
f 1925 4325 5598
f 6000 1925 5598
f 3888 5599 1910
f 1910 5599 5414
f 5600 3465 5043
f 5600 5719 3465
f 5601 2404 1424
f 3662 2404 5601
f 5602 4376 2999
f 2999 777 5602
f 5603 2327 5171
f 3731 5603 5171
f 5604 457 2182
f 5621 1522 457
f 5605 1213 472
f 3839 1213 5605
f 1587 5606 2364
f 5606 5623 1582
f 4396 877 5607
f 2338 5624 877
f 5608 1035 1461
f 5608 1461 3227
f 5609 1677 1010
f 1677 5609 5615
f 5610 402 4063
f 4649 402 5610
f 5611 5613 1689
f 1672 5611 1689
f 1548 5612 4995
f 2151 5650 1548
f 5611 834 5613
f 5628 5613 834
f 962 5569 5614
f 5428 962 5614
f 500 5615 3327
f 5615 5609 3327
f 5623 5606 1587
f 5623 1587 5312
f 5978 5692 5617
f 2331 5617 1691
f 5618 4718 661
f 5618 661 1032
f 2040 5619 3804
f 5619 5570 3804
f 5142 5620 1395
f 3497 1395 5620
f 5621 457 5604
f 5621 5604 1299
f 5674 5622 3697
f 4771 3697 5622
f 2832 5623 5616
f 5616 5623 5312
f 5624 5607 877
f 4195 5607 5624
f 2577 5625 2277
f 2496 5625 2577
f 5626 4778 2829
f 4778 5626 2772
f 5627 631 1299
f 1299 2380 5627
f 1186 5628 5225
f 5628 834 5225
f 5629 5226 927
f 3922 5629 927
f 4585 5630 4648
f 5632 4648 5630
f 1585 3349 5631
f 4861 5631 3349
f 5632 934 4568
f 5632 5630 934
f 4005 5633 3596
f 5633 4005 5631
f 3726 5634 1491
f 5634 3726 5257
f 5635 546 5602
f 5637 5221 546
f 5636 986 5950
f 5636 3255 986
f 5635 3581 5637
f 5635 5637 546
f 5638 4333 1769
f 5638 1689 5651
f 2481 5639 1043
f 1043 5680 2078
f 4056 2424 5640
f 5640 2424 3311
f 5641 3244 2466
f 4254 5641 2466
f 5642 3581 5635
f 5642 2490 3581
f 5643 1168 4458
f 5643 3904 1168
f 5501 1718 5644
f 5644 1718 3457
f 5645 648 4933
f 4933 2980 5645
f 5646 1400 3878
f 3596 1400 5646
f 4514 5647 5327
f 5647 5351 5327
f 5648 4192 2350
f 5344 5648 2350
f 5649 1139 4250
f 1538 1139 5649
f 5650 5586 5612
f 1548 5650 5612
f 5230 4333 5651
f 5638 5651 4333
f 2685 5652 1018
f 388 5652 2685
f 1164 4386 5653
f 4386 1563 5653
f 854 3723 5654
f 1641 5654 3723
f 5655 3588 5695
f 5655 1693 3588
f 2685 1018 5656
f 2685 5656 3639
f 5657 5729 5706
f 5657 4395 5729
f 5658 1258 3347
f 5658 3347 635
f 3701 2502 5659
f 5659 1588 3701
f 5649 4250 5660
f 4250 354 5660
f 5661 3499 4317
f 4317 4635 5661
f 5577 5662 4646
f 4646 5662 418
f 1282 5663 4752
f 5663 1086 4752
f 5466 5476 5664
f 4847 5466 5664
f 3277 5665 3975
f 3975 5665 1534
f 1774 1667 5666
f 5666 1667 3818
f 1601 1020 5667
f 1601 5667 5162
f 1803 1915 5668
f 1915 6042 5668
f 5669 3580 1239
f 3580 5669 3696
f 4619 5670 1148
f 5245 5670 4619
f 5671 1409 5676
f 1055 5671 605
f 896 1872 5672
f 5672 2212 896
f 5673 1108 2642
f 5673 4456 1108
f 1463 5674 5679
f 2746 5674 1463
f 5675 5803 3975
f 5675 3975 1534
f 2640 605 5676
f 605 5671 5676
f 5735 5677 966
f 2166 5677 4566
f 1811 5678 421
f 5794 1811 4761
f 2024 1463 5679
f 2024 5679 702
f 4508 5680 5639
f 1043 5639 5680
f 5806 5681 1033
f 1033 5681 2573
f 5682 4186 1210
f 5682 1143 4186
f 3775 4133 5683
f 5698 5683 5552
f 5684 1654 1670
f 1670 683 5684
f 3775 5685 5372
f 5685 3775 5683
f 5686 5711 582
f 5686 582 1393
f 2434 5687 1765
f 5687 2434 1014
f 3329 5688 2182
f 2182 5688 2059
f 5722 842 5689
f 842 1202 5689
f 5182 1981 5690
f 4265 5690 1981
f 3710 666 5691
f 666 4672 5691
f 1691 5692 4103
f 5617 5692 1691
f 4193 1446 5693
f 4193 5693 4564
f 1530 5694 3563
f 3572 3563 5694
f 5794 3588 5678
f 1811 5794 5678
f 5696 2910 4326
f 2072 5696 4326
f 1639 5697 2799
f 639 5697 1639
f 5685 5683 5698
f 623 5685 5698
f 1171 5624 5699
f 4026 1171 5699
f 3216 1181 5700
f 3903 6033 5707
f 1989 6110 5701
f 2711 1989 5701
f 5702 4330 2225
f 4330 5702 5356
f 5703 926 6122
f 1004 926 5703
f 4098 5704 2397
f 5704 2537 2397
f 5705 2089 1277
f 5705 489 2089
f 3209 5706 5729
f 1478 5706 3209
f 5707 5700 1181
f 5707 1181 3381
f 902 5708 2670
f 2670 5708 3935
f 2327 5709 3341
f 5709 1659 3341
f 447 5710 2512
f 2186 5710 5798
f 582 5711 3545
f 3545 5711 1479
f 5712 4084 2857
f 199 4084 5712
f 5713 3432 2258
f 5713 2258 3082
f 3326 1093 5714
f 3325 3326 5714
f 5715 4423 5377
f 2564 4423 5715
f 1203 6074 719
f 6074 1203 6055
f 5717 2228 4689
f 5717 5446 2228
f 5718 3212 1724
f 5718 3987 3212
f 5719 1135 853
f 4310 5719 853
f 5720 5389 664
f 5497 5720 664
f 981 3010 5721
f 3010 1590 5721
f 5722 4392 842
f 5722 4281 4392
f 688 2437 5723
f 688 5723 2453
f 3261 686 5748
f 3607 5748 686
f 2923 2137 5725
f 3557 2923 5751
f 3688 3433 5726
f 3433 870 5726
f 2536 5183 5727
f 5727 2187 2536
f 5728 3377 840
f 5728 840 2202
f 3257 5729 4395
f 3209 5729 3257
f 2900 5178 5730
f 5178 3053 5730
f 5731 3593 1406
f 3593 5731 439
f 2167 5732 4243
f 5732 4781 4243
f 5733 1999 3261
f 5748 5733 3261
f 1435 3853 5734
f 5734 3853 1010
f 2785 4566 5735
f 5677 5735 4566
f 456 5736 2465
f 2712 5736 456
f 5690 5737 2642
f 5690 4265 5737
f 5738 689 2080
f 689 5738 4958
f 5739 1265 3601
f 851 5739 3601
f 445 5740 4884
f 4884 5740 1283
f 5741 4984 4147
f 4147 5738 5760
f 5036 5742 2782
f 149 5742 5036
f 2919 5743 4425
f 2919 856 5743
f 5744 1712 3997
f 360 5744 3997
f 2369 825 5745
f 2369 5745 5648
f 2366 1482 5746
f 5767 1482 3765
f 5747 2769 1282
f 5747 4396 2769
f 5733 5748 5724
f 5748 4089 5724
f 5749 3574 3373
f 1561 5749 3373
f 588 5750 1120
f 5750 3140 1120
f 2923 5725 5751
f 5751 5725 5015
f 5192 3000 5752
f 5192 5752 5225
f 389 3498 5753
f 3498 4413 5753
f 3009 5754 2665
f 5754 5618 2665
f 5755 2680 4369
f 5755 5431 2680
f 3099 5756 2271
f 2560 5756 3099
f 5024 5757 2521
f 2521 5757 3466
f 1303 4753 5758
f 1303 5758 2870
f 5759 3400 4082
f 3400 5759 2776
f 5760 5738 5776
f 5741 4147 5760
f 2972 6034 5761
f 2972 5761 2256
f 3790 4674 5762
f 5762 4674 2242
f 2029 5763 782
f 5763 2029 5766
f 5764 3473 1225
f 3473 5764 3475
f 5765 983 1191
f 5922 5765 1191
f 2029 3363 5766
f 2011 5766 3363
f 5767 2111 5746
f 5767 5746 1482
f 2900 5768 2942
f 5768 1626 2942
f 4837 5769 1287
f 1287 5769 3592
f 670 5770 2504
f 670 945 5770
f 4555 4610 5771
f 5771 4610 665
f 2381 5772 3538
f 2381 417 5772
f 4637 720 5773
f 720 3067 5773
f 5774 694 1466
f 5774 1466 2977
f 2357 5775 2633
f 2633 5775 1465
f 5776 5741 5760
f 2468 5741 5776
f 5777 3075 4902
f 5777 4902 5595
f 5778 1479 3778
f 529 5778 3778
f 2265 5779 1405
f 1405 5779 3003
f 5735 5780 4353
f 5780 3071 4353
f 5781 1001 534
f 2125 5781 534
f 5782 1791 1356
f 5809 5782 5844
f 1979 4262 5783
f 4262 2519 5783
f 5784 2456 2329
f 2456 5784 2302
f 1685 5785 5508
f 5785 1685 5656
f 2780 3217 5786
f 2780 5786 3858
f 5723 5787 2471
f 2471 5787 1183
f 650 3661 5788
f 3661 3986 5788
f 5789 424 3880
f 5789 946 424
f 5790 917 3018
f 3018 3354 5790
f 5968 2127 5791
f 3833 5791 2127
f 1892 5761 5792
f 3515 1892 5792
f 2737 5793 3294
f 4927 5793 2737
f 5794 5695 3588
f 5695 5794 4761
f 2008 5795 3072
f 3072 5795 5859
f 5796 2593 991
f 1646 2593 5796
f 5797 4572 3791
f 1185 5797 3791
f 5198 5798 447
f 5798 5710 447
f 1339 3277 5799
f 5803 3277 3975
f 4156 5800 1863
f 4156 4514 5800
f 5801 4426 6072
f 2823 5801 1051
f 1169 746 5802
f 5319 1169 5802
f 5897 5799 5803
f 5803 5799 3277
f 1533 5807 5804
f 3540 5804 5807
f 1580 3602 5805
f 1580 5805 5821
f 2155 2261 5806
f 2155 5806 1033
f 3540 5807 2859
f 5807 4344 2859
f 5808 1417 2219
f 4618 5808 2219
f 1791 5782 5809
f 1031 1791 5809
f 5810 5681 5806
f 3454 5681 5810
f 416 3340 5811
f 4303 416 5811
f 3932 4203 5812
f 4203 3345 5812
f 1447 5813 3748
f 2573 3748 5813
f 5814 3805 442
f 5814 442 2445
f 1243 5528 5815
f 2729 1243 5815
f 705 5816 3081
f 5777 3081 5816
f 5817 2907 1658
f 2150 5817 1658
f 5818 2761 1219
f 5818 1219 5872
f 4988 5819 1517
f 5819 5393 1517
f 1809 5820 5842
f 5820 795 5842
f 2528 5821 1391
f 1580 5821 2528
f 3490 5822 5218
f 5822 359 5218
f 4794 5823 4788
f 5823 1408 4788
f 1931 1841 5824
f 5824 1841 5809
f 6006 4081 1114
f 6006 1114 4839
f 5781 5826 2034
f 5826 2598 2034
f 1110 755 5827
f 3979 1110 5827
f 5828 2854 4029
f 696 2854 5828
f 1100 5829 2951
f 2263 5829 1100
f 3043 1150 5830
f 1692 3043 5830
f 2086 5831 1133
f 2086 3064 5831
f 2086 2480 5832
f 5832 3064 2086
f 2412 4845 5833
f 704 2412 5833
f 5834 5429 1551
f 5834 1551 3250
f 939 5835 1955
f 3621 1955 5835
f 1417 5808 5836
f 405 1417 5836
f 5865 4270 5837
f 5837 2574 873
f 4221 5838 2716
f 5838 5875 2716
f 5839 5945 1050
f 5839 1050 1069
f 5840 2918 1721
f 5840 1721 2716
f 5841 4081 6006
f 5841 5787 4081
f 5842 624 565
f 795 624 5842
f 2950 5843 4561
f 5843 2950 460
f 404 5844 6003
f 404 5809 5844
f 2287 5845 759
f 5866 3462 5845
f 5846 2600 3553
f 3553 3561 5846
f 1075 2866 5847
f 2866 4381 5847
f 424 946 5848
f 2739 5848 946
f 690 5849 3165
f 3165 5849 4063
f 5850 5050 2016
f 2016 1214 5850
f 3565 3195 5851
f 3195 5332 5851
f 5852 960 5876
f 5852 5876 2912
f 2282 5853 4721
f 5853 2282 1389
f 5854 5305 2348
f 2348 5699 5854
f 5855 1986 4671
f 5855 3065 1986
f 1389 595 5856
f 3273 5856 595
f 5857 2311 5336
f 2311 5857 3100
f 1228 5858 5952
f 5858 1228 4712
f 5795 2222 5859
f 2227 5859 2222
f 5860 3938 1891
f 1104 3938 5860
f 5861 1418 431
f 2342 1418 5861
f 5862 543 3841
f 5862 3988 543
f 5219 1939 5863
f 1939 4320 5863
f 5864 1608 5861
f 5864 2359 1608
f 5837 873 5865
f 2933 5865 873
f 854 5866 2287
f 2287 5866 5845
f 5011 5867 3743
f 1526 3743 5867
f 5303 562 5868
f 5303 5868 1497
f 988 5869 1722
f 1722 5869 5866
f 371 5870 5513
f 2049 5870 371
f 5871 3781 1147
f 1147 5143 5871
f 920 1660 5872
f 5872 1219 920
f 1058 529 5873
f 5873 529 3778
f 1598 5874 3437
f 5757 3437 5874
f 5875 2918 5840
f 5875 5840 2716
f 960 2426 5876
f 2912 5876 2426
f 419 1088 5877
f 419 5877 5044
f 5795 5878 2363
f 2363 5878 2781
f 2333 5879 876
f 876 5879 3186
f 5880 764 3450
f 764 5880 1559
f 3656 5788 5881
f 3656 5881 4533
f 1799 5882 1386
f 4750 1386 5882
f 5883 1016 3480
f 1264 5883 3480
f 2592 3893 5884
f 2592 5884 5325
f 5900 5885 2625
f 5885 5860 2625
f 5099 790 5886
f 790 512 5886
f 365 5887 4088
f 4088 5887 3487
f 5888 1781 5904
f 5888 3843 1781
f 2776 5759 5889
f 2776 5889 694
f 5890 3559 2543
f 467 5890 2543
f 4405 5891 2226
f 2178 5891 4405
f 2392 5892 2394
f 2394 5892 816
f 2505 2444 5893
f 1392 5893 2444
f 2278 5799 5894
f 5894 2106 2278
f 567 5895 5318
f 567 1686 5895
f 5896 1696 2778
f 2778 2992 5896
f 5897 5894 5799
f 5374 5894 5897
f 4704 2738 5898
f 4704 5898 3676
f 5899 542 3121
f 5899 3121 3705
f 4324 4290 5900
f 5900 4290 2961
f 1839 5901 414
f 414 5901 3435
f 5902 1480 5934
f 5902 5934 5887
f 5816 5903 3075
f 3075 5903 4282
f 5904 3662 430
f 5904 1781 3662
f 2442 5543 5905
f 5905 5543 1744
f 2725 5906 3617
f 1546 5906 2725
f 5907 503 4601
f 659 503 5907
f 5908 828 3582
f 828 5908 1782
f 5909 4798 2065
f 2065 3204 5909
f 687 5910 2949
f 687 1342 5910
f 1058 5873 5911
f 360 1058 5911
f 2631 2992 5912
f 2778 5912 2992
f 963 2346 5913
f 5913 2346 3846
f 5914 2617 2411
f 5514 2617 5914
f 3164 2070 5915
f 5915 2070 4874
f 888 5916 2612
f 888 1878 5916
f 1815 4724 5917
f 1815 5917 1464
f 892 5918 745
f 745 5918 4558
f 4466 584 5919
f 4466 5919 1137
f 5920 3089 1945
f 1945 1901 5920
f 2892 3732 5921
f 5921 3732 1436
f 3644 5922 2472
f 5922 3644 5765
f 5923 3388 4840
f 1707 5923 4840
f 4496 2312 5924
f 4496 5924 437
f 2056 691 5925
f 691 880 5925
f 3296 3806 5926
f 5926 2645 3296
f 3058 5927 1657
f 5927 4728 1657
f 5767 5928 2111
f 1079 2111 5928
f 5929 3058 4882
f 2741 5929 4882
f 2766 5930 925
f 2766 4191 5930
f 5490 5931 5436
f 5436 5931 1211
f 5754 5932 4445
f 5932 747 4445
f 932 5933 1066
f 1066 5933 6045
f 5887 5934 2044
f 5934 1480 2044
f 2817 5935 626
f 5935 2817 4705
f 672 5936 5283
f 672 1682 5936
f 2479 5937 3319
f 5937 2479 3831
f 5513 2262 5938
f 5938 2262 4149
f 5939 481 5511
f 2867 481 5939
f 4379 2304 5940
f 537 4379 5940
f 2878 2567 5941
f 5064 5941 2567
f 3978 1534 5942
f 3978 5942 3539
f 5943 1195 3082
f 5943 3082 818
f 4975 5969 5944
f 5944 721 4975
f 5945 568 1050
f 568 5945 3815
f 5946 1797 1312
f 5946 5057 1797
f 5947 4996 3207
f 4977 4996 5947
f 5948 3002 1002
f 3744 3002 5948
f 5949 1632 4559
f 4559 5385 6014
f 5950 986 4304
f 5950 4304 723
f 5543 5951 1744
f 5543 2442 5951
f 1228 5952 391
f 391 5952 2250
f 5953 932 6002
f 4774 5953 2452
f 2452 5954 1770
f 2452 5953 5954
f 5955 2430 4482
f 4542 2430 5955
f 5956 3102 4676
f 1404 5956 4676
f 5312 5957 4487
f 5312 3012 5957
f 5958 4228 1913
f 5958 1913 1158
f 3832 4371 5959
f 3832 5959 607
f 5960 5786 588
f 5960 588 5217
f 5961 4940 4827
f 2631 5961 4827
f 5276 5962 5256
f 5962 6129 5256
f 5963 5867 2038
f 2038 2901 5963
f 5969 5964 5944
f 1907 3507 5964
f 6080 997 5965
f 5965 1455 6080
f 3189 5966 5438
f 5966 582 5438
f 3295 3297 5967
f 5967 3297 4286
f 1274 3525 5968
f 5968 2305 1274
f 5969 1907 5964
f 4975 1907 5969
f 3993 5970 1570
f 1666 5970 3993
f 5971 1426 4125
f 1426 5971 4279
f 4528 5974 5972
f 977 4528 5972
f 5973 5271 950
f 5271 5973 3651
f 5974 3141 4215
f 5972 5974 4215
f 4407 6011 5975
f 4023 4407 5975
f 1706 5976 3648
f 5976 3752 3648
f 2952 5977 1675
f 5977 2952 4800
f 4206 2087 5978
f 5978 2087 3172
f 4702 3059 5979
f 4209 5979 3059
f 3151 5980 901
f 5980 3151 455
f 1516 5981 355
f 2948 355 5981
f 1796 5982 3083
f 5982 5773 3083
f 3665 5983 3531
f 544 3531 5983
f 5995 3319 5937
f 3237 3319 5995
f 1407 1207 5985
f 3431 5985 1207
f 5986 5522 5050
f 5986 3423 5522
f 1683 2695 5987
f 5987 2695 1733
f 3091 2958 5988
f 5988 2958 6008
f 1812 5103 5989
f 643 1812 5989
f 5990 3098 4449
f 5990 2179 3098
f 5991 2347 1306
f 5991 5973 2347
f 5992 2249 4727
f 4727 527 6010
f 2226 2702 5993
f 5993 2702 1617
f 5994 5997 1710
f 4838 5994 1710
f 5995 5937 5984
f 3322 5995 5984
f 3680 5996 1527
f 1411 1527 5996
f 4668 1415 5997
f 5997 5994 4668
f 2821 5998 994
f 4164 994 5998
f 5999 4336 4755
f 5999 2726 4336
f 5223 2464 6000
f 2464 1925 6000
f 6001 1247 3960
f 6001 5999 1247
f 5954 5953 6002
f 5954 6002 1770
f 3180 6003 5154
f 6003 3180 404
f 6004 2620 1095
f 6025 4141 6004
f 5947 1153 6005
f 4637 6005 1153
f 1519 5825 6006
f 5825 5841 6006
f 5816 6007 1396
f 4620 1396 6007
f 5988 6008 2479
f 3831 2479 6008
f 3450 6009 3969
f 6009 5991 3969
f 3411 5992 6010
f 6010 5992 4727
f 6011 459 3599
f 459 6011 4407
f 2270 6012 1331
f 2270 3491 6012
f 3307 1929 6013
f 6065 581 6013
f 5949 6014 1285
f 5949 4559 6014
f 6015 708 3911
f 1719 708 6015
f 6016 809 2481
f 1515 809 6016
f 6017 3042 1747
f 1228 3042 6017
f 5253 6018 1603
f 5305 1603 6018
f 1664 2126 6019
f 6020 785 6019
f 2126 6020 6019
f 2126 2796 6020
f 2546 6021 3404
f 3404 6021 5392
f 6022 4673 4281
f 4039 4673 6022
f 6023 3253 4245
f 6023 4245 2789
f 2017 3760 6024
f 5582 6024 3760
f 1095 2463 6025
f 6025 6004 1095
f 6026 2968 6078
f 3065 6026 4150
f 803 2264 6027
f 6027 2264 3916
f 2050 6028 367
f 3472 6030 6028
f 6029 4550 1351
f 6029 1351 878
f 6028 6030 367
f 1648 367 6030
f 513 6031 5142
f 513 2200 6031
f 997 6032 3184
f 6032 3431 3184
f 5707 6033 5700
f 4501 5700 6033
f 6034 1929 3504
f 6013 1929 6065
f 6035 5090 985
f 6035 985 2321
f 6036 1895 836
f 6036 5499 1895
f 1288 6075 6037
f 1288 6037 4388
f 1922 6038 1398
f 1011 6038 1922
f 6039 5389 6075
f 6075 1763 6039
f 649 2714 6040
f 6040 5546 649
f 6072 6023 6041
f 2789 1051 6041
f 6042 2445 5668
f 6042 5942 2445
f 2303 3982 6043
f 2303 6043 2280
f 1496 6044 2935
f 1506 2935 6044
f 2229 6045 2638
f 1066 6045 2229
f 2744 4135 6046
f 2741 2744 6046
f 4294 6047 1997
f 5541 6047 4294
f 4016 6048 3346
f 4016 2100 6048
f 5364 667 6049
f 667 1055 6049
f 1449 3750 6050
f 1449 6050 4601
f 6051 2885 1115
f 6051 2838 2885
f 367 1648 6052
f 6052 1648 5333
f 1916 4101 6053
f 879 6053 4101
f 6054 1627 6059
f 1706 1627 6054
f 2634 6055 1203
f 2634 2171 6055
f 4250 6056 354
f 354 6056 4499
f 6057 3608 2917
f 1194 6057 2917
f 5532 1000 6058
f 2605 6058 6060
f 6054 6059 3698
f 3698 6059 407
f 4818 6060 1000
f 6058 1000 6060
f 1433 6061 6032
f 1433 997 6080
f 1723 4072 6062
f 4072 3125 6062
f 650 6063 3661
f 6063 650 1593
f 5125 6064 513
f 6064 2305 513
f 6065 1929 6034
f 2972 6065 6034
f 5548 2568 6066
f 2568 829 6066
f 6067 3057 2242
f 4674 6067 2242
f 3727 6068 510
f 6068 3727 1321
f 5284 4902 6069
f 5284 6069 2022
f 1460 6070 3494
f 462 3494 6102
f 718 1358 6071
f 6071 1358 5141
f 1051 5801 6072
f 1051 6072 6041
f 6073 1528 1916
f 1916 6053 6073
f 5716 6074 6055
f 6074 5716 3299
f 6075 2307 6037
f 6075 5389 2307
f 3779 6076 1647
f 3738 6103 3779
f 2805 1133 6077
f 1133 4027 6077
f 4150 6078 2213
f 4150 6026 6078
f 4072 1723 6079
f 6079 1723 4551
f 6080 6061 1433
f 6080 4939 6061
f 1019 6081 1694
f 1019 353 6081
f 1890 6082 2008
f 1871 6082 1890
f 952 6083 4177
f 3124 4177 6083
f 1537 815 6084
f 6084 815 2788
f 4693 6085 1775
f 1775 6085 6083
f 3857 6086 385
f 3857 1633 6086
f 6087 485 6090
f 485 6087 3239
f 1616 6088 2459
f 1616 4769 6088
f 3780 6089 4426
f 6072 4426 6089
f 2508 6090 4733
f 6090 1902 4733
f 690 6091 1549
f 6091 3824 1549
f 6097 3221 1404
f 3784 3221 6097
f 1581 6087 6093
f 6093 6087 6090
f 2958 6094 6008
f 3091 6121 2958
f 3004 6095 1778
f 6095 1374 1778
f 2314 6096 6123
f 6096 2703 2309
f 6092 6097 1404
f 6092 3784 6097
f 1406 5814 6098
f 5731 1406 6098
f 2233 6099 1054
f 2525 6099 2233
f 6100 3470 4032
f 6100 4032 3037
f 3380 1661 6101
f 1661 1590 6101
f 6070 2908 6102
f 6102 3494 6070
f 3779 6103 6076
f 6103 617 6076
f 5133 3676 6104
f 1436 5133 6104
f 3398 2733 6105
f 6105 4905 3398
f 397 5530 6106
f 2969 6106 5530
f 4302 6107 3357
f 6107 3150 3357
f 1189 6108 5024
f 6108 1189 4608
f 2594 6109 5492
f 6109 972 5492
f 2351 6110 6117
f 5307 6110 2351
f 6111 5132 791
f 2165 6111 791
f 3664 6112 6116
f 6112 5646 656
f 1798 6113 3862
f 6113 1798 4639
f 6120 3378 4830
f 3378 6120 1252
f 3808 758 6115
f 6115 758 3782
f 4124 6116 656
f 6116 6112 656
f 6117 1772 2351
f 6110 6131 6117
f 6118 2569 2679
f 4706 6118 2679
f 3440 850 6119
f 4037 6119 850
f 1643 6114 6120
f 6114 774 6120
f 6121 3831 6094
f 6121 6094 2958
f 5265 977 6122
f 6122 1052 5265
f 2309 6123 6096
f 1064 6123 2309
f 2175 6124 890
f 890 6124 2693
f 4857 6125 4595
f 6125 4857 2921
f 6126 4200 1717
f 5962 4200 6126
f 4527 4542 6127
f 2332 4527 6127
f 6128 3314 3001
f 3314 6128 5200
f 5256 6129 798
f 6129 6126 798
f 2169 6130 3405
f 3405 6130 1360
f 6131 1772 6117
f 1772 6131 4120
f 4655 1008 6132
f 4654 4655 6132
f 6133 5234 1227
f 6133 6137 2401
f 1246 6134 4583
f 703 6134 1246
f 1641 4343 6135
f 6135 4343 3158
f 6136 3103 2378
f 3103 6136 1245
f 6137 1227 5412
f 6137 6133 1227
f 4055 714 6138
f 714 2730 6138
f 1848 6139 3558
f 1848 4428 6139
f 1008 4403 6140
f 5060 1008 6140
f 6116 6141 3664
f 6141 5646 3664
f 5041 2705 6142
f 2705 1061 6142
f 2386 6143 5080
f 5080 6143 2293
f 6144 5899 498
f 498 1410 6144
f 1510 6145 4969
f 2837 4969 6145
f 4081 532 6146
f 6146 6149 3554
f 6147 4623 3836
f 6147 3836 399
f 6148 3867 5248
f 3867 6148 2516
f 532 1738 6149
f 6146 532 6149
f 1843 4837 6150
f 1408 1843 6150
f 3269 6151 2121
f 1728 6151 3269
f 1649 6152 4746
f 6152 1649 3734
f 6153 3421 3240
f 1267 3421 6153
f 1851 6154 3982
f 5399 6154 1851
f 2627 3721 6155
f 6155 6151 2627
f 2644 1636 6156
f 6156 5408 2644

 