# File produced by Open Asset Import Library (http://www.assimp.sf.net)
# (assimp v3.1.59755898)

mtllib maletin3.mtl

# vertex positions
v -76.836586 -58.200619 10.853735
v -67.402321 -58.186657 11.008344
v -67.399055 -3.093068 9.340672
v -76.829620 42.361397 7.812747
v -77.115791 42.340164 -0.091675
v -77.115791 -58.262966 1.944517
v -77.115791 42.340164 -3.524239
v -77.115791 -58.262966 -2.574422
v -76.777779 -61.508797 11.393802
v -77.115791 -61.969471 2.452139
v -77.115791 -61.758553 -2.574423
v -76.738144 -64.691582 10.448745
v -76.780205 -67.680130 3.558954
v -67.404510 -61.517097 11.520051
v -67.399986 -64.764282 10.531135
v -67.416779 -67.804527 3.584559
v -76.822899 -67.655228 -2.574423
v -67.416100 -67.802574 -2.574423
v -77.244377 43.024670 -14.790766
v -67.389732 42.966370 -14.888248
v -67.398270 -58.194695 -16.156986
v -76.838791 -58.207314 -16.000843
v -76.956657 -58.230995 -12.210766
v -77.189659 42.733421 -12.471433
v -77.115791 42.340164 -6.956802
v -77.115791 -58.262966 -7.093361
v -76.921608 -61.704811 -12.738025
v -76.777779 -61.508789 -16.542645
v -76.738144 -64.691582 -15.597589
v -76.756042 -65.963196 -12.666029
v -67.399681 -61.517105 -16.669134
v -67.397728 -64.764343 -15.680052
v -67.405388 -66.057938 -12.724303
v -67.415718 -67.804565 -8.733416
v -76.780205 -67.680122 -8.707802
v -77.235054 44.389561 -11.618834
v -67.408882 44.389561 -11.618834
v -67.408882 44.735443 -6.674093
v 70.303947 44.735443 -6.674093
v 70.303947 44.389561 -11.618834
v -67.408882 44.846279 -3.150669
v 70.303947 44.846279 -3.150669
v -67.408882 44.942024 0.517070
v -67.408882 44.289627 7.212457
v 70.303947 44.289627 7.212457
v 70.303947 44.942024 0.517070
v -67.408882 42.757999 8.527472
v 70.303947 42.757999 8.527472
v -67.408882 34.669819 9.122696
v -67.408882 21.337452 9.948534
v 70.303947 21.337452 9.948534
v 70.303947 34.669819 9.122696
v -67.408882 7.883614 10.774416
v 70.303947 7.883614 10.774416
v -66.366005 -4.474638 11.358438
v 69.261070 -4.474638 11.358438
v -76.066261 43.027946 -14.161237
v -67.408882 42.684055 -14.161237
v -67.408882 43.413494 -11.401356
v -76.087334 42.735298 -12.109763
v -67.408882 43.736671 -6.624635
v -77.235054 43.736664 -6.624637
v -67.408882 43.846695 -3.121708
v -77.235054 43.846695 -3.121710
v -67.408882 43.942467 0.487368
v -77.235054 43.942467 0.487366
v -67.408882 43.402897 6.750177
v -77.235054 43.402897 6.750176
v -67.408882 42.385666 7.599372
v -77.235054 42.385666 7.599370
v -67.408882 34.605209 8.124784
v -77.235054 34.605209 8.124783
v -67.408882 21.275900 8.950431
v -77.235054 21.275900 8.950429
v -67.408882 7.825964 9.776078
v -77.235054 7.825969 9.776075
v -66.366005 -4.528666 10.359900
v -75.149284 -2.368019 10.359897
v -67.790565 42.365936 7.962521
v -67.433647 42.340164 7.112752
v -76.115791 42.340164 7.112752
v -76.115791 42.340164 -0.091675
v -76.115791 42.340164 -3.524239
v -76.115791 42.340164 -6.956802
v -77.235054 44.735443 -6.674093
v -77.235054 44.846279 -3.150671
v -77.235054 44.942024 0.517068
v -77.235054 44.289635 7.212456
v -77.235054 42.757999 8.527471
v -77.235054 34.669811 9.122694
v -77.235054 21.337452 9.948533
v -77.235054 7.883616 10.774413
v -75.149284 -2.313992 11.358437
v -77.115791 -61.969471 -7.600984
v 70.303947 43.736671 -6.624635
v 70.303947 43.846695 -3.121708
v 70.303947 21.275900 8.950431
v 70.303947 7.825964 9.776078
v 69.261070 -4.528666 10.359900
v 70.284798 42.966370 -14.888248
v 70.293327 -58.194695 -16.156986
v 70.294746 -61.517105 -16.669134
v 70.292793 -64.764343 -15.680052
v 70.300453 -66.057938 -12.724303
v 70.310783 -67.804565 -8.733416
v 70.311165 -67.802574 -2.574423
v 70.311836 -67.804527 3.584559
v 70.295044 -64.764282 10.531135
v 70.299568 -61.517097 11.520051
v 70.297379 -58.186657 11.008344
v 70.294121 -3.093068 9.340672
v 79.731644 -58.200619 10.853735
v 79.724678 42.361397 7.812747
v 80.010857 -58.262966 1.944517
v 80.010857 42.340164 -0.091675
v 80.010857 -58.262966 -2.574422
v 80.010857 42.340164 -3.524239
v 79.672844 -61.508797 11.393802
v 80.010857 -61.969471 2.452139
v 80.010857 -61.758553 -2.574423
v 79.633209 -64.691582 10.448745
v 79.675262 -67.680130 3.558954
v 79.717957 -67.655228 -2.574423
v 80.139435 43.024670 -14.790766
v 79.733856 -58.207314 -16.000843
v 80.084732 42.733421 -12.539957
v 79.851723 -58.230984 -12.210766
v 80.010857 42.340164 -6.956802
v 80.010857 -58.262966 -7.093361
v 79.816658 -61.704803 -12.738025
v 79.672844 -61.508789 -16.542645
v 79.633209 -64.691582 -15.597589
v 79.651108 -65.963181 -12.666028
v 79.675262 -67.680122 -8.707802
v 80.130112 44.389561 -11.618834
v 70.303947 43.413494 -11.401356
v 70.303947 42.684055 -14.161237
v 78.961327 43.027946 -14.161237
v 78.982399 42.735306 -12.178288
v 80.130112 43.736664 -6.624637
v 80.130112 43.846695 -3.121710
v 70.303947 43.942467 0.487368
v 80.130112 43.942467 0.487366
v 70.303947 43.402897 6.750177
v 80.130112 43.402897 6.750176
v 70.303947 42.385666 7.599372
v 80.130112 42.385666 7.599370
v 70.303947 34.605209 8.124784
v 80.130112 34.605209 8.124783
v 80.130112 21.275900 8.950429
v 80.130112 7.825969 9.776075
v 78.044342 -2.368019 10.359897
v 79.010857 42.340164 7.112752
v 70.328712 42.340164 7.112752
v 70.685623 42.365936 7.962521
v 79.010857 42.340164 -0.091675
v 79.010857 42.340164 -3.524239
v 79.010857 42.340164 -6.956802
v 80.130112 44.735443 -6.674093
v 80.130112 44.846279 -3.150671
v 80.130112 44.942024 0.517068
v 80.130112 44.289635 7.212456
v 80.130112 42.757999 8.527471
v 80.130112 34.669811 9.122694
v 80.130112 21.337452 9.948533
v 80.130112 7.883616 10.774413
v 78.044342 -2.313992 11.358437
v 80.010857 -61.969471 -7.600984
v -49.397728 44.026478 -5.521047
v -50.253971 45.360565 -5.855076
v -40.358120 45.357044 -6.532652
v -40.356754 43.897205 -6.071045
v -49.398525 45.833218 -5.552312
v -40.357655 45.956329 -6.106377
v -30.285572 46.183952 -6.350430
v -30.219912 45.577312 -6.791241
v -30.152422 44.110126 -6.317638
v -49.387787 44.031574 1.542745
v -40.340744 43.905411 1.900590
v -40.339870 45.366398 2.346179
v -50.243015 45.366180 1.880447
v -30.132261 44.120464 1.926363
v -30.197531 45.588787 2.385282
v -30.264631 46.194683 1.929786
v -40.340816 45.964962 1.903885
v -49.387878 45.838680 1.544742
v -40.348721 43.739044 -2.084337
v -50.248249 43.902958 -1.979305
v -30.120270 43.950581 -2.194970
v -40.349266 46.122917 -2.102137
v -30.297174 46.354031 -2.210989
v -50.248734 45.962296 -1.995324
v -51.348434 45.363556 -1.975545
v -26.944241 47.588421 -6.899879
v -26.282066 46.298317 -5.737192
v -27.605192 48.879143 -5.737193
v -25.891165 51.069916 -5.799046
v -24.757969 49.703529 -6.982382
v -23.627245 48.335876 -5.816620
v -26.939356 47.590919 2.401616
v -27.601530 48.881023 1.238929
v -26.278402 46.300198 1.238930
v -23.634487 48.332165 1.239023
v -24.767862 49.698456 2.414014
v -25.898764 51.066017 1.239904
v -26.059715 45.869122 -2.249131
v -23.253517 47.878365 -2.290337
v -27.823885 49.310219 -2.249132
v -26.272314 51.523621 -2.278032
v -21.102728 53.588825 -7.124834
v -19.989941 52.055138 -5.936481
v -22.218512 55.120983 -5.923095
v -21.114714 53.582680 2.435531
v -22.227636 55.116302 1.240821
v -19.998789 52.050594 1.240150
v -19.622911 51.541901 -2.349337
v -22.594528 55.629604 -2.339965
v -14.620958 58.691708 -7.354331
v -13.776907 57.003113 -6.125839
v -15.466597 60.379494 -6.126680
v -14.627291 58.688461 2.470243
v -15.471336 60.377060 1.242149
v -13.781659 57.000675 1.242193
v -13.497671 56.439163 -2.441749
v -15.750578 60.941010 -2.442340
v -5.574607 62.434086 -7.629017
v -5.194809 60.587326 -6.350079
v -5.954451 64.280907 -6.372755
v -5.574775 62.434311 2.511790
v -5.954391 64.281189 1.243618
v -5.195114 60.587372 1.244759
v -5.068386 59.971737 -2.550675
v -6.080997 64.896660 -2.566553
v 1.709726 63.045242 -7.767474
v 1.709726 61.156673 -6.463359
v 1.709726 64.934311 -6.496538
v 1.709726 63.047211 2.532732
v 1.709726 64.935951 1.244370
v 1.709726 61.157978 1.246040
v 1.709726 60.527695 -2.605755
v 1.709726 65.564758 -2.628988
v 52.817177 44.026482 -5.521047
v 43.776203 43.897205 -6.071045
v 43.777569 45.357044 -6.532652
v 53.673424 45.360565 -5.855076
v 33.571873 44.110126 -6.317638
v 33.639366 45.577312 -6.791241
v 33.705025 46.183952 -6.350430
v 43.777107 45.956329 -6.106377
v 52.817974 45.833218 -5.552312
v 52.807232 44.031574 1.542745
v 53.662472 45.366180 1.880447
v 43.759327 45.366398 2.346178
v 43.760193 43.905411 1.900590
v 52.807327 45.838676 1.544742
v 43.760269 45.964962 1.903884
v 33.684090 46.194683 1.929786
v 33.616982 45.588787 2.385282
v 33.551704 44.120464 1.926363
v 53.667702 43.902958 -1.979305
v 43.768173 43.739044 -2.084337
v 33.539719 43.950581 -2.194970
v 33.716629 46.354031 -2.210989
v 43.768711 46.122917 -2.102137
v 53.668190 45.962296 -1.995324
v 54.767895 45.363556 -1.975545
v 29.701517 46.298317 -5.737192
v 30.363693 47.588421 -6.899879
v 27.046701 48.335876 -5.816620
v 28.177422 49.703529 -6.982382
v 29.310616 51.069916 -5.799046
v 31.024649 48.879143 -5.737193
v 31.020990 48.881023 1.238928
v 30.358809 47.590919 2.401615
v 29.318213 51.066017 1.239904
v 28.187315 49.698456 2.414014
v 27.053938 48.332165 1.239023
v 29.697855 46.300198 1.238930
v 29.479162 45.869122 -2.249131
v 26.672964 47.878365 -2.290337
v 31.243341 49.310219 -2.249132
v 29.691763 51.523621 -2.278032
v 23.409391 52.055138 -5.936481
v 24.522177 53.588825 -7.124833
v 25.637964 55.120983 -5.923094
v 25.647089 55.116302 1.240821
v 24.534163 53.582680 2.435531
v 23.418238 52.050594 1.240150
v 23.042366 51.541901 -2.349337
v 26.013975 55.629604 -2.339965
v 17.196358 57.003113 -6.125839
v 18.040409 58.691708 -7.354331
v 18.886045 60.379494 -6.126680
v 18.890781 60.377060 1.242149
v 18.046740 58.688461 2.470243
v 17.201115 57.000675 1.242193
v 16.917122 56.439163 -2.441749
v 19.170031 60.941010 -2.442339
v 8.614260 60.587326 -6.350079
v 8.994057 62.434086 -7.629018
v 9.373899 64.280907 -6.372755
v 9.373842 64.281189 1.243618
v 8.994225 62.434311 2.511790
v 8.614563 60.587372 1.244759
v 8.487830 59.971737 -2.550675
v 9.500445 64.896660 -2.566553
v -7.983002 -4.535224 8.332244
v -5.734676 -4.535224 8.331010
v -5.734463 -17.368389 8.719509
v -7.982787 -15.313212 8.720744
v -5.733033 -17.260290 14.128211
v -5.733248 -4.485184 13.652025
v -7.981566 -4.485097 12.736998
v -7.981351 -15.205026 13.213181
v -7.981690 2.840328 11.719852
v -7.983123 2.761543 9.377404
v 1.429583 2.761543 9.372237
v 1.429009 -4.535224 8.327078
v -5.734798 2.761543 9.376170
v 1.433048 -17.260561 14.124288
v 1.432345 -4.485456 13.648102
v 1.429222 -17.368389 8.715577
v -5.733368 2.840328 11.718617
v -5.733000 2.246658 12.386794
v -7.220629 2.246658 12.387610
v -7.220531 -3.621527 12.966998
v -5.733089 -3.621584 12.966183
v -7.645136 2.518006 11.816492
v -5.733315 2.518006 11.815442
v -7.645022 -4.162789 12.639989
v -5.733287 -4.162862 12.638942
v 1.431789 -4.163134 12.635020
v 1.431969 -3.621855 12.962264
v 1.430869 2.840328 11.714685
v 1.431235 2.246656 12.382856
v 1.430922 2.518006 11.811508
v 8.592908 -17.368389 8.711645
v 8.592694 -4.535224 8.323146
v 10.841020 -4.535224 8.321912
v 10.841231 -15.313212 8.710412
v 10.845249 -4.485097 12.726664
v 8.597937 -4.485184 13.644158
v 8.599129 -17.260290 14.120344
v 10.846439 -15.205026 13.202848
v 10.843427 2.840328 11.709519
v 10.842289 2.761543 9.367071
v 8.593964 2.761543 9.368305
v 8.595104 2.840328 11.710753
v 10.084467 -3.621527 12.957500
v 10.083099 2.246658 12.378113
v 8.595469 2.246658 12.378928
v 8.597027 -3.621584 12.958319
v 8.595158 2.518006 11.807577
v 10.506978 2.518006 11.806528
v 10.508601 -4.162789 12.630025
v 8.596867 -4.162862 12.631077
v -2.012085 -8.225044 13.740519
v -1.990972 -8.606918 14.758134
v -0.785810 -8.587799 14.740305
v -0.806923 -8.205925 13.722688
v -1.968611 -9.597112 15.207750
v -0.763449 -9.577992 15.189920
v -1.958102 -10.615582 14.825985
v -0.752939 -10.596462 14.808154
v -1.965600 -11.065722 13.836473
v -0.760438 -11.046603 13.818643
v -0.783529 -9.635532 13.770978
v -1.988927 -9.640205 13.788321
v 0.959992 -8.225044 13.740519
v 0.981106 -8.606918 14.758134
v 2.186268 -8.587799 14.740305
v 2.165154 -8.205925 13.722688
v 1.003467 -9.597112 15.207750
v 2.208629 -9.577992 15.189920
v 1.013976 -10.615582 14.825985
v 2.219138 -10.596462 14.808154
v 1.006477 -11.065722 13.836473
v 2.211639 -11.046603 13.818643
v 0.983321 -9.650674 13.788674
v 2.188651 -9.641799 13.771190
v 3.932069 -8.225044 13.740519
v 3.953183 -8.606918 14.758134
v 5.158345 -8.587799 14.740305
v 5.137231 -8.205925 13.722688
v 3.975544 -9.597112 15.207750
v 5.180706 -9.577992 15.189920
v 3.986053 -10.615582 14.825985
v 5.191215 -10.596462 14.808154
v 3.978554 -11.065722 13.836473
v 5.183717 -11.046603 13.818643
v 5.161032 -9.660378 13.771817
v 3.955168 -9.636618 13.788199
v -78.245308 26.769346 -6.579520
v -78.311264 26.769346 0.789121
v -78.279442 18.019066 0.789405
v -78.213478 18.019064 -6.579236
v -79.194290 27.189734 1.132236
v -79.121948 27.189735 -6.949320
v -79.087044 17.592865 -6.949010
v -79.159386 17.592865 1.132545
v -74.907028 15.536291 -6.935602
v -74.979370 15.536293 1.145953
v -76.468468 15.533388 1.132624
v -76.396126 15.533388 -6.948932
v -75.031822 29.252117 1.145486
v -74.959473 29.252117 -6.936070
v -76.448578 29.249212 -6.949401
v -76.520920 29.249212 1.132155
v -77.184227 20.297745 -3.101982
v -77.982201 20.297745 -3.101982
v -77.982201 19.435535 -0.517284
v -77.184227 19.435535 -0.517284
v -77.982201 19.784435 -3.101982
v -77.982201 18.990997 -0.723441
v -77.184227 19.784435 -3.101982
v -77.184227 18.990997 -0.723441
v -77.982201 17.079937 1.374847
v -77.184227 17.079937 1.374847
v -77.982201 16.823284 1.017772
v -77.184227 16.823284 1.017772
v -77.982201 13.862133 2.067415
v -77.184227 13.862133 2.067415
v -77.982201 13.862133 1.655101
v -77.184227 13.862133 1.655101
v -77.982201 10.644328 1.374847
v -77.184227 10.644328 1.374847
v -77.982201 10.900982 1.017772
v -77.184227 10.900982 1.017772
v -77.982201 8.288730 -0.517284
v -77.184227 8.288730 -0.517284
v -77.982201 8.733269 -0.723441
v -77.184227 8.733269 -0.723441
v -77.982201 7.426522 -3.101982
v -77.184227 7.426522 -3.101982
v -77.982201 7.939831 -3.101982
v -77.184227 7.939831 -3.101982
v -77.982201 8.288731 -5.686680
v -77.184227 8.288731 -5.686680
v -77.982201 8.733269 -5.480523
v -77.184227 8.733269 -5.480523
v -77.982201 10.644327 -7.578810
v -77.184227 10.644327 -7.578810
v -77.982201 10.900981 -7.221735
v -77.184227 10.900981 -7.221735
v -77.982201 13.862132 -8.271378
v -77.184227 13.862132 -8.271378
v -77.982201 13.862132 -7.859064
v -77.184227 13.862132 -7.859064
v -77.982201 17.079937 -7.578811
v -77.184227 17.079937 -7.578811
v -77.982201 16.823282 -7.221736
v -77.184227 16.823282 -7.221736
v -77.982201 19.435534 -5.686682
v -77.184227 19.435534 -5.686682
v -77.982201 18.990995 -5.480524
v -77.184227 18.990995 -5.480524
v 81.179207 26.769346 0.575836
v 81.245163 26.769346 -6.792804
v 81.213333 18.019066 -6.793088
v 81.147377 18.019064 0.575553
v 82.128189 27.189734 -7.135919
v 82.055855 27.189735 0.945636
v 82.020943 17.592865 0.945326
v 82.093285 17.592865 -7.136229
v 77.840927 15.536291 0.931919
v 77.913269 15.536293 -7.149637
v 79.402367 15.533388 -7.136308
v 79.330025 15.533388 0.945248
v 77.965721 29.252117 -7.149169
v 77.893372 29.252117 0.932386
v 79.382477 29.249212 0.945717
v 79.454819 29.249212 -7.135838
v 80.215942 20.297745 -2.901702
v 81.013916 20.297745 -2.901702
v 81.013916 19.435535 -5.486400
v 80.215942 19.435535 -5.486400
v 81.013916 19.784435 -2.901702
v 81.013916 18.990997 -5.280242
v 80.215942 19.784435 -2.901702
v 80.215942 18.990997 -5.280242
v 81.013916 17.079937 -7.378531
v 80.215942 17.079937 -7.378531
v 81.013916 16.823284 -7.021456
v 80.215942 16.823284 -7.021456
v 81.013916 13.862133 -8.071098
v 80.215942 13.862133 -8.071098
v 81.013916 13.862133 -7.658784
v 80.215942 13.862133 -7.658784
v 81.013916 10.644328 -7.378531
v 80.215942 10.644328 -7.378531
v 81.013916 10.900982 -7.021456
v 80.215942 10.900982 -7.021456
v 81.013916 8.288730 -5.486400
v 80.215942 8.288730 -5.486400
v 81.013916 8.733269 -5.280242
v 80.215942 8.733269 -5.280242
v 81.013916 7.426522 -2.901702
v 80.215942 7.426522 -2.901702
v 81.013916 7.939831 -2.901702
v 80.215942 7.939831 -2.901702
v 81.013916 8.288731 -0.317003
v 80.215942 8.288731 -0.317003
v 81.013916 8.733269 -0.523161
v 80.215942 8.733269 -0.523161
v 81.013916 10.644327 1.575127
v 80.215942 10.644327 1.575127
v 81.013916 10.900981 1.218052
v 80.215942 10.900981 1.218052
v 81.013916 13.862132 2.267695
v 80.215942 13.862132 2.267695
v 81.013916 13.862132 1.855380
v 80.215942 13.862132 1.855380
v 81.013916 17.079937 1.575127
v 80.215942 17.079937 1.575127
v 81.013916 16.823282 1.218053
v 80.215942 16.823282 1.218053
v 81.013916 19.435534 -0.317002
v 80.215942 19.435534 -0.317002
v 81.013916 18.990995 -0.523160
v 80.215942 18.990995 -0.523160
v -39.870106 46.285572 1.023656
v -39.868980 46.620907 1.001543
v -42.151218 46.661098 0.687116
v -42.165825 46.325768 0.707551
v -43.542568 46.673744 -1.148360
v -43.228008 46.651657 -3.430132
v -43.248932 46.316647 -3.434379
v -43.565434 46.338734 -1.138881
v -39.109734 46.567734 -4.506866
v -39.106354 46.231934 -4.517487
v -41.402126 46.272285 -4.833756
v -41.391960 46.607773 -4.821135
v -37.718372 46.554928 -2.671251
v -38.032936 46.576859 -0.389600
v -38.023132 46.241211 -0.375764
v -37.706703 46.218960 -2.670905
v -39.965103 46.211422 0.666299
v -39.894131 46.199738 0.938737
v -42.122189 46.238811 0.631925
v -41.979946 46.244888 0.388605
v -43.208450 46.251942 -1.232142
v -43.480480 46.250500 -1.160267
v -43.173615 46.228394 -3.388033
v -42.930916 46.227928 -3.246939
v -39.152809 46.146095 -4.439324
v -39.295101 46.153614 -4.197488
v -41.310093 46.187244 -4.475124
v -41.380943 46.185173 -4.746418
v -37.794510 46.134254 -2.647115
v -38.101612 46.156498 -0.419645
v -38.344112 46.170902 -0.561931
v -38.066708 46.146729 -2.576550
v -42.087746 46.746281 0.580479
v -39.898560 46.708019 0.881990
v -40.012470 46.774002 0.441054
v -41.849125 46.804253 0.187874
v -42.716064 46.787926 -3.126158
v -43.120800 46.736042 -3.369615
v -43.422684 46.757973 -1.180511
v -42.969028 46.810032 -1.289396
v -41.359558 46.693451 -4.704139
v -41.238438 46.750450 -4.245997
v -39.401787 46.720039 -3.992851
v -39.170155 46.655334 -4.402487
v -38.136993 46.665577 -0.452596
v -37.835342 46.643646 -2.641338
v -38.281738 46.714264 -2.515103
v -38.534786 46.736668 -0.678636
v -40.051323 47.112038 0.264535
v -41.711441 47.138618 0.035981
v -42.723740 47.141502 -1.299705
v -42.495152 47.119259 -2.959680
v -41.159561 47.084671 -3.971789
v -39.499249 47.058075 -3.743142
v -38.487293 47.055202 -2.407509
v -38.715687 47.077454 -0.747424
v -42.111046 47.347282 0.733706
v -39.844425 47.304039 1.045860
v -43.493187 47.353214 -1.089738
v -43.180908 47.318615 -3.356401
v -41.357407 47.263382 -4.738408
v -39.090740 47.220303 -4.426087
v -37.708706 47.214043 -2.602454
v -38.020859 47.248814 -0.335843
v -39.854591 47.789742 0.975056
v -42.069366 47.831867 0.669834
v -43.419907 47.837780 -1.112108
v -43.114944 47.803688 -3.326641
v -41.332958 47.749718 -4.677043
v -39.118198 47.707596 -4.371817
v -37.767673 47.701683 -2.590029
v -38.072609 47.735779 -0.375344
v -39.994667 48.388508 0.398813
v -41.762531 48.437031 0.154835
v -42.840439 48.442947 -1.267406
v -42.596882 48.414604 -3.034985
v -41.174797 48.370731 -4.112846
v -39.406757 48.337902 -3.869430
v -38.329006 48.332142 -2.447149
v -38.572617 48.347198 -0.679201
v -40.227497 48.740814 -0.514249
v -41.365063 48.789017 -0.518879
v -41.925934 48.865555 -1.510673
v -41.921364 48.797031 -2.647236
v -40.930817 48.822647 -3.210435
v -39.793224 48.745937 -3.203657
v -39.231026 48.787575 -2.215175
v -39.237637 48.679634 -1.074957
v -40.578270 48.937943 -1.869833
v -41.963154 46.318871 0.361185
v -39.971661 46.286053 0.635555
v -42.903042 46.300632 -3.232239
v -43.177296 46.324974 -1.240944
v -39.309364 46.227116 -4.171853
v -41.300877 46.260109 -4.446253
v -38.369541 46.245544 -0.578590
v -38.095230 46.221203 -2.569757
v -39.948383 46.335049 0.720702
v -42.006947 46.369167 0.436852
v -42.978580 46.350269 -3.277568
v -43.262131 46.375412 -1.219074
v -39.263794 46.274521 -4.248970
v -41.322433 46.308472 -4.532464
v -38.292282 46.293251 -0.534360
v -38.008846 46.268120 -2.592664
v -39.947414 46.559887 0.707067
v -41.997231 46.593838 0.424431
v -43.247208 46.600090 -1.224724
v -42.964848 46.575111 -3.274278
v -39.265751 46.499683 -4.241686
v -41.315670 46.533478 -4.524117
v -38.015907 46.493279 -2.592496
v -38.298111 46.518414 -0.542946
v -41.404728 47.067200 -0.588069
v -40.245369 47.048615 -0.428353
v -41.952099 47.055840 -2.680200
v -42.111660 47.070240 -1.520704
v -39.859745 47.013718 -3.227291
v -41.019268 47.032303 -3.387000
v -39.312531 47.025249 -1.135156
v -39.152752 47.010681 -2.294369
v -40.614891 47.149349 -1.912863
v 45.212387 46.253410 0.200324
v 45.203724 46.572983 0.181081
v 43.131348 46.611286 0.905988
v 43.127838 46.291714 0.929668
v 41.153744 46.623333 -0.046318
v 40.429146 46.602287 -2.118355
v 40.409557 46.283020 -2.112869
v 41.138466 46.304070 -0.028344
v 43.454388 46.522308 -4.820958
v 43.452641 46.202286 -4.831435
v 41.367977 46.240749 -4.102210
v 41.382088 46.560459 -4.095924
v 45.432076 46.510105 -3.868542
v 46.156601 46.531002 -1.796603
v 46.170925 46.211132 -1.789127
v 45.442116 46.189938 -3.873319
v 44.976532 46.182747 -0.061505
v 45.155106 46.171608 0.138736
v 43.131996 46.208847 0.846561
v 43.146931 46.214638 0.578378
v 41.400738 46.221363 -0.262551
v 41.201233 46.219986 -0.083394
v 40.493580 46.198917 -2.106284
v 40.760735 46.198475 -2.092059
v 43.447201 46.120487 -4.744956
v 43.431580 46.127663 -4.478009
v 41.601868 46.159706 -3.838011
v 41.423897 46.157730 -4.037336
v 45.377975 46.109200 -3.814988
v 46.085297 46.130402 -1.792247
v 45.817799 46.144131 -1.807571
v 45.177757 46.121094 -3.636871
v 43.138859 46.692467 0.787961
v 45.126694 46.655998 0.092527
v 44.838501 46.718880 -0.231976
v 43.170666 46.747707 0.351282
v 40.995445 46.732143 -2.082962
v 40.546371 46.682705 -2.113605
v 41.241455 46.703602 -0.125676
v 41.578938 46.753216 -0.415138
v 41.460407 46.642124 -4.010767
v 41.762196 46.696438 -3.674804
v 43.430008 46.667446 -4.258086
v 43.448494 46.605797 -4.706174
v 46.040966 46.615547 -1.804823
v 45.345852 46.594662 -3.792347
v 45.022072 46.661949 -3.491326
v 45.605362 46.683308 -1.823712
v 44.728855 47.041031 -0.364816
v 43.221455 47.066357 0.162625
v 41.782505 47.069107 -0.530455
v 41.255154 47.047905 -2.037742
v 41.948238 47.014954 -3.476495
v 43.455830 46.989601 -4.003941
v 44.894474 46.986866 -3.310752
v 45.422031 47.008068 -1.803458
v 43.185669 47.265213 0.928049
v 45.243816 47.224010 0.207999
v 41.221096 47.270866 -0.018049
v 40.501133 47.237892 -2.076285
v 41.447342 47.185265 -4.040768
v 43.505596 47.144211 -4.760695
v 45.470158 47.138245 -3.814387
v 46.190205 47.171368 -1.756256
v 45.204426 47.686878 0.152361
v 43.193272 47.727020 0.855765
v 41.273533 47.732655 -0.068864
v 40.570015 47.700169 -2.079702
v 41.494743 47.648735 -3.999342
v 43.505890 47.608593 -4.702734
v 45.425541 47.602951 -3.778229
v 46.129150 47.635445 -1.767274
v 44.835247 48.257496 -0.275538
v 43.229763 48.303741 0.285634
v 41.697552 48.309372 -0.452354
v 41.136150 48.282368 -2.057414
v 41.874023 48.240559 -3.589517
v 43.479412 48.209263 -4.151242
v 45.011509 48.203777 -3.413151
v 45.573025 48.218128 -1.807757
v 44.241047 48.593239 -0.948823
v 43.274174 48.639175 -0.458494
v 42.367523 48.712120 -1.056029
v 41.877583 48.646812 -2.022034
v 42.473057 48.671223 -2.930111
v 43.440887 48.598133 -3.418629
v 44.347218 48.637802 -2.824479
v 44.837013 48.534935 -1.854488
v 43.354553 48.781101 -1.946207
v 43.149258 46.285145 0.547825
v 44.957623 46.253872 -0.084734
v 40.790764 46.267761 -2.091701
v 41.423328 46.290962 -0.283550
v 43.430622 46.197701 -4.450068
v 41.622227 46.229149 -3.817528
v 45.788990 46.215260 -1.810654
v 45.156521 46.192062 -3.618717
v 45.014355 46.300560 -0.022627
v 43.144978 46.333073 0.631034
v 40.706993 46.315075 -2.097326
v 41.360882 46.339027 -0.228142
v 43.435772 46.242874 -4.535278
v 41.566486 46.275234 -3.881285
v 45.873737 46.260727 -1.806703
v 45.219841 46.236778 -3.675679
v 45.009254 46.514828 -0.034611
v 43.147835 46.547188 0.616275
v 41.371082 46.553135 -0.239419
v 40.720070 46.529339 -2.100502
v 43.437271 46.457462 -4.528251
v 41.575851 46.489658 -3.877144
v 45.213917 46.451355 -3.672469
v 45.865059 46.475307 -1.811455
v 43.210464 46.998295 -0.499948
v 44.263210 46.980591 -0.868203
v 41.837193 46.987473 -2.036639
v 42.205639 47.001198 -0.983842
v 43.374199 46.947327 -3.409772
v 42.321308 46.965042 -3.041438
v 44.747341 46.958321 -1.873008
v 44.379200 46.944443 -2.925658
v 43.304794 47.076584 -1.966793

# UV coordinates
vt 0.540841 0.270376
vt 0.512337 0.272042
vt 0.503663 0.125005
vt 0.525005 0.001987
vt 0.621236 0.374723
vt 0.651909 0.670172
vt 0.628757 0.673223
vt 0.595130 0.378053
vt 0.618713 0.674575
vt 0.581909 0.379832
vt 0.621513 0.364823
vt 0.595154 0.367012
vt 0.580533 0.369604
vt 0.617494 0.355879
vt 0.596155 0.349841
vt 0.541126 0.278631
vt 0.512813 0.280382
vt 0.538975 0.288875
vt 0.511094 0.290657
vt 0.537737 0.308737
vt 0.510103 0.310483
vt 0.539072 0.326767
vt 0.511315 0.328592
vt 0.574853 0.682079
vt 0.534660 0.684849
vt 0.514839 0.387293
vt 0.542638 0.385323
vt 0.553719 0.383714
vt 0.592689 0.679245
vt 0.608668 0.675925
vt 0.568686 0.381610
vt 0.550810 0.373755
vt 0.540781 0.375779
vt 0.541254 0.366085
vt 0.549334 0.361257
vt 0.514192 0.377578
vt 0.513716 0.367891
vt 0.513313 0.358867
vt 0.540892 0.356870
vt 0.512527 0.346699
vt 0.540154 0.344803
vt 0.564232 0.693405
vt 0.535319 0.695344
vt 0.536297 0.709928
vt 0.131090 0.737093
vt 0.130112 0.722508
vt 0.536992 0.720299
vt 0.131785 0.747464
vt 0.537716 0.731093
vt 0.539043 0.750887
vt 0.133836 0.778051
vt 0.132509 0.758258
vt 0.539627 0.756814
vt 0.134048 0.784003
vt 0.541415 0.780708
vt 0.544054 0.820085
vt 0.138104 0.847299
vt 0.135465 0.807922
vt 0.546717 0.859820
vt 0.140769 0.887034
vt 0.546092 0.896498
vt 0.146283 0.923300
vt 0.525466 0.029627
vt 0.499384 0.032311
vt 0.498906 0.026656
vt 0.525308 0.027681
vt 0.498229 0.019413
vt 0.527895 0.017424
vt 0.528684 0.027945
vt 0.497754 0.014445
vt 0.527419 0.012457
vt 0.497267 0.009375
vt 0.526932 0.007386
vt 0.496535 0.002489
vt 0.526200 0.000500
vt 0.727071 0.459051
vt 0.698253 0.459051
vt 0.698253 0.455165
vt 0.727071 0.455165
vt 0.997709 0.138326
vt 0.968891 0.138326
vt 0.968891 0.115457
vt 0.997709 0.115457
vt 0.968891 0.076290
vt 0.997709 0.076290
vt 0.968891 0.036771
vt 0.997709 0.036771
vt 0.965832 0.000500
vt 0.991592 0.006825
vt 0.497696 0.003605
vt 0.496734 0.004880
vt 0.522945 0.003122
vt 0.526906 0.012523
vt 0.523887 0.012726
vt 0.527355 0.017099
vt 0.524336 0.017301
vt 0.527804 0.021674
vt 0.524785 0.021877
vt 0.002124 0.860613
vt 0.006124 0.851309
vt 0.006983 0.858112
vt 0.001109 0.875116
vt 0.004038 0.875261
vt 0.000783 0.885450
vt 0.003714 0.885535
vt 0.000500 0.896188
vt 0.003432 0.896144
vt 0.001824 0.915845
vt 0.004472 0.914583
vt 0.006142 0.919882
vt 0.007351 0.917210
vt 0.029791 0.922687
vt 0.030045 0.919766
vt 0.068923 0.925115
vt 0.069104 0.922188
vt 0.108380 0.927539
vt 0.108547 0.924612
vt 0.138920 0.929255
vt 0.139046 0.926325
vt 0.565746 0.370967
vt 0.578209 0.352328
vt 0.560244 0.354671
vt 0.565209 0.707990
vt 0.565905 0.718360
vt 0.566628 0.729155
vt 0.567955 0.748948
vt 0.568565 0.754874
vt 0.570380 0.778767
vt 0.573019 0.818143
vt 0.575681 0.857874
vt 0.571560 0.888394
vt 0.082471 0.047285
vt 0.081995 0.042318
vt 0.565012 0.076290
vt 0.565012 0.036771
vt 0.568071 0.000500
vt 0.165477 0.929796
vt 0.165530 0.926863
vt 0.129364 0.712021
vt 0.109292 0.414483
vt 0.108636 0.404768
vt 0.107815 0.395103
vt 0.107009 0.386105
vt 0.106163 0.373941
vt 0.104948 0.355833
vt 0.103732 0.337725
vt 0.100106 0.318209
vt 0.097081 0.308253
vt 0.096617 0.299911
vt 0.087963 0.152874
vt 0.068158 0.302065
vt 0.052364 0.033673
vt 0.002096 0.416218
vt 0.028431 0.416048
vt 0.034450 0.713384
vt 0.011085 0.713433
vt 0.041789 0.416048
vt 0.044596 0.713384
vt 0.000500 0.406438
vt 0.026930 0.405093
vt 0.041789 0.405716
vt 0.003294 0.397029
vt 0.023659 0.388199
vt 0.068798 0.310296
vt 0.072242 0.320164
vt 0.076112 0.339683
vt 0.077195 0.357731
vt 0.089134 0.714812
vt 0.081479 0.416245
vt 0.071246 0.714551
vt 0.070273 0.416135
vt 0.054743 0.713385
vt 0.055146 0.416048
vt 0.071832 0.405866
vt 0.082047 0.406534
vt 0.080282 0.396984
vt 0.071619 0.393272
vt 0.079410 0.387807
vt 0.078530 0.375749
vt 0.101199 0.724447
vt 0.083147 0.054528
vt 0.083626 0.060183
vt 0.057433 0.061004
vt 0.057158 0.059158
vt 0.053877 0.059868
vt 0.052805 0.049274
vt 0.052330 0.044307
vt 0.081508 0.037248
vt 0.051842 0.039236
vt 0.080776 0.030361
vt 0.051111 0.032350
vt 0.080829 0.031985
vt 0.051164 0.033974
vt 0.565012 0.115457
vt 0.565012 0.138326
vt 0.536194 0.138326
vt 0.536194 0.115457
vt 0.536194 0.076290
vt 0.536194 0.036771
vt 0.542311 0.006825
vt 0.054614 0.034519
vt 0.080825 0.032762
vt 0.079632 0.031632
vt 0.052536 0.044325
vt 0.055555 0.044123
vt 0.052985 0.048901
vt 0.056004 0.048698
vt 0.053434 0.053476
vt 0.056453 0.053274
vt 0.563255 0.927999
vt 0.563296 0.930931
vt 0.725684 0.861174
vt 0.720826 0.858473
vt 0.721685 0.851870
vt 0.726701 0.875677
vt 0.723772 0.875822
vt 0.727029 0.886012
vt 0.724098 0.886097
vt 0.727315 0.896720
vt 0.724384 0.896734
vt 0.726772 0.916387
vt 0.724079 0.915227
vt 0.722599 0.920585
vt 0.721313 0.917949
vt 0.698995 0.923896
vt 0.698709 0.920979
vt 0.659851 0.926326
vt 0.659670 0.923399
vt 0.620397 0.928751
vt 0.620230 0.925823
vt 0.589857 0.930466
vt 0.589735 0.927536
vt 0.056647 0.405093
vt 0.041789 0.388275
vt 0.059919 0.388199
vt 0.102177 0.739031
vt 0.102872 0.749402
vt 0.103596 0.760196
vt 0.104923 0.779989
vt 0.105109 0.785943
vt 0.106499 0.809863
vt 0.109139 0.849240
vt 0.111804 0.888971
vt 0.119961 0.918668
vt 0.496588 0.004113
vt 0.642572 0.533481
vt 0.640021 0.537038
vt 0.636181 0.507749
vt 0.640594 0.507457
vt 0.571072 0.161522
vt 0.572297 0.164179
vt 0.570598 0.190376
vt 0.568472 0.190285
vt 0.569888 0.219610
vt 0.567706 0.219732
vt 0.635230 0.478098
vt 0.639736 0.477827
vt 0.662088 0.533455
vt 0.663514 0.507411
vt 0.667919 0.507630
vt 0.664676 0.536978
vt 0.663733 0.477766
vt 0.668233 0.477962
vt 0.593885 0.219670
vt 0.593806 0.190424
vt 0.595959 0.190357
vt 0.596090 0.219815
vt 0.592672 0.164206
vt 0.593984 0.161558
vt 0.652055 0.507358
vt 0.652361 0.535999
vt 0.651735 0.477673
vt 0.582200 0.190409
vt 0.581885 0.219582
vt 0.582509 0.161684
vt 0.582564 0.158057
vt 0.652384 0.541168
vt 0.583617 0.824862
vt 0.581211 0.821086
vt 0.586504 0.811175
vt 0.590965 0.814151
vt 0.753445 0.382337
vt 0.751615 0.383486
vt 0.741031 0.379717
vt 0.744656 0.375625
vt 0.733808 0.375980
vt 0.737238 0.370852
vt 0.589718 0.802723
vt 0.595151 0.805447
vt 0.740722 0.404755
vt 0.740843 0.406938
vt 0.730376 0.403565
vt 0.731591 0.398235
vt 0.609711 0.835198
vt 0.605263 0.835619
vt 0.609132 0.823228
vt 0.614205 0.824967
vt 0.613372 0.814590
vt 0.618848 0.817262
vt 0.722273 0.400210
vt 0.724436 0.394450
vt 0.594308 0.830511
vt 0.599968 0.818851
vt 0.604301 0.809928
vt 0.745731 0.393894
vt 0.735851 0.388741
vt 0.728994 0.385156
vt 0.595666 0.788525
vt 0.601360 0.791667
vt 0.719872 0.368544
vt 0.723315 0.363071
vt 0.707953 0.393221
vt 0.710394 0.387250
vt 0.620369 0.801200
vt 0.626336 0.803822
vt 0.610880 0.796391
vt 0.715060 0.377866
vt 0.605470 0.767515
vt 0.611218 0.770616
vt 0.698160 0.356867
vt 0.701388 0.351264
vt 0.685770 0.381930
vt 0.688424 0.376051
vt 0.630814 0.780424
vt 0.636771 0.783101
vt 0.621008 0.775536
vt 0.693248 0.366448
vt 0.617028 0.742834
vt 0.622850 0.745948
vt 0.672063 0.342940
vt 0.675264 0.337273
vt 0.659177 0.368765
vt 0.661925 0.362830
vt 0.642991 0.756006
vt 0.648981 0.758727
vt 0.632882 0.751070
vt 0.666918 0.352830
vt 0.625897 0.724763
vt 0.631803 0.727706
vt 0.652634 0.332461
vt 0.655653 0.326576
vt 0.639122 0.358774
vt 0.642163 0.352859
vt 0.651907 0.737723
vt 0.657785 0.740651
vt 0.641862 0.732718
vt 0.647405 0.342650
vt 0.561855 0.204862
vt 0.563833 0.178838
vt 0.568246 0.179130
vt 0.564406 0.208419
vt 0.564691 0.149207
vt 0.569197 0.149479
vt 0.675588 0.619858
vt 0.674121 0.590651
vt 0.676244 0.590504
vt 0.677772 0.619922
vt 0.671736 0.564504
vt 0.672897 0.561810
vt 0.542339 0.204836
vt 0.539751 0.208359
vt 0.536508 0.179010
vt 0.540913 0.178792
vt 0.650004 0.562423
vt 0.651386 0.565044
vt 0.650889 0.591286
vt 0.648735 0.591269
vt 0.651531 0.620526
vt 0.649330 0.620724
vt 0.536194 0.149343
vt 0.540694 0.149147
vt 0.552066 0.207380
vt 0.552372 0.178739
vt 0.552692 0.149054
vt 0.663560 0.620154
vt 0.662508 0.591006
vt 0.661475 0.562316
vt 0.661329 0.558703
vt 0.552043 0.212548
vt 0.680345 0.630729
vt 0.676219 0.643045
vt 0.671157 0.641276
vt 0.675881 0.631082
vt 0.671792 0.651629
vt 0.666346 0.648932
vt 0.569965 0.291880
vt 0.562726 0.288177
vt 0.563946 0.282848
vt 0.572140 0.286106
vt 0.553505 0.281759
vt 0.553375 0.279601
vt 0.542542 0.302992
vt 0.553156 0.306628
vt 0.549527 0.310716
vt 0.540696 0.304162
vt 0.560397 0.310250
vt 0.556969 0.315359
vt 0.690064 0.660669
vt 0.694406 0.652082
vt 0.698849 0.655085
vt 0.695496 0.663431
vt 0.701967 0.641531
vt 0.704310 0.645336
vt 0.685393 0.647402
vt 0.691292 0.635861
vt 0.680879 0.656235
vt 0.558400 0.297641
vt 0.548462 0.292600
vt 0.565304 0.301136
vt 0.664532 0.664884
vt 0.658594 0.662231
vt 0.586559 0.292906
vt 0.584114 0.298892
vt 0.574421 0.317496
vt 0.570982 0.322956
vt 0.689277 0.677503
vt 0.683590 0.674318
vt 0.674036 0.669639
vt 0.579335 0.308236
vt 0.653664 0.685432
vt 0.647727 0.682710
vt 0.608918 0.303847
vt 0.606241 0.309742
vt 0.596299 0.328884
vt 0.593069 0.334490
vt 0.679020 0.698313
vt 0.673295 0.695169
vt 0.663487 0.690284
vt 0.601308 0.319336
vt 0.640974 0.709572
vt 0.634982 0.706801
vt 0.635527 0.316879
vt 0.632792 0.322777
vt 0.622569 0.342561
vt 0.619367 0.348243
vt 0.666913 0.722739
vt 0.661134 0.719595
vt 0.651105 0.714497
vt 0.627766 0.332705
vt 0.712339 0.195297
vt 0.705818 0.195297
vt 0.705819 0.158057
vt 0.712342 0.164015
vt 0.606111 0.158130
vt 0.606093 0.195192
vt 0.599217 0.195659
vt 0.599233 0.164248
vt 0.644810 0.455530
vt 0.643947 0.471197
vt 0.635230 0.468177
vt 0.635983 0.455165
vt 0.693752 0.585462
vt 0.706527 0.585608
vt 0.703577 0.606855
vt 0.696783 0.606626
vt 0.685040 0.216677
vt 0.685040 0.195297
vt 0.705820 0.216677
vt 0.626726 0.158057
vt 0.626726 0.195169
vt 0.665557 0.456667
vt 0.664701 0.472334
vt 0.595299 0.239087
vt 0.595298 0.245885
vt 0.588777 0.245885
vt 0.588778 0.239087
vt 0.712342 0.216677
vt 0.635044 0.445259
vt 0.630729 0.445259
vt 0.630729 0.428156
vt 0.635043 0.428156
vt 0.694878 0.554201
vt 0.707909 0.554515
vt 0.605870 0.217383
vt 0.599285 0.217320
vt 0.600243 0.216419
vt 0.605900 0.216416
vt 0.600239 0.196682
vt 0.605784 0.198095
vt 0.626729 0.198157
vt 0.601787 0.215051
vt 0.605890 0.214589
vt 0.601455 0.198417
vt 0.605595 0.199884
vt 0.626730 0.199934
vt 0.567997 0.245885
vt 0.567997 0.239087
vt 0.685040 0.158057
vt 0.655825 0.428155
vt 0.655824 0.445259
vt 0.626720 0.216420
vt 0.626721 0.217398
vt 0.626719 0.214581
vt 0.664262 0.158057
vt 0.664262 0.195297
vt 0.657741 0.195297
vt 0.657738 0.164015
vt 0.654231 0.195620
vt 0.647356 0.195180
vt 0.647341 0.158116
vt 0.654218 0.164226
vt 0.694449 0.471422
vt 0.685455 0.473472
vt 0.686305 0.457804
vt 0.695119 0.458405
vt 0.680076 0.606855
vt 0.677126 0.585608
vt 0.689902 0.585462
vt 0.686871 0.606626
vt 0.664260 0.216677
vt 0.547218 0.245885
vt 0.540696 0.245885
vt 0.540696 0.239087
vt 0.547217 0.239087
vt 0.657739 0.216677
vt 0.680921 0.428156
vt 0.680919 0.445259
vt 0.676604 0.445259
vt 0.676607 0.428156
vt 0.675745 0.554515
vt 0.688775 0.554201
vt 0.647579 0.217402
vt 0.647542 0.216434
vt 0.653199 0.216365
vt 0.654164 0.217256
vt 0.653211 0.196635
vt 0.647673 0.198087
vt 0.647540 0.214606
vt 0.651644 0.215006
vt 0.652001 0.198372
vt 0.647869 0.199876
vt 0.725263 0.661003
vt 0.725263 0.657936
vt 0.729032 0.657936
vt 0.729032 0.661003
vt 0.725263 0.654869
vt 0.729032 0.654869
vt 0.725263 0.651802
vt 0.729032 0.651802
vt 0.725263 0.648735
vt 0.729032 0.648735
vt 0.999500 0.017517
vt 0.996630 0.016439
vt 0.995361 0.013645
vt 0.999363 0.013484
vt 0.728326 0.555470
vt 0.729402 0.558343
vt 0.725399 0.558222
vt 0.725535 0.554201
vt 0.728133 0.561136
vt 0.725263 0.562214
vt 0.996437 0.010772
vt 0.999228 0.009503
vt 0.716260 0.575472
vt 0.716260 0.572405
vt 0.720028 0.572405
vt 0.720028 0.575472
vt 0.716260 0.569338
vt 0.720028 0.569338
vt 0.716260 0.566271
vt 0.720028 0.566271
vt 0.716260 0.563204
vt 0.720028 0.563204
vt 0.714821 0.613991
vt 0.715897 0.616864
vt 0.711895 0.616714
vt 0.712031 0.612722
vt 0.004639 0.994371
vt 0.001769 0.993293
vt 0.000500 0.990499
vt 0.004501 0.990321
vt 0.001576 0.987627
vt 0.004367 0.986358
vt 0.714628 0.619657
vt 0.711758 0.620736
vt 0.032011 0.962612
vt 0.032011 0.959545
vt 0.035780 0.959545
vt 0.035780 0.962612
vt 0.032012 0.956478
vt 0.035780 0.956478
vt 0.032012 0.953412
vt 0.035780 0.953412
vt 0.032012 0.950345
vt 0.035780 0.950345
vt 0.729402 0.751283
vt 0.726532 0.750205
vt 0.725263 0.747411
vt 0.729262 0.747180
vt 0.728326 0.631998
vt 0.729402 0.634870
vt 0.725398 0.634760
vt 0.725535 0.630729
vt 0.728133 0.637664
vt 0.725263 0.638742
vt 0.726339 0.744539
vt 0.729130 0.743270
vt 0.720538 0.523980
vt 0.699200 0.523980
vt 0.699200 0.498642
vt 0.720538 0.498642
vt 0.739732 0.204473
vt 0.716329 0.204473
vt 0.716329 0.176683
vt 0.739732 0.176683
vt 0.716260 0.162559
vt 0.739662 0.162559
vt 0.739662 0.166871
vt 0.716260 0.166871
vt 0.714435 0.586884
vt 0.711758 0.588143
vt 0.711859 0.560162
vt 0.714528 0.561371
vt 0.739662 0.218557
vt 0.716260 0.218557
vt 0.716260 0.214244
vt 0.739662 0.214244
vt 0.707679 0.638091
vt 0.710357 0.636812
vt 0.710458 0.664826
vt 0.707771 0.663633
vt 0.721656 0.535898
vt 0.698253 0.535898
vt 0.698253 0.486676
vt 0.721656 0.486676
vt 0.723820 0.594227
vt 0.719508 0.594192
vt 0.719660 0.554201
vt 0.723972 0.554236
vt 0.698253 0.630729
vt 0.702568 0.630748
vt 0.702720 0.670785
vt 0.698405 0.670766
vt 0.745794 0.212702
vt 0.743301 0.212702
vt 0.743301 0.204345
vt 0.745794 0.204344
vt 0.691097 0.736652
vt 0.691098 0.735369
vt 0.698394 0.733081
vt 0.699094 0.734154
vt 0.768277 0.208703
vt 0.765784 0.208703
vt 0.765784 0.201012
vt 0.768277 0.201012
vt 0.664652 0.783993
vt 0.664651 0.785279
vt 0.656605 0.782957
vt 0.657277 0.781856
vt 0.743295 0.195989
vt 0.745787 0.195986
vt 0.703374 0.727237
vt 0.704520 0.727818
vt 0.765784 0.193322
vt 0.768277 0.193321
vt 0.650890 0.776856
vt 0.652016 0.776228
vt 0.743285 0.187632
vt 0.745777 0.187629
vt 0.705081 0.719707
vt 0.706370 0.719702
vt 0.765781 0.185631
vt 0.768273 0.185630
vt 0.648735 0.768793
vt 0.650024 0.768791
vt 0.743275 0.179275
vt 0.745768 0.179272
vt 0.703348 0.712169
vt 0.704499 0.711579
vt 0.765778 0.177940
vt 0.768270 0.177940
vt 0.650895 0.760722
vt 0.652021 0.761344
vt 0.743270 0.170917
vt 0.745762 0.170916
vt 0.698332 0.706318
vt 0.699037 0.705237
vt 0.765778 0.170249
vt 0.768270 0.170249
vt 0.656568 0.754605
vt 0.657239 0.755700
vt 0.743270 0.162559
vt 0.745762 0.162559
vt 0.691018 0.704038
vt 0.691019 0.702755
vt 0.765778 0.162559
vt 0.768270 0.162559
vt 0.664602 0.752273
vt 0.664602 0.753559
vt 0.747771 0.162559
vt 0.750263 0.162559
vt 0.750263 0.170916
vt 0.747771 0.170916
vt 0.683722 0.706326
vt 0.683022 0.705253
vt 0.761276 0.162559
vt 0.763768 0.162559
vt 0.763768 0.170249
vt 0.761276 0.170249
vt 0.672648 0.754594
vt 0.671976 0.755696
vt 0.750264 0.179273
vt 0.747771 0.179274
vt 0.678741 0.712170
vt 0.677595 0.711589
vt 0.763768 0.177940
vt 0.761276 0.177941
vt 0.678364 0.760696
vt 0.677238 0.761324
vt 0.750269 0.187630
vt 0.747777 0.187632
vt 0.677035 0.719700
vt 0.675745 0.719705
vt 0.763773 0.185630
vt 0.761281 0.185632
vt 0.680519 0.768758
vt 0.679230 0.768760
vt 0.750276 0.195987
vt 0.747784 0.195989
vt 0.678768 0.727238
vt 0.677617 0.727828
vt 0.763779 0.193321
vt 0.761286 0.193322
vt 0.678358 0.776830
vt 0.677233 0.776207
vt 0.750282 0.204344
vt 0.747789 0.204345
vt 0.683784 0.733088
vt 0.683079 0.734170
vt 0.763783 0.201012
vt 0.761290 0.201012
vt 0.672686 0.782946
vt 0.672015 0.781851
vt 0.750282 0.212702
vt 0.747789 0.212702
vt 0.763783 0.208703
vt 0.761290 0.208703
vt 0.693529 0.523980
vt 0.672191 0.523980
vt 0.672191 0.498642
vt 0.693529 0.498642
vt 0.023972 0.969750
vt 0.000570 0.969750
vt 0.000570 0.941961
vt 0.023972 0.941961
vt 0.000500 0.927836
vt 0.023903 0.927836
vt 0.023903 0.932149
vt 0.000500 0.932149
vt 0.030187 0.974025
vt 0.027510 0.975284
vt 0.027611 0.947302
vt 0.030279 0.948512
vt 0.023903 0.983834
vt 0.000500 0.983834
vt 0.000500 0.979522
vt 0.023903 0.979522
vt 0.721184 0.638091
vt 0.723862 0.636812
vt 0.723963 0.664826
vt 0.721276 0.663633
vt 0.694646 0.535898
vt 0.671243 0.535898
vt 0.671243 0.486677
vt 0.694646 0.486676
vt 0.039572 0.981367
vt 0.035260 0.981332
vt 0.035412 0.941341
vt 0.039724 0.941376
vt 0.711758 0.630729
vt 0.716073 0.630748
vt 0.716225 0.670785
vt 0.711910 0.670766
vt 0.754799 0.212698
vt 0.752307 0.212698
vt 0.752307 0.204342
vt 0.754799 0.204341
vt 0.642371 0.829577
vt 0.642371 0.828289
vt 0.649799 0.826299
vt 0.650443 0.827414
vt 0.777280 0.208699
vt 0.774788 0.208699
vt 0.774788 0.201009
vt 0.777280 0.201009
vt 0.678384 0.823787
vt 0.678384 0.825075
vt 0.670312 0.822912
vt 0.670956 0.821797
vt 0.752300 0.195986
vt 0.754792 0.195984
vt 0.655236 0.820861
vt 0.656351 0.821505
vt 0.774788 0.193319
vt 0.777280 0.193319
vt 0.664403 0.817003
vt 0.665518 0.816359
vt 0.752290 0.187630
vt 0.754782 0.187627
vt 0.657227 0.813433
vt 0.658514 0.813433
vt 0.774784 0.185629
vt 0.777276 0.185628
vt 0.662240 0.808931
vt 0.663528 0.808931
vt 0.752279 0.179273
vt 0.754771 0.179271
vt 0.655236 0.806005
vt 0.656351 0.805361
vt 0.774781 0.177939
vt 0.777273 0.177939
vt 0.664403 0.800859
vt 0.665518 0.801503
vt 0.752273 0.170916
vt 0.754765 0.170915
vt 0.649799 0.800567
vt 0.650442 0.799452
vt 0.774781 0.170249
vt 0.777273 0.170249
vt 0.670312 0.794950
vt 0.670956 0.796065
vt 0.752273 0.162559
vt 0.754765 0.162559
vt 0.642371 0.798577
vt 0.642371 0.797289
vt 0.774781 0.162559
vt 0.777273 0.162559
vt 0.678384 0.792787
vt 0.678384 0.794075
vt 0.756774 0.162559
vt 0.759266 0.162559
vt 0.759266 0.170915
vt 0.756774 0.170915
vt 0.634943 0.800567
vt 0.634299 0.799452
vt 0.770279 0.162559
vt 0.772771 0.162559
vt 0.772771 0.170249
vt 0.770279 0.170249
vt 0.686455 0.794950
vt 0.685812 0.796065
vt 0.759266 0.179272
vt 0.756774 0.179273
vt 0.629505 0.806005
vt 0.628390 0.805361
vt 0.772771 0.177939
vt 0.770279 0.177939
vt 0.692364 0.800859
vt 0.691249 0.801503
vt 0.759272 0.187628
vt 0.756780 0.187630
vt 0.627515 0.813433
vt 0.626227 0.813433
vt 0.772776 0.185628
vt 0.770284 0.185630
vt 0.694527 0.808931
vt 0.693240 0.808931
vt 0.759279 0.195984
vt 0.756788 0.195986
vt 0.629505 0.820861
vt 0.628390 0.821505
vt 0.772782 0.193318
vt 0.770290 0.193320
vt 0.692364 0.817003
vt 0.691249 0.816359
vt 0.759285 0.204341
vt 0.756793 0.204342
vt 0.634943 0.826299
vt 0.634299 0.827414
vt 0.772786 0.201009
vt 0.770294 0.201009
vt 0.686456 0.822912
vt 0.685812 0.821797
vt 0.759285 0.212698
vt 0.756793 0.212698
vt 0.772786 0.208699
vt 0.770294 0.208699
vt 0.723817 0.816674
vt 0.723685 0.817776
vt 0.716224 0.817016
vt 0.716300 0.815922
vt 0.708780 0.816781
vt 0.701335 0.817006
vt 0.701276 0.815913
vt 0.708789 0.815682
vt 0.702743 0.618760
vt 0.702789 0.617665
vt 0.710322 0.618254
vt 0.710218 0.619358
vt 0.695290 0.618721
vt 0.687837 0.618795
vt 0.687771 0.617704
vt 0.695280 0.617618
vt 0.680371 0.619492
vt 0.680247 0.618389
vt 0.693868 0.817690
vt 0.693752 0.816586
vt 0.725271 0.590222
vt 0.704468 0.428833
vt 0.711259 0.428155
vt 0.710621 0.429530
vt 0.704459 0.430253
vt 0.691884 0.430114
vt 0.691811 0.428622
vt 0.698150 0.428871
vt 0.698160 0.430296
vt 0.626201 0.239323
vt 0.625447 0.240703
vt 0.619272 0.241012
vt 0.619358 0.239524
vt 0.606666 0.239725
vt 0.613000 0.239641
vt 0.612990 0.241079
vt 0.606685 0.241141
vt 0.600517 0.240457
vt 0.599872 0.239087
vt 0.685714 0.429761
vt 0.684970 0.428375
vt 0.710377 0.430560
vt 0.704602 0.431573
vt 0.698317 0.431663
vt 0.692003 0.431589
vt 0.625002 0.241874
vt 0.619144 0.242478
vt 0.612831 0.242461
vt 0.606549 0.242457
vt 0.600769 0.241486
vt 0.686148 0.430935
vt 0.704974 0.434236
vt 0.711937 0.432658
vt 0.698351 0.434253
vt 0.691764 0.434210
vt 0.626390 0.244009
vt 0.619363 0.245083
vt 0.612798 0.245021
vt 0.606196 0.245103
vt 0.599217 0.243592
vt 0.684748 0.433061
vt 0.681582 0.760701
vt 0.685677 0.767195
vt 0.684892 0.768296
vt 0.680247 0.760920
vt 0.693163 0.768925
vt 0.699659 0.764819
vt 0.700765 0.765593
vt 0.693390 0.770251
vt 0.702712 0.757090
vt 0.701384 0.757325
vt 0.697276 0.750825
vt 0.698056 0.749717
vt 0.689784 0.749106
vt 0.683299 0.753219
vt 0.682194 0.752427
vt 0.689559 0.747771
vt 0.683976 0.760300
vt 0.687098 0.765195
vt 0.692749 0.766518
vt 0.697654 0.763408
vt 0.698970 0.757747
vt 0.695855 0.752840
vt 0.690193 0.751533
vt 0.685287 0.754643
vt 0.687017 0.759785
vt 0.688613 0.763058
vt 0.692216 0.763404
vt 0.695486 0.761878
vt 0.695848 0.758286
vt 0.694316 0.755016
vt 0.690722 0.754650
vt 0.687392 0.756145
vt 0.691477 0.759029
vt 0.723464 0.818230
vt 0.716182 0.817486
vt 0.708777 0.817253
vt 0.701371 0.817472
vt 0.710010 0.619810
vt 0.702711 0.619227
vt 0.687876 0.619267
vt 0.695293 0.619188
vt 0.680587 0.619949
vt 0.694081 0.818139
vt 0.716314 0.815541
vt 0.723724 0.816271
vt 0.701267 0.815526
vt 0.708791 0.815296
vt 0.710218 0.617846
vt 0.702795 0.617278
vt 0.687758 0.617327
vt 0.695276 0.617224
vt 0.680344 0.617987
vt 0.693850 0.816178
vt 0.722405 0.794105
vt 0.722278 0.795155
vt 0.715167 0.794430
vt 0.715240 0.793388
vt 0.708073 0.794203
vt 0.700978 0.794411
vt 0.700923 0.793369
vt 0.708082 0.793155
vt 0.098448 0.929563
vt 0.098518 0.928521
vt 0.105681 0.929247
vt 0.105557 0.930297
vt 0.091355 0.929253
vt 0.084257 0.929319
vt 0.084205 0.928276
vt 0.091365 0.928205
vt 0.077134 0.929906
vt 0.077028 0.928854
vt 0.693861 0.795053
vt 0.693752 0.794001
vt 0.711121 0.705677
vt 0.710534 0.704990
vt 0.707256 0.711421
vt 0.708158 0.711493
vt 0.710175 0.717697
vt 0.709487 0.718281
vt 0.715918 0.721552
vt 0.715991 0.720655
vt 0.726060 0.712885
vt 0.725162 0.712817
vt 0.722198 0.718634
vt 0.722783 0.719317
vt 0.723830 0.706025
vt 0.717399 0.702755
vt 0.717329 0.703656
vt 0.723144 0.706613
vt 0.676292 0.240110
vt 0.682720 0.239087
vt 0.682191 0.240431
vt 0.676374 0.241468
vt 0.664426 0.241853
vt 0.664312 0.240420
vt 0.670332 0.240702
vt 0.670403 0.242024
vt 0.656163 0.239087
vt 0.655538 0.240450
vt 0.649693 0.241157
vt 0.649663 0.239726
vt 0.637701 0.240561
vt 0.643695 0.240523
vt 0.643756 0.241851
vt 0.637758 0.241920
vt 0.631864 0.241479
vt 0.631202 0.240195
vt 0.658538 0.241801
vt 0.657772 0.240513
vt 0.682017 0.241425
vt 0.676581 0.242728
vt 0.670613 0.243278
vt 0.664595 0.243277
vt 0.655196 0.241594
vt 0.649667 0.242580
vt 0.643673 0.243127
vt 0.637680 0.243192
vt 0.632140 0.242451
vt 0.658993 0.242896
vt 0.677095 0.245242
vt 0.683624 0.243329
vt 0.670761 0.245748
vt 0.664452 0.245786
vt 0.656664 0.243526
vt 0.650063 0.245045
vt 0.643769 0.245575
vt 0.637422 0.245728
vt 0.630729 0.244506
vt 0.657738 0.244971
vt 0.704027 0.751084
vt 0.707925 0.757276
vt 0.707176 0.758325
vt 0.702755 0.751292
vt 0.715058 0.758929
vt 0.721253 0.755021
vt 0.722306 0.755760
vt 0.715274 0.760194
vt 0.724167 0.747657
vt 0.722901 0.747880
vt 0.718991 0.741683
vt 0.719735 0.740628
vt 0.711852 0.740040
vt 0.705668 0.743955
vt 0.704616 0.743200
vt 0.711639 0.738768
vt 0.706309 0.750704
vt 0.709281 0.755371
vt 0.714666 0.756635
vt 0.719343 0.753675
vt 0.720601 0.748281
vt 0.717635 0.743602
vt 0.712240 0.742354
vt 0.707563 0.745314
vt 0.709207 0.750215
vt 0.710727 0.753336
vt 0.714160 0.753667
vt 0.717277 0.752215
vt 0.717624 0.748793
vt 0.716167 0.745676
vt 0.712742 0.745324
vt 0.709568 0.746747
vt 0.713459 0.749498
vt 0.708261 0.711509
vt 0.711190 0.705760
vt 0.716003 0.720564
vt 0.710255 0.717641
vt 0.725068 0.712817
vt 0.722139 0.718566
vt 0.717326 0.703763
vt 0.723074 0.706686
vt 0.711009 0.705549
vt 0.707982 0.711492
vt 0.715984 0.720852
vt 0.710042 0.717830
vt 0.725355 0.712845
vt 0.722327 0.718787
vt 0.717351 0.703484
vt 0.723293 0.706506
vt 0.711046 0.705601
vt 0.708032 0.711518
vt 0.710084 0.717830
vt 0.716001 0.720839
vt 0.725332 0.712866
vt 0.722317 0.718783
vt 0.723280 0.706554
vt 0.717363 0.703544
vt 0.711786 0.711875
vt 0.713491 0.708528
vt 0.716293 0.717147
vt 0.712946 0.715444
vt 0.721571 0.712637
vt 0.719865 0.715984
vt 0.717063 0.707365
vt 0.720410 0.709066
vt 0.716724 0.712234
vt 0.722068 0.795588
vt 0.715127 0.794878
vt 0.708071 0.794653
vt 0.701012 0.794855
vt 0.105348 0.930723
vt 0.098406 0.930005
vt 0.084289 0.929769
vt 0.091349 0.929702
vt 0.077335 0.930343
vt 0.694063 0.795482
vt 0.715255 0.793025
vt 0.722315 0.793721
vt 0.700914 0.793000
vt 0.708085 0.792787
vt 0.105592 0.928857
vt 0.098533 0.928151
vt 0.084198 0.927912
vt 0.091369 0.927836
vt 0.077124 0.928471
vt 0.693846 0.793612

# vertex normals
vn -0.016311 0.030234 0.999410
vn -0.008159 0.030246 0.999509
vn -0.008141 0.030255 0.999509
vn -0.016540 0.030166 0.999408
vn -0.999435 0.000883 0.033603
vn -0.999435 0.000883 0.033603
vn -1.000000 0.000000 0.000000
vn -0.999394 -0.003203 0.034649
vn -0.999394 -0.003203 0.034649
vn -0.998591 -0.041531 0.033022
vn -0.998591 -0.041531 0.033022
vn -0.998591 -0.041531 0.033022
vn -0.014795 0.156341 0.987592
vn -0.014795 0.156341 0.987592
vn -0.014795 0.156341 0.987592
vn -0.011924 -0.288083 0.957531
vn -0.011924 -0.288083 0.957531
vn -0.011924 -0.288083 0.957531
vn -0.011967 -0.916671 0.399463
vn -0.011967 -0.916671 0.399463
vn -0.014473 -0.999893 -0.002135
vn -0.014473 -0.999893 -0.002135
vn -0.014473 -0.999893 -0.002135
vn -0.013114 0.012220 -0.999839
vn -0.006569 0.012380 -0.999902
vn -0.006560 0.012381 -0.999902
vn -0.013114 0.012220 -0.999839
vn -0.999940 -0.003109 -0.010496
vn -0.999940 -0.003109 -0.010496
vn -0.999940 -0.003109 -0.010496
vn -0.999360 -0.008696 -0.034687
vn -0.999360 -0.008696 -0.034687
vn -0.999017 -0.031774 -0.030908
vn -0.999017 -0.031774 -0.030908
vn -0.014867 0.156989 -0.987488
vn -0.014867 0.156989 -0.987488
vn -0.014867 0.156989 -0.987488
vn -0.011937 -0.288099 -0.957526
vn -0.011937 -0.288099 -0.957526
vn -0.011937 -0.288099 -0.957526
vn -0.011223 -0.916680 -0.399463
vn -0.011223 -0.916680 -0.399463
vn -0.011223 -0.916681 -0.399463
vn -0.011223 -0.916681 -0.399463
vn -0.014475 -0.999893 0.002137
vn -0.014475 -0.999893 0.002137
vn 0.000751 0.917720 -0.397227
vn 0.000751 0.917720 -0.397227
vn 0.000000 0.997562 -0.069779
vn 0.000000 0.999506 -0.031441
vn 0.000000 0.995286 0.096980
vn 0.000000 0.651416 0.758721
vn 0.000000 0.061824 0.998087
vn 0.000000 0.061271 0.998121
vn 0.000000 0.047205 0.998885
vn 0.015506 -0.995779 0.090469
vn 0.015506 -0.995779 0.090469
vn 0.015506 -0.995779 0.090469
vn 0.025871 -0.990671 0.133793
vn 0.025871 -0.990671 0.133793
vn 0.025871 -0.990671 0.133793
vn 0.000000 -0.999507 0.031395
vn 0.000000 -0.999507 0.031395
vn -0.000000 -0.999648 0.026525
vn -0.000000 -0.999648 0.026525
vn -0.000000 -0.996309 -0.085836
vn -0.000000 -0.996309 -0.085836
vn -0.000000 -0.640854 -0.767663
vn -0.000000 -0.640854 -0.767663
vn -0.000000 -0.640854 -0.767663
vn 0.000000 -0.067376 -0.997728
vn 0.000000 -0.061824 -0.998087
vn 0.000000 -0.061271 -0.998121
vn 0.000000 -0.061271 -0.998121
vn -0.006102 -0.052557 -0.998599
vn -0.006102 -0.052557 -0.998599
vn -0.000000 0.999541 -0.030309
vn -0.000000 0.999541 -0.030309
vn 0.005836 0.999855 -0.016029
vn 0.006001 0.999860 -0.015624
vn 0.005791 0.999983 -0.000804
vn 0.005860 0.999982 -0.000813
vn 0.000000 1.000000 0.000000
vn -0.006824 0.999290 0.037059
vn -0.006807 0.999293 0.036968
vn -0.999764 -0.021529 0.003026
vn -0.999132 -0.037121 0.018910
vn -0.926925 0.373024 0.040784
vn -0.999966 -0.008217 -0.001074
vn -0.999963 -0.008480 -0.001109
vn -0.994920 -0.100507 0.005621
vn -0.994941 -0.100305 0.005610
vn -0.979774 -0.199794 0.011174
vn -0.979774 -0.199794 0.011174
vn -0.998547 -0.053811 0.002683
vn -0.998547 -0.053811 0.002683
vn -0.998547 -0.053811 0.002683
vn -0.998547 -0.053811 -0.002683
vn -0.998547 -0.053811 -0.002683
vn -0.998547 -0.053811 -0.002683
vn 0.000000 0.997562 -0.069779
vn 0.000000 0.999506 -0.031441
vn 0.000000 0.999506 -0.031441
vn 0.000000 0.999659 -0.026095
vn 0.000000 0.999659 -0.026095
vn 0.000000 0.995286 0.096980
vn 0.000000 0.995286 0.096979
vn 0.000000 0.651415 0.758721
vn 0.000000 0.651415 0.758721
vn -0.000000 0.073393 0.997303
vn -0.000000 0.073393 0.997303
vn -0.000000 0.061824 0.998087
vn -0.000000 0.061824 0.998087
vn -0.000000 0.061271 0.998121
vn -0.000000 0.061271 0.998121
vn 0.006102 0.052558 0.998599
vn 0.006102 0.052558 0.998599
vn 0.006102 0.052558 0.998599
vn 0.000000 -0.999507 0.031394
vn 0.000000 -0.061271 -0.998121
vn 0.000000 -0.047202 -0.998885
vn 0.000000 -0.047202 -0.998885
vn -0.120634 -0.991247 0.053633
vn -0.238545 -0.969713 0.052468
vn -0.238545 -0.969713 0.052468
vn -0.119647 -0.991366 0.053640
vn 0.000000 0.916894 -0.399130
vn 0.006569 0.012380 -0.999902
vn 0.006560 0.012381 -0.999902
vn 0.000000 0.152349 -0.988327
vn 0.000000 -0.291376 -0.956609
vn 0.000000 -0.916105 -0.400938
vn 0.000000 -1.000000 0.000323
vn 0.000000 -1.000000 0.000323
vn 0.000000 -1.000000 -0.000316
vn 0.000000 -0.291335 0.956621
vn 0.000000 0.151863 0.988401
vn 0.000000 0.151863 0.988402
vn -0.008333 0.030230 0.999508
vn 0.008159 0.030246 0.999509
vn 0.008141 0.030255 0.999509
vn 0.016311 0.030234 0.999410
vn 0.016540 0.030166 0.999408
vn 0.999435 0.000883 0.033603
vn 0.999435 0.000883 0.033603
vn 1.000000 0.000000 0.000000
vn 0.999394 -0.003203 0.034649
vn 0.999394 -0.003203 0.034649
vn 0.999394 -0.003203 0.034649
vn 0.998591 -0.041531 0.033022
vn 0.998591 -0.041531 0.033022
vn 0.998591 -0.041531 0.033022
vn 0.014795 0.156341 0.987592
vn 0.014795 0.156341 0.987592
vn 0.014795 0.156341 0.987592
vn 0.011924 -0.288083 0.957531
vn 0.011924 -0.288083 0.957531
vn 0.011924 -0.288083 0.957531
vn 0.011967 -0.916671 0.399463
vn 0.011967 -0.916671 0.399463
vn 0.011967 -0.916671 0.399463
vn 0.014473 -0.999893 -0.002135
vn 0.014473 -0.999893 -0.002135
vn 0.014473 -0.999893 -0.002135
vn 0.013114 0.012220 -0.999839
vn 0.013114 0.012220 -0.999839
vn 0.999939 -0.003112 -0.010616
vn 0.999939 -0.003112 -0.010616
vn 0.999939 -0.003112 -0.010616
vn 0.999360 -0.008697 -0.034686
vn 0.999017 -0.031772 -0.030906
vn 0.999017 -0.031772 -0.030906
vn 0.999017 -0.031772 -0.030906
vn 0.014867 0.156989 -0.987488
vn 0.014867 0.156989 -0.987488
vn 0.014867 0.156989 -0.987488
vn 0.011937 -0.288099 -0.957526
vn 0.011937 -0.288099 -0.957526
vn 0.011937 -0.288099 -0.957526
vn 0.011937 -0.288099 -0.957526
vn 0.011223 -0.916681 -0.399462
vn 0.011223 -0.916681 -0.399462
vn 0.011223 -0.916681 -0.399462
vn 0.014475 -0.999893 0.002137
vn 0.014475 -0.999893 0.002137
vn 0.014475 -0.999893 0.002137
vn -0.000751 0.917720 -0.397227
vn -0.000751 0.917720 -0.397227
vn 0.000000 0.999659 -0.026095
vn 0.000000 0.073393 0.997303
vn -0.015088 -0.995666 0.091764
vn -0.015088 -0.995666 0.091764
vn -0.025473 -0.990811 0.132835
vn -0.025473 -0.990811 0.132835
vn -0.025473 -0.990811 0.132835
vn -0.000000 -0.999507 0.031395
vn -0.000000 -0.999507 0.031395
vn 0.000000 -0.999648 0.026525
vn 0.000000 -0.999648 0.026525
vn 0.000000 -0.996309 -0.085836
vn 0.000000 -0.996309 -0.085836
vn 0.000000 -0.640854 -0.767663
vn 0.000000 -0.640854 -0.767663
vn 0.000000 -0.640854 -0.767663
vn -0.000000 -0.067376 -0.997728
vn -0.000000 -0.061824 -0.998087
vn -0.000000 -0.061271 -0.998121
vn -0.000000 -0.061271 -0.998121
vn 0.006102 -0.052557 -0.998599
vn 0.006102 -0.052557 -0.998599
vn -0.005836 0.999855 -0.016029
vn 0.000000 0.999541 -0.030309
vn 0.000000 0.999541 -0.030309
vn -0.006001 0.999860 -0.015624
vn -0.005791 0.999983 -0.000804
vn -0.005860 0.999982 -0.000813
vn 0.006744 0.999308 0.036589
vn 0.006727 0.999311 0.036500
vn 0.119647 -0.991366 0.053640
vn 0.120634 -0.991247 0.053633
vn 0.999765 -0.021488 0.002894
vn 0.927076 0.372633 0.040925
vn 0.999085 -0.038142 0.019349
vn 0.999966 -0.008189 -0.001071
vn 0.999964 -0.008446 -0.001104
vn 0.994920 -0.100507 0.005621
vn 0.994941 -0.100305 0.005610
vn 0.979774 -0.199794 0.011174
vn 0.979774 -0.199794 0.011174
vn 0.008333 0.030230 0.999508
vn 0.998547 -0.053811 0.002683
vn 0.998547 -0.053811 0.002683
vn 0.998547 -0.053811 0.002683
vn 0.998547 -0.053811 -0.002683
vn 0.998547 -0.053811 -0.002683
vn 0.998547 -0.053811 -0.002683
vn -0.000000 0.997562 -0.069779
vn -0.000000 0.999506 -0.031441
vn -0.000000 0.999506 -0.031441
vn -0.000000 0.999659 -0.026095
vn -0.000000 0.999659 -0.026095
vn -0.000000 0.995286 0.096979
vn -0.000000 0.995286 0.096979
vn -0.000000 0.651415 0.758721
vn -0.000000 0.651415 0.758721
vn -0.000000 0.651415 0.758721
vn 0.000000 0.073393 0.997303
vn 0.000000 0.073393 0.997303
vn 0.000000 0.061824 0.998087
vn 0.000000 0.061824 0.998087
vn 0.000000 0.061824 0.998087
vn 0.000000 0.061271 0.998121
vn 0.000000 0.061271 0.998121
vn -0.006102 0.052558 0.998599
vn -0.006102 0.052558 0.998599
vn 0.000000 -0.966802 0.255527
vn 0.000000 -0.997719 0.067502
vn 0.000000 -0.640855 -0.767662
vn 0.238545 -0.969713 0.052468
vn 0.238545 -0.969713 0.052468
vn 0.000000 -0.916104 0.400942
vn -0.999967 -0.001161 -0.008066
vn -0.999967 -0.001161 -0.008066
vn -0.999407 0.000084 -0.034432
vn -0.999407 0.000084 -0.034432
vn -0.998328 -0.046644 -0.034129
vn -0.998328 -0.046644 -0.034129
vn -0.012526 -0.916665 -0.399460
vn -0.012526 -0.916665 -0.399460
vn -0.012526 -0.916665 -0.399460
vn -0.012526 -0.916665 -0.399460
vn -0.013580 0.997184 0.073754
vn 0.000000 -0.916106 -0.400937
vn 0.000000 -0.916106 -0.400937
vn 0.999967 -0.001164 -0.008014
vn 0.999967 -0.001164 -0.008014
vn 0.999967 -0.001164 -0.008014
vn 0.999407 0.000083 -0.034433
vn 0.999407 0.000083 -0.034433
vn 0.998328 -0.046643 -0.034129
vn 0.998328 -0.046643 -0.034129
vn 0.012526 -0.916665 -0.399461
vn 0.012526 -0.916665 -0.399461
vn 0.012526 -0.916664 -0.399461
vn 0.012526 -0.916665 -0.399461
vn 0.013422 0.997255 0.072823
vn -0.063916 -0.291424 -0.954456
vn -0.067657 0.044597 -0.996711
vn -0.047336 0.157549 -0.986376
vn -0.040776 -0.298072 -0.953672
vn -0.056042 0.591699 -0.804209
vn -0.044646 0.587068 -0.808306
vn -0.033107 0.582281 -0.812313
vn -0.027835 0.139181 -0.989876
vn -0.017161 -0.304673 -0.952302
vn -0.043528 -0.281854 0.958469
vn -0.020275 -0.288453 0.957279
vn -0.026350 0.171727 0.984792
vn -0.046358 0.060224 0.997108
vn 0.003294 -0.294966 0.955502
vn -0.006757 0.154203 0.988016
vn -0.015928 0.596976 0.802101
vn -0.027258 0.602152 0.797916
vn -0.038597 0.607230 0.793588
vn -0.016823 -0.999087 -0.039264
vn 0.002104 -0.999227 -0.039258
vn 0.002107 -0.999997 0.001012
vn -0.016344 -0.999866 0.001174
vn 0.020067 -0.999028 -0.039240
vn 0.020559 -0.999788 0.000889
vn 0.021023 -0.998920 0.041446
vn 0.002865 -0.999144 0.041278
vn -0.015844 -0.999030 0.041089
vn -0.023494 0.998870 -0.041303
vn -0.020034 0.998954 -0.041102
vn -0.019579 0.999808 -0.001022
vn -0.023123 0.999732 -0.001352
vn -0.016392 0.999029 -0.040890
vn -0.016032 0.999871 -0.000640
vn -0.015650 0.999113 0.039084
vn -0.019232 0.999052 0.039053
vn -0.022711 0.998980 0.039022
vn -0.460871 0.876970 -0.136094
vn -0.938059 0.223940 -0.264378
vn -0.979233 0.202721 0.002738
vn -0.463252 0.886226 -0.001170
vn -0.787738 -0.576966 -0.215823
vn -0.806506 -0.591224 0.001861
vn -0.786538 -0.577087 0.219838
vn -0.938576 0.216872 0.268406
vn -0.456995 0.879030 0.135875
vn 0.439933 -0.759856 -0.478621
vn 0.073328 -0.083529 -0.993804
vn -0.012608 -0.018359 -0.999752
vn 0.480369 -0.721100 -0.499260
vn -0.540568 0.634467 -0.552483
vn -0.649341 0.591814 -0.477611
vn -0.656469 0.543164 -0.523471
vn -0.035954 -0.034555 -0.998756
vn 0.557292 -0.641403 -0.527283
vn -0.529860 0.641190 0.555090
vn 0.094159 -0.072603 0.992906
vn 0.007211 -0.005438 0.999959
vn -0.642087 0.598290 0.479346
vn 0.449648 -0.752225 0.481637
vn 0.490522 -0.715240 0.497815
vn 0.566906 -0.634179 0.525771
vn -0.016914 -0.021788 0.999619
vn -0.648523 0.550455 0.525754
vn 0.465127 -0.885244 0.000483
vn 0.530928 -0.847417 0.000231
vn 0.655171 -0.755480 0.000185
vn -0.734789 0.678295 0.000975
vn -0.771733 0.635946 0.000509
vn -0.774089 0.633077 -0.000075
vn -0.043066 0.001986 -0.999070
vn 0.546349 -0.623668 -0.559054
vn -0.581349 0.610172 -0.538260
vn -0.023185 0.014472 0.999626
vn -0.571958 0.617496 0.539966
vn 0.556953 -0.615555 0.557579
vn 0.669126 -0.743149 0.000232
vn -0.680846 0.732427 -0.000190
vn -0.048285 0.027834 -0.998446
vn 0.406904 -0.716839 -0.566189
vn -0.433928 0.726306 -0.533090
vn -0.027305 0.039028 0.998865
vn -0.423609 0.732122 0.533434
vn 0.419308 -0.709879 0.565908
vn 0.509675 -0.860367 0.000060
vn -0.501084 0.865399 -0.000090
vn -0.034615 0.043479 -0.998454
vn 0.183944 -0.807143 -0.560968
vn -0.208477 0.823061 -0.528307
vn -0.016128 0.051998 0.998517
vn -0.199352 0.826769 0.526034
vn 0.195500 -0.803594 0.562153
vn 0.236601 -0.971607 -0.000102
vn -0.235087 0.971974 -0.000337
vn -0.000000 0.023251 -0.999730
vn -0.000000 -0.836335 -0.548218
vn 0.000000 0.845206 -0.534441
vn -0.000000 0.030051 0.999548
vn 0.000000 0.848782 0.528743
vn -0.000000 -0.836227 0.548383
vn -0.000000 -1.000000 -0.000631
vn 0.000000 0.999999 -0.001052
vn 0.063916 -0.291424 -0.954456
vn 0.040776 -0.298073 -0.953672
vn 0.047336 0.157549 -0.986376
vn 0.067657 0.044597 -0.996711
vn 0.017161 -0.304673 -0.952302
vn 0.027835 0.139180 -0.989876
vn 0.033107 0.582281 -0.812313
vn 0.044646 0.587068 -0.808306
vn 0.056042 0.591699 -0.804209
vn 0.043528 -0.281854 0.958469
vn 0.046358 0.060224 0.997108
vn 0.026350 0.171727 0.984792
vn 0.020275 -0.288453 0.957279
vn 0.038597 0.607230 0.793588
vn 0.027258 0.602152 0.797916
vn 0.015928 0.596976 0.802101
vn 0.006757 0.154201 0.988016
vn -0.003294 -0.294966 0.955502
vn 0.016823 -0.999087 -0.039264
vn 0.016344 -0.999866 0.001174
vn -0.002107 -0.999997 0.001012
vn -0.002104 -0.999227 -0.039258
vn 0.015844 -0.999030 0.041090
vn -0.002865 -0.999144 0.041278
vn -0.021023 -0.998920 0.041446
vn -0.020559 -0.999788 0.000889
vn -0.020067 -0.999028 -0.039240
vn 0.023494 0.998870 -0.041303
vn 0.023123 0.999732 -0.001352
vn 0.019579 0.999808 -0.001022
vn 0.020034 0.998954 -0.041102
vn 0.022711 0.998980 0.039022
vn 0.019232 0.999052 0.039053
vn 0.015650 0.999113 0.039084
vn 0.016032 0.999871 -0.000640
vn 0.016392 0.999029 -0.040890
vn 0.460871 0.876970 -0.136094
vn 0.463251 0.886226 -0.001170
vn 0.979233 0.202721 0.002738
vn 0.938059 0.223940 -0.264378
vn 0.456994 0.879030 0.135875
vn 0.938576 0.216872 0.268407
vn 0.786537 -0.577088 0.219839
vn 0.806505 -0.591225 0.001861
vn 0.787737 -0.576967 -0.215823
vn -0.439933 -0.759855 -0.478622
vn -0.480369 -0.721099 -0.499261
vn 0.012608 -0.018359 -0.999752
vn -0.073328 -0.083527 -0.993804
vn -0.557292 -0.641402 -0.527283
vn 0.035954 -0.034555 -0.998756
vn 0.656468 0.543164 -0.523471
vn 0.649341 0.591814 -0.477611
vn 0.540568 0.634467 -0.552483
vn 0.529860 0.641189 0.555090
vn 0.642087 0.598290 0.479346
vn -0.007211 -0.005437 0.999959
vn -0.094157 -0.072600 0.992907
vn 0.648522 0.550456 0.525754
vn 0.016915 -0.021788 0.999619
vn -0.566906 -0.634179 0.525771
vn -0.490522 -0.715240 0.497815
vn -0.449648 -0.752225 0.481638
vn -0.530928 -0.847417 0.000231
vn -0.465127 -0.885244 0.000483
vn -0.655172 -0.755480 0.000185
vn 0.771733 0.635947 0.000509
vn 0.734789 0.678295 0.000975
vn 0.774088 0.633078 -0.000075
vn -0.546349 -0.623668 -0.559054
vn 0.043066 0.001986 -0.999070
vn 0.581349 0.610173 -0.538260
vn 0.571957 0.617496 0.539966
vn 0.023185 0.014472 0.999626
vn -0.556953 -0.615555 0.557579
vn -0.669126 -0.743149 0.000232
vn 0.680846 0.732427 -0.000190
vn -0.406904 -0.716839 -0.566189
vn 0.048286 0.027834 -0.998446
vn 0.433928 0.726306 -0.533090
vn 0.423609 0.732122 0.533434
vn 0.027305 0.039028 0.998865
vn -0.419308 -0.709879 0.565908
vn -0.509675 -0.860367 0.000060
vn 0.501084 0.865398 -0.000090
vn -0.183944 -0.807143 -0.560968
vn 0.034615 0.043479 -0.998454
vn 0.208477 0.823061 -0.528307
vn 0.199352 0.826769 0.526034
vn 0.016128 0.051998 0.998517
vn -0.195500 -0.803594 0.562153
vn -0.236601 -0.971607 -0.000103
vn 0.235087 0.971974 -0.000337
vn -0.008092 0.054665 -0.998472
vn -0.004320 0.055318 -0.998459
vn -0.005748 -0.031169 -0.999498
vn -0.015579 -0.032887 -0.999338
vn -0.129165 0.038020 0.990894
vn -0.184621 0.038155 0.982069
vn -0.361840 0.037751 0.931476
vn -0.361840 0.037751 0.931476
vn -0.361339 -0.932232 0.019454
vn -0.327455 -0.944663 0.019623
vn -0.676411 -0.736345 0.016281
vn -0.676411 -0.736344 0.016281
vn -1.000000 -0.000012 0.000372
vn -1.000000 -0.000012 0.000371
vn -1.000000 -0.000018 0.000425
vn -1.000000 -0.000018 0.000425
vn -0.000543 0.141789 -0.989897
vn -0.000548 0.055973 -0.998432
vn -0.000543 0.141789 -0.989897
vn 0.000549 0.037249 0.999306
vn 0.000011 -0.999801 0.019957
vn 0.000011 -0.999801 0.019957
vn -0.000018 0.999435 -0.033614
vn -0.000018 0.999435 -0.033614
vn -0.000018 0.999435 -0.033614
vn -0.000543 0.141789 -0.989897
vn 0.000547 0.098255 0.995161
vn 0.000547 0.098256 0.995161
vn 0.000547 0.098256 0.995161
vn 0.000547 0.098255 0.995161
vn -1.000000 -0.000007 0.000323
vn -1.000000 -0.000007 0.000323
vn 0.000526 0.287696 0.957722
vn 0.000526 0.287696 0.957722
vn 0.000546 0.130296 0.991475
vn -0.104448 0.873462 0.475558
vn -0.104448 0.873462 0.475558
vn 0.000202 0.952932 0.303185
vn 0.000202 0.952932 0.303185
vn 0.000236 0.903304 0.429001
vn -0.735832 0.075221 0.672974
vn -0.735832 0.075221 0.672974
vn 0.000449 -0.517369 0.855762
vn 0.000449 -0.517369 0.855762
vn 0.000449 -0.517371 0.855761
vn 0.000449 -0.517371 0.855761
vn 0.000449 -0.517371 0.855761
vn -0.000549 -0.030259 -0.999542
vn 0.000546 0.098255 0.995161
vn 0.000546 0.098255 0.995161
vn 0.000526 0.287693 0.957722
vn 0.000236 0.903303 0.429002
vn 0.000236 0.903303 0.429002
vn 0.000236 0.903303 0.429002
vn 0.004651 -0.031169 -0.999503
vn 0.003224 0.055318 -0.998464
vn 0.006996 0.054665 -0.998480
vn 0.014482 -0.032887 -0.999354
vn 0.362851 0.037778 0.931081
vn 0.185685 0.038169 0.981868
vn 0.130259 0.038030 0.990750
vn 0.676405 -0.736371 0.015305
vn 0.327532 -0.944646 0.019150
vn 0.361281 -0.932265 0.018933
vn 1.000000 0.000039 -0.000796
vn 1.000000 0.000031 -0.000936
vn 1.000000 0.000031 -0.000935
vn -0.000543 0.141789 -0.989897
vn -0.000018 0.999435 -0.033614
vn -0.000018 0.999435 -0.033614
vn -0.000543 0.141789 -0.989897
vn 0.000545 0.098256 0.995161
vn 0.000545 0.098256 0.995161
vn 0.000545 0.098255 0.995161
vn 0.000545 0.098255 0.995161
vn 0.999999 0.000023 -0.001061
vn 0.999999 0.000023 -0.001061
vn 0.000526 0.287696 0.957722
vn 0.000542 0.130296 0.991475
vn 0.000542 0.130296 0.991475
vn 0.104970 0.873462 0.475443
vn 0.104970 0.873462 0.475443
vn 0.104970 0.873462 0.475443
vn 0.000131 0.952932 0.303185
vn 0.000131 0.952932 0.303185
vn 0.000235 0.903304 0.429001
vn 0.000235 0.903304 0.429001
vn 0.736578 0.075316 0.672146
vn 0.736578 0.075316 0.672146
vn 0.000491 -0.517370 0.855762
vn 0.000491 -0.517371 0.855761
vn 0.000526 0.287693 0.957722
vn 0.000235 0.903303 0.429002
vn 0.000235 0.903303 0.429002
vn 0.000235 0.903303 0.429002
vn -0.009651 0.936139 0.351499
vn -0.001481 0.730374 0.683046
vn 0.014246 0.033989 0.999321
vn 0.021636 -0.682287 0.730764
vn 0.020561 -0.910107 0.413863
vn 0.999765 0.015861 -0.014791
vn -0.999765 -0.015861 0.014791
vn 0.999765 0.015861 -0.014791
vn 0.999765 0.015861 -0.014791
vn 0.999765 0.015861 -0.014791
vn 0.999765 0.015861 -0.014791
vn 0.889604 -0.456663 0.007963
vn 0.890580 -0.454757 0.007972
vn 0.888281 0.459231 0.007951
vn 0.887305 0.461115 0.007943
vn -0.898557 0.438783 -0.008043
vn -0.897573 0.440793 -0.008035
vn -0.895265 -0.445461 -0.008014
vn -0.896251 -0.443474 -0.008023
vn 0.001950 -0.999998 0.000018
vn 0.234434 -0.103778 0.966577
vn 0.235479 -0.102955 0.966411
vn 0.234874 0.104372 0.966406
vn 0.234088 0.104980 0.966531
vn -0.001950 0.999998 -0.000017
vn 0.256943 0.116219 -0.959413
vn 0.257185 0.116018 -0.959372
vn 0.257842 -0.114611 -0.959365
vn 0.257334 -0.115039 -0.959450
vn 0.603220 -0.797557 0.005400
vn 0.603219 -0.797557 0.005400
vn 0.600816 0.799369 0.005378
vn 0.600816 0.799369 0.005378
vn -0.610266 0.792177 -0.005463
vn -0.610266 0.792177 -0.005463
vn -0.607761 -0.794102 -0.005440
vn 0.099053 -0.206172 0.973489
vn 0.098230 0.206001 0.973609
vn 0.098230 0.206001 0.973609
vn 0.115333 0.228113 -0.966780
vn 0.115333 0.228113 -0.966780
vn 0.116237 -0.228390 -0.966606
vn -0.000000 1.000000 -0.000000
vn -0.000000 0.812008 0.583646
vn -1.000000 -0.000000 -0.000000
vn 0.000000 -1.000000 0.000000
vn 0.000000 -0.812008 -0.583646
vn 1.000000 0.000000 0.000000
vn -0.000000 0.420716 0.907193
vn 0.000000 -0.420716 -0.907192
vn -0.000000 -0.000000 1.000000
vn 0.000000 0.000000 -1.000000
vn -0.000000 -0.420716 0.907193
vn 0.000000 0.420716 -0.907192
vn 0.000000 -0.812008 0.583646
vn -0.000000 0.812008 -0.583646
vn 0.000000 -1.000000 -0.000000
vn -0.000000 1.000000 0.000000
vn -0.000000 0.420716 0.907192
vn 0.000000 -0.000000 -1.000000
vn -0.000000 0.000000 1.000000
vn 0.000000 0.420716 -0.907192
vn -0.000000 -0.420716 0.907192
vn -0.000000 0.812008 -0.583646
vn 0.000000 -0.812008 0.583646
vn -0.889604 -0.456663 -0.007963
vn -0.890580 -0.454757 -0.007972
vn -0.888281 0.459231 -0.007951
vn -0.887305 0.461115 -0.007943
vn 0.898557 0.438783 0.008043
vn 0.897573 0.440793 0.008035
vn 0.895265 -0.445461 0.008014
vn 0.896251 -0.443474 0.008023
vn -0.001950 -0.999998 -0.000018
vn -0.234434 -0.103778 -0.966577
vn -0.235479 -0.102955 -0.966411
vn -0.234874 0.104372 -0.966406
vn -0.234088 0.104980 -0.966531
vn 0.001950 0.999998 0.000017
vn -0.256943 0.116219 0.959413
vn -0.257185 0.116018 0.959372
vn -0.257842 -0.114611 0.959365
vn -0.257334 -0.115039 0.959450
vn -0.603220 -0.797557 -0.005400
vn -0.603219 -0.797557 -0.005400
vn -0.600816 0.799369 -0.005378
vn -0.600816 0.799369 -0.005378
vn 0.610266 0.792177 0.005463
vn 0.610266 0.792177 0.005463
vn 0.607761 -0.794102 0.005440
vn -0.099054 -0.206172 -0.973489
vn -0.098230 0.206001 -0.973609
vn -0.098230 0.206001 -0.973609
vn -0.115333 0.228113 0.966780
vn -0.115333 0.228113 0.966780
vn -0.116237 -0.228390 0.966606
vn 0.000000 1.000000 0.000000
vn 0.000000 0.812008 -0.583646
vn 1.000000 -0.000000 0.000000
vn -0.000000 -1.000000 -0.000000
vn -0.000000 -0.812008 0.583646
vn -1.000000 0.000000 -0.000000
vn 0.000000 0.420716 -0.907193
vn -0.000000 -0.420716 0.907192
vn 0.000000 0.000000 -1.000000
vn -0.000000 -0.000000 1.000000
vn -0.000000 -0.420716 -0.907193
vn 0.000000 0.420716 0.907192
vn -0.000000 -0.812008 -0.583646
vn 0.000000 0.812008 0.583646
vn -0.000000 -1.000000 0.000000
vn 0.000000 1.000000 -0.000000
vn 0.000000 0.420716 -0.907192
vn -0.000000 -0.000000 1.000000
vn 0.000000 0.000000 -1.000000
vn 0.000000 0.420716 0.907192
vn -0.000000 -0.420716 -0.907192
vn 0.000000 0.812008 0.583646
vn -0.000000 -0.812008 -0.583646
vn 0.232602 -0.329370 0.915102
vn 0.234853 0.447557 0.862866
vn -0.444502 0.458834 0.769343
vn -0.482025 -0.317849 0.816470
vn -0.859130 0.460680 0.222868
vn -0.765963 0.452210 -0.456954
vn -0.818762 -0.325024 -0.473275
vn -0.917543 -0.316145 0.241179
vn 0.460842 0.427525 -0.777719
vn 0.469448 -0.351252 -0.810086
vn -0.244520 -0.339501 -0.908267
vn -0.219023 0.438520 -0.871624
vn 0.875113 0.425471 -0.230546
vn 0.781192 0.433704 0.449043
vn 0.807313 -0.344274 0.479293
vn 0.905350 -0.353393 -0.235489
vn -0.134546 -0.885312 -0.445106
vn 0.093468 -0.898879 0.428112
vn -0.237583 -0.892260 0.383960
vn 0.217244 -0.892799 -0.394608
vn 0.425651 -0.898112 -0.110523
vn -0.443897 -0.888313 0.117711
vn -0.401497 -0.889240 -0.219207
vn 0.373061 -0.897916 0.233608
vn 0.208472 -0.901683 -0.378823
vn -0.245415 -0.884959 0.395752
vn 0.097097 -0.892528 0.440416
vn -0.129868 -0.894810 -0.427141
vn 0.410380 -0.905773 -0.105656
vn 0.360656 -0.904573 0.227321
vn -0.416156 -0.880041 -0.228785
vn -0.459829 -0.879722 0.121027
vn -0.194139 0.914773 0.354261
vn 0.122998 0.908410 0.399577
vn 0.140163 0.872403 0.468260
vn -0.229403 0.887747 0.399099
vn -0.331465 0.918162 -0.217046
vn -0.337149 0.916764 -0.214184
vn -0.383732 0.918223 0.098064
vn -0.409543 0.907246 0.095813
vn -0.086555 0.911488 -0.402116
vn -0.083011 0.917483 -0.389016
vn 0.217828 0.906758 -0.361026
vn 0.223738 0.905544 -0.360460
vn 0.377518 0.903099 0.204675
vn 0.417097 0.902042 -0.111127
vn 0.439029 0.889575 -0.126130
vn 0.429430 0.874050 0.227214
vn 0.205637 -0.507125 0.836981
vn -0.433140 -0.475495 0.765699
vn -0.865456 -0.429786 0.257429
vn -0.805727 -0.398493 -0.438187
vn -0.242499 -0.401023 -0.883388
vn 0.466414 -0.434463 -0.770519
vn 0.856774 -0.478453 -0.192411
vn 0.727112 -0.508218 0.461543
vn -0.446625 -0.482489 0.753479
vn 0.209598 -0.495177 0.843130
vn -0.847720 -0.480180 0.225385
vn -0.757445 -0.489530 -0.432014
vn -0.228727 -0.505088 -0.832208
vn 0.427722 -0.517728 -0.740954
vn 0.827188 -0.520153 -0.212604
vn 0.736695 -0.510781 0.443151
vn 0.238762 0.417484 0.876755
vn -0.452946 0.425967 0.783193
vn -0.876184 0.425583 0.226230
vn -0.780302 0.416668 -0.466386
vn -0.223015 0.403234 -0.887506
vn 0.468174 0.393040 -0.791412
vn 0.888907 0.393185 -0.235052
vn 0.793502 0.403916 0.455200
vn 0.169798 0.806643 0.566124
vn -0.286226 0.808902 0.513568
vn -0.581052 0.800448 0.147178
vn -0.516643 0.793458 -0.321721
vn -0.140692 0.781770 -0.607488
vn 0.326095 0.776365 -0.539369
vn 0.604040 0.780794 -0.159677
vn 0.528611 0.796488 0.293560
vn 0.100561 0.961316 0.256433
vn -0.117512 0.956880 0.265654
vn -0.247740 0.966361 0.069069
vn -0.262514 0.948481 -0.177399
vn -0.052294 0.955353 -0.290803
vn 0.184978 0.938943 -0.290120
vn 0.291112 0.954658 -0.062310
vn 0.278165 0.946876 0.161402
vn 0.036547 0.999244 0.013270
vn 0.470991 0.379039 -0.796553
vn -0.225049 0.390879 -0.892505
vn 0.800216 0.383849 0.460776
vn 0.896066 0.375899 -0.236148
vn -0.457144 0.409710 0.789403
vn 0.239277 0.397746 0.885745
vn -0.785976 0.404276 -0.467763
vn -0.881674 0.412567 0.228996
vn -0.219597 0.433590 -0.873943
vn 0.461700 0.422416 -0.779999
vn 0.782885 0.430107 0.449554
vn 0.876904 0.420986 -0.231968
vn -0.445937 0.454883 0.770858
vn 0.235099 0.443975 0.864647
vn -0.767534 0.447839 -0.458619
vn -0.861375 0.456529 0.222745
vn -0.225586 -0.524691 -0.820860
vn 0.422166 -0.534580 -0.732120
vn 0.817543 -0.535983 -0.210586
vn 0.727962 -0.528084 0.437263
vn -0.440303 -0.505735 0.741867
vn 0.206635 -0.515598 0.831541
vn -0.834700 -0.504246 0.221387
vn -0.746065 -0.512170 -0.425522
vn 0.120510 -0.966926 -0.224792
vn -0.082922 -0.965861 -0.245432
vn 0.216775 -0.965293 0.145666
vn 0.238360 -0.969473 -0.057512
vn -0.152273 -0.958408 0.241387
vn 0.049927 -0.963627 0.262546
vn -0.249315 -0.960018 -0.127309
vn -0.269508 -0.960048 0.075324
vn -0.018157 -0.999783 0.010242
vn 0.624236 -0.329365 0.708412
vn 0.602417 0.447563 0.660895
vn -0.044861 0.458839 0.887386
vn -0.056767 -0.317850 0.946440
vn -0.663034 0.460683 0.590048
vn -0.890057 0.452209 -0.057486
vn -0.944487 -0.325031 -0.047938
vn -0.706675 -0.316154 0.632975
vn 0.055580 0.427515 -0.902298
vn 0.048488 -0.351241 -0.935029
vn -0.631724 -0.339499 -0.696897
vn -0.592324 0.438513 -0.675914
vn 0.673764 0.425465 -0.604170
vn 0.900003 0.433707 0.043500
vn 0.937049 -0.344262 0.058511
vn 0.698420 -0.353377 -0.622361
vn -0.322688 -0.885304 -0.334828
vn 0.278367 -0.898881 0.338414
vn -0.036401 -0.892265 0.450043
vn 0.013439 -0.892792 -0.450269
vn 0.328461 -0.898104 -0.292442
vn -0.341397 -0.888322 0.307136
vn -0.457266 -0.889248 -0.012052
vn 0.438557 -0.897907 0.037832
vn 0.012838 -0.901679 -0.432216
vn -0.037994 -0.884956 0.464122
vn 0.287217 -0.892523 0.347720
vn -0.310322 -0.894812 -0.320955
vn 0.317090 -0.905766 -0.281145
vn 0.424639 -0.904569 0.037890
vn -0.474701 -0.880037 -0.013894
vn -0.354082 -0.879719 0.317365
vn -0.011275 0.914775 0.403806
vn 0.291642 0.908413 0.299552
vn 0.338238 0.872402 0.352861
vn -0.022219 0.887747 0.459795
vn -0.393963 0.918164 -0.042053
vn -0.397720 0.916764 -0.036918
vn -0.296816 0.918225 0.262226
vn -0.320820 0.907245 0.271994
vn -0.260371 0.911485 -0.318436
vn -0.251237 0.917486 -0.308382
vn 0.029274 0.906761 -0.420627
vn 0.034796 0.905540 -0.422832
vn 0.429310 0.903101 0.010050
vn 0.320560 0.902042 -0.289070
vn 0.333239 0.889577 -0.312416
vn 0.485795 0.874049 0.006442
vn 0.564616 -0.507123 0.651180
vn -0.036409 -0.475493 0.878966
vn -0.652910 -0.429790 0.623690
vn -0.916891 -0.398494 -0.022653
vn -0.618578 -0.401027 -0.675676
vn 0.063825 -0.434464 -0.898425
vn 0.674823 -0.478455 -0.561868
vn 0.857573 -0.508216 0.079280
vn -0.053984 -0.482489 0.874237
vn 0.570944 -0.495175 0.654847
vn -0.651733 -0.480181 0.587087
vn -0.871105 -0.489532 -0.039172
vn -0.582990 -0.505087 -0.636404
vn 0.042869 -0.517726 -0.854472
vn 0.639287 -0.520152 -0.566352
vn 0.857715 -0.510782 0.058543
vn 0.612231 0.417485 0.671476
vn -0.046062 0.425968 0.903565
vn -0.676682 0.425582 0.600817
vn -0.907120 0.416668 -0.059341
vn -0.603116 0.403234 -0.688225
vn 0.055869 0.393041 -0.917822
vn 0.683983 0.393185 -0.614469
vn 0.913768 0.403915 0.043366
vn 0.409228 0.806644 0.426449
vn -0.020604 0.808903 0.587582
vn -0.450048 0.800448 0.395904
vn -0.606500 0.793459 -0.050792
vn -0.402183 0.781770 -0.476534
vn 0.044326 0.776365 -0.628723
vn 0.464810 0.780794 -0.417507
vn 0.604314 0.796489 0.020272
vn 0.206414 0.961317 0.182383
vn 0.016528 0.956880 0.290014
vn -0.189005 0.966361 0.174422
vn -0.314522 0.948481 -0.038205
vn -0.179124 0.955353 -0.234979
vn 0.032364 0.938943 -0.342547
vn 0.230689 0.954658 -0.188179
vn 0.321158 0.946876 0.016831
vn 0.038579 0.999244 -0.004852
vn 0.056031 0.379070 -0.923670
vn -0.607206 0.390900 -0.691736
vn 0.922282 0.383858 0.045274
vn 0.689852 0.375923 -0.618697
vn -0.046969 0.409704 0.911009
vn 0.616795 0.397742 0.679238
vn -0.912800 0.404270 -0.057977
vn -0.680312 0.412553 0.605785
vn -0.593886 0.433604 -0.677708
vn 0.055316 0.422428 -0.904707
vn 0.901749 0.430098 0.043185
vn 0.674708 0.420988 -0.606249
vn -0.045448 0.454880 0.889392
vn 0.603454 0.443969 0.662371
vn -0.892215 0.447839 -0.058249
vn -0.665095 0.456524 0.590961
vn -0.575021 -0.524688 -0.627737
vn 0.041948 -0.534581 -0.844075
vn 0.631620 -0.535987 -0.560156
vn 0.847255 -0.528088 0.057285
vn -0.053649 -0.505738 0.861018
vn 0.563022 -0.515599 0.645882
vn -0.641963 -0.504252 0.577594
vn -0.858016 -0.512173 -0.038581
vn 0.004771 -0.966926 -0.255012
vn -0.185699 -0.965861 -0.180635
vn 0.259348 -0.965292 0.030813
vn 0.185927 -0.969472 -0.159860
vn -0.025475 -0.958408 0.284264
vn 0.164136 -0.963627 0.210909
vn -0.279938 -0.960018 0.000359
vn -0.205527 -0.960048 0.189913
vn -0.011490 -0.999783 0.017394

# Mesh
g cuerpo_low
usemtl z2_defaultMat
f 2/2/2 3/3/3 4/4/4 1/1/1
f 1/5/5 4/6/6 5/7/6 6/8/6
f 5/7/7 7/9/7 8/10/7 6/8/7
f 9/11/8 1/5/9 6/8/9 10/12/9
f 6/8/7 8/10/7 11/13/7 10/12/7
f 12/14/10 9/11/11 10/12/12 13/15/10
f 14/17/14 2/2/15 1/1/13 9/16/13
f 15/19/16 14/17/17 9/16/18 12/18/16
f 16/21/20 15/19/20 12/18/19 13/20/19
f 18/23/23 16/21/23 13/20/21 17/22/22
f 20/25/25 21/26/26 22/27/27 19/24/24
f 22/27/30 23/28/28 24/29/29 19/24/28
f 7/9/7 25/30/7 26/31/7 8/10/7
f 22/27/31 28/33/32 27/32/31 23/28/31
f 29/34/33 30/35/33 27/32/34 28/33/34
f 21/26/35 31/36/36 28/33/37 22/27/35
f 31/36/38 32/37/39 29/34/40 28/33/39
f 32/37/41 33/38/42 30/39/43 29/34/44
f 34/40/45 18/23/45 17/22/46 35/41/46
f 37/43/47 20/25/48 19/24/47 36/42/48
f 39/45/49 40/46/49 37/43/49 38/44/49
f 42/48/50 39/45/50 38/44/50 41/47/50
f 45/51/51 46/52/51 43/49/51 44/50/51
f 48/54/52 45/51/52 44/50/52 47/53/52
f 51/57/53 52/58/53 49/55/53 50/56/53
f 54/60/54 51/57/54 50/56/54 53/59/54
f 56/62/55 54/60/55 53/59/55 55/61/55
f 58/64/56 59/65/57 60/66/58 57/63/56
f 59/65/60 61/67/60 62/68/61 24/69/60 60/66/59
f 61/67/63 63/70/62 64/71/63 62/68/62
f 63/70/65 65/72/64 66/73/65 64/71/64
f 65/72/67 67/74/66 68/75/67 66/73/66
f 67/77/69 69/78/68 70/79/70 68/76/68
f 69/81/71 71/82/71 72/83/71 70/80/71
f 71/82/72 73/84/72 74/85/72 72/83/72
f 73/84/73 75/86/73 76/87/74 74/85/73
f 75/86/75 77/88/75 78/89/76 76/87/75
f 79/90/77 80/91/78 81/92/79 4/4/80
f 81/92/79 82/94/82 5/93/81 4/4/80
f 82/94/82 83/96/83 7/95/83 5/93/81
f 83/96/83 84/98/85 25/97/84 7/95/83
f 36/99/86 19/100/87 24/101/88
f 36/99/86 24/101/88 62/103/90 85/102/89
f 86/104/7 85/102/89 62/103/90 64/105/7
f 87/106/7 86/104/7 64/105/7 66/107/7
f 88/108/7 87/106/7 66/107/7 68/109/7
f 88/108/7 68/109/7 70/111/7 89/110/7
f 89/110/7 70/111/7 72/113/7 90/112/7
f 90/112/7 72/113/7 74/115/7 91/114/7
f 91/114/7 74/115/7 76/117/92 92/116/91
f 78/119/94 93/118/93 92/116/91 76/117/92
f 8/10/7 26/31/7 94/120/7 11/13/7
f 17/121/97 13/15/96 10/12/95 11/13/96
f 35/122/99 17/121/100 11/13/98 94/120/98
f 38/44/49 37/43/49 36/42/101 85/123/101
f 41/47/102 38/44/102 85/123/102 86/124/103
f 43/49/104 41/47/105 86/124/104 87/125/105
f 44/50/51 43/49/51 87/125/106 88/126/107
f 47/53/52 44/50/52 88/126/108 89/127/109
f 49/55/110 47/53/110 89/127/110 90/128/111
f 50/56/53 49/55/53 90/128/112 91/129/113
f 53/59/114 50/56/114 91/129/114 92/130/115
f 55/61/116 53/59/118 92/130/116 93/131/117
f 95/132/119 96/133/119 63/70/62 61/67/63
f 97/134/120 98/135/120 75/86/73 73/84/73
f 98/135/121 99/136/122 77/88/122 75/86/121
f 77/138/126 55/137/123 93/118/124 78/119/125
f 40/46/127 100/139/127 20/25/127 37/43/127
f 100/139/128 101/140/129 21/26/26 20/25/25
f 101/140/130 102/141/130 31/36/130 21/26/130
f 102/141/131 103/142/131 32/37/131 31/36/131
f 103/142/132 104/143/132 33/38/132 32/37/132
f 105/144/133 106/145/134 18/23/134 34/40/133
f 106/145/135 107/146/135 16/21/135 18/23/135
f 108/147/136 109/148/136 14/17/136 15/19/136
f 109/148/137 110/149/138 2/2/138 14/17/137
f 79/90/139 4/4/4 3/3/3
f 110/149/140 111/150/141 3/3/3 2/2/2
f 112/151/142 113/152/143 111/150/141 110/149/140
f 114/154/145 115/155/145 113/156/145 112/153/144
f 117/158/146 115/155/146 114/154/146 116/157/146
f 119/160/148 114/154/148 112/153/149 118/159/147
f 116/157/146 114/154/146 119/160/146 120/161/146
f 122/163/150 119/160/151 118/159/152 121/162/150
f 118/164/155 112/151/155 110/149/153 109/148/154
f 121/165/157 118/164/158 109/148/156 108/147/157
f 122/166/161 121/165/159 108/147/159 107/146/160
f 123/167/164 122/166/162 107/146/163 106/145/163
f 124/168/165 125/169/166 101/140/129 100/139/128
f 124/168/167 126/170/168 127/171/169 125/169/169
f 128/172/146 117/158/146 116/157/146 129/173/146
f 127/171/170 130/174/170 131/175/170 125/169/170
f 131/175/172 130/174/173 133/177/173 132/176/171
f 125/169/176 131/175/174 102/141/175 101/140/176
f 131/175/180 132/176/177 103/142/178 102/141/179
f 132/176/181 133/178/181 104/143/182 103/142/183
f 134/179/185 123/167/184 106/145/185 105/144/186
f 135/180/187 124/168/188 100/139/187 40/46/187
f 46/52/189 42/48/189 41/47/105 43/49/104
f 52/58/190 48/54/190 47/53/190 49/55/190
f 138/183/192 139/184/192 136/181/191 137/182/191
f 126/185/193 140/186/194 95/132/195 136/181/194 139/184/193
f 140/186/196 141/187/197 96/133/119 95/132/119
f 141/187/198 143/189/199 142/188/198 96/133/199
f 143/189/200 145/191/201 144/190/200 142/188/201
f 145/191/202 147/193/204 146/192/202 144/190/203
f 147/196/205 149/197/205 148/194/205 146/195/205
f 149/197/206 150/198/206 97/134/206 148/194/206
f 150/198/207 151/199/208 98/135/120 97/134/120
f 151/199/209 152/200/210 99/136/209 98/135/209
f 113/152/214 153/201/211 154/202/212 155/203/213
f 113/152/214 115/204/215 156/205/216 153/201/211
f 115/204/215 117/206/83 157/207/83 156/205/216
f 117/206/83 128/208/217 158/209/218 157/207/83
f 99/210/219 56/211/220 55/137/123 77/138/126
f 135/212/221 126/213/222 124/214/223
f 135/212/221 159/215/224 140/216/225 126/213/222
f 159/215/224 160/217/146 141/218/146 140/216/225
f 160/217/146 161/219/146 143/220/146 141/218/146
f 161/219/146 162/221/146 145/222/146 143/220/146
f 145/222/146 162/221/146 163/223/146 147/224/146
f 147/224/146 163/223/146 164/225/146 149/226/146
f 149/226/146 164/225/146 165/227/146 150/228/146
f 150/228/146 165/227/146 166/229/226 151/230/227
f 151/230/227 166/229/226 167/231/228 152/232/229
f 111/150/141 155/203/230 79/90/139 3/3/3
f 129/173/146 116/157/146 120/161/146 168/233/146
f 120/161/233 119/160/231 122/163/232 123/234/232
f 168/233/236 120/161/234 123/234/234 134/235/235
f 159/236/237 135/180/237 40/46/49 39/45/49
f 160/237/239 159/236/238 39/45/238 42/48/238
f 161/238/240 160/237/241 42/48/240 46/52/189
f 162/239/242 161/238/243 46/52/51 45/51/51
f 163/240/245 162/239/244 45/51/246 48/54/244
f 164/241/248 163/240/247 48/54/247 52/58/247
f 165/242/249 164/241/250 52/58/251 51/57/249
f 166/243/253 165/242/252 51/57/252 54/60/252
f 167/244/254 166/243/254 54/60/255 56/62/254
f 137/182/256 136/181/256 59/65/256 58/64/256
f 136/181/257 95/132/257 61/67/257 59/65/257
f 96/133/199 142/188/198 65/72/64 63/70/65
f 142/188/201 144/190/200 67/74/66 65/72/67
f 144/190/203 146/192/202 69/245/258 67/74/258
f 146/195/205 148/194/205 71/82/71 69/81/71
f 148/194/206 97/134/206 73/84/72 71/82/72
f 155/203/213 154/202/212 80/91/78 79/90/77
f 152/232/259 167/231/260 56/211/220 99/210/219
f 107/146/261 108/147/261 15/19/261 16/21/261
f 155/203/230 111/150/141 113/152/143
f 23/28/262 26/31/262 25/30/262 24/29/263
f 23/28/265 27/32/264 94/120/264 26/31/264
f 30/35/266 35/122/266 94/120/266 27/32/267
f 33/38/268 34/40/269 35/41/270 30/39/271
f 84/98/85 60/66/272 24/69/88 25/97/84
f 104/143/274 105/144/273 34/40/273 33/38/274
f 126/170/277 128/172/275 129/173/276 127/171/276
f 129/173/279 168/233/278 130/174/278 127/171/278
f 130/174/280 168/233/280 134/235/280 133/177/281
f 133/178/285 134/179/282 105/144/283 104/143/284
f 128/208/217 126/185/222 139/184/286 158/209/218

# Mesh
g asa_low
usemtl z2_defaultMat
f 171/248/289 172/249/290 169/246/287 170/247/288
f 174/252/292 171/253/289 170/250/288 173/251/291
f 175/254/293 176/255/294 171/253/289 174/252/292
f 176/256/294 177/257/295 172/249/290 171/248/289
f 179/259/297 180/260/298 181/261/299 178/258/296
f 182/262/300 183/263/301 180/260/298 179/259/297
f 183/267/301 184/264/302 185/265/303 180/266/298
f 180/266/298 185/265/303 186/268/304 181/269/299
f 172/249/306 187/270/307 188/271/308 169/246/305
f 177/257/309 189/272/310 187/270/307 172/249/306
f 189/272/310 182/262/311 179/259/312 187/270/307
f 187/270/307 179/259/312 178/258/313 188/271/308
f 191/274/317 175/254/314 174/252/315 190/273/316
f 190/273/316 174/252/315 173/251/318 192/275/319
f 185/265/321 190/273/316 192/275/319 186/268/320
f 184/264/322 191/274/317 190/273/316 185/265/321
f 192/275/326 173/251/323 170/250/324 193/276/325
f 169/246/327 188/271/328 193/277/325 170/247/324
f 178/258/329 181/261/330 193/277/325 188/271/328
f 181/269/330 186/268/331 192/275/326 193/276/325
f 194/280/334 195/281/335 177/278/332 176/279/333
f 196/284/337 194/285/334 176/282/333 175/283/336
f 197/286/338 198/287/339 194/285/334 196/284/337
f 198/288/339 199/289/340 195/281/335 194/280/334
f 200/292/343 201/293/344 184/290/341 183/291/342
f 202/296/346 200/297/343 183/294/342 182/295/345
f 203/298/347 204/299/348 200/297/343 202/296/346
f 204/300/348 205/301/349 201/293/344 200/292/343
f 206/303/351 202/296/346 182/295/345 189/302/350
f 195/281/335 206/303/351 189/302/350 177/278/332
f 199/289/340 207/304/352 206/303/351 195/281/335
f 207/304/352 203/298/347 202/296/346 206/303/351
f 208/306/354 196/284/337 175/283/336 191/305/353
f 201/293/344 208/306/354 191/305/353 184/290/341
f 205/301/349 209/307/355 208/306/354 201/293/344
f 209/307/355 197/286/338 196/284/337 208/306/354
f 210/308/356 211/309/357 199/289/340 198/288/339
f 212/310/358 210/311/356 198/287/339 197/286/338
f 213/312/359 214/313/360 205/301/349 204/300/348
f 215/314/361 213/315/359 204/299/348 203/298/347
f 216/316/362 215/314/361 203/298/347 207/304/352
f 211/309/357 216/316/362 207/304/352 199/289/340
f 217/317/363 212/310/358 197/286/338 209/307/355
f 214/313/360 217/317/363 209/307/355 205/301/349
f 218/318/364 219/319/365 211/309/357 210/308/356
f 220/320/366 218/321/364 210/311/356 212/310/358
f 221/322/367 222/323/368 214/313/360 213/312/359
f 223/324/369 221/325/367 213/315/359 215/314/361
f 224/326/370 223/324/369 215/314/361 216/316/362
f 219/319/365 224/326/370 216/316/362 211/309/357
f 225/327/371 220/320/366 212/310/358 217/317/363
f 222/323/368 225/327/371 217/317/363 214/313/360
f 226/328/372 227/329/373 219/319/365 218/318/364
f 228/330/374 226/331/372 218/321/364 220/320/366
f 229/332/375 230/333/376 222/323/368 221/322/367
f 231/334/377 229/335/375 221/325/367 223/324/369
f 232/336/378 231/334/377 223/324/369 224/326/370
f 227/329/373 232/336/378 224/326/370 219/319/365
f 233/337/379 228/330/374 220/320/366 225/327/371
f 230/333/376 233/337/379 225/327/371 222/323/368
f 234/338/380 235/339/381 227/329/373 226/328/372
f 236/340/382 234/341/380 226/331/372 228/330/374
f 237/342/383 238/343/384 230/333/376 229/332/375
f 239/344/385 237/345/383 229/335/375 231/334/377
f 240/346/386 239/344/385 231/334/377 232/336/378
f 235/339/381 240/346/386 232/336/378 227/329/373
f 241/347/387 236/340/382 228/330/374 233/337/379
f 238/343/384 241/347/387 233/337/379 230/333/376
f 245/351/391 242/348/388 243/349/389 244/350/390
f 244/350/390 243/349/389 246/352/392 247/353/393
f 249/355/395 244/356/390 247/357/393 248/354/394
f 250/358/396 245/359/391 244/356/390 249/355/395
f 251/360/397 252/361/398 253/362/399 254/363/400
f 252/364/398 255/365/401 256/366/402 253/367/399
f 253/367/399 256/366/402 257/368/403 258/369/404
f 254/363/400 253/362/399 258/370/404 259/371/405
f 242/348/406 260/372/407 261/373/408 243/349/409
f 260/372/407 251/360/410 254/363/411 261/373/408
f 261/373/408 254/363/411 259/371/412 262/374/413
f 243/349/409 261/373/408 262/374/413 246/352/414
f 264/376/417 249/355/418 248/354/415 263/375/416
f 256/366/420 264/376/417 263/375/416 257/368/419
f 255/365/421 265/377/422 264/376/417 256/366/420
f 265/377/422 250/358/423 249/355/418 264/376/417
f 266/378/426 245/359/427 250/358/424 265/377/425
f 266/378/426 265/377/425 255/365/428 252/364/429
f 260/372/431 266/379/426 252/361/429 251/360/430
f 245/351/427 266/379/426 260/372/431 242/348/432
f 247/383/436 246/380/433 267/381/434 268/382/435
f 268/382/435 267/381/434 269/384/437 270/385/438
f 272/387/440 268/388/435 270/389/438 271/386/439
f 248/390/441 247/391/436 268/388/435 272/387/440
f 258/395/445 257/392/442 273/393/443 274/394/444
f 274/394/444 273/393/443 275/396/446 276/397/447
f 278/399/449 274/400/444 276/401/447 277/398/448
f 259/402/450 258/403/445 274/400/444 278/399/449
f 262/405/452 259/402/450 278/399/449 279/404/451
f 279/404/451 278/399/449 277/398/448 280/406/453
f 267/381/434 279/404/451 280/406/453 269/384/437
f 246/380/433 262/405/452 279/404/451 267/381/434
f 263/408/455 248/390/441 272/387/440 281/407/454
f 281/407/454 272/387/440 271/386/439 282/409/456
f 273/393/443 281/407/454 282/409/456 275/396/446
f 257/392/442 263/408/455 281/407/454 273/393/443
f 270/385/438 269/384/437 283/410/457 284/411/458
f 271/386/439 270/389/438 284/412/458 285/413/459
f 276/397/447 275/396/446 286/414/460 287/415/461
f 277/398/448 276/401/447 287/416/461 288/417/462
f 280/406/453 277/398/448 288/417/462 289/418/463
f 269/384/437 280/406/453 289/418/463 283/410/457
f 282/409/456 271/386/439 285/413/459 290/419/464
f 275/396/446 282/409/456 290/419/464 286/414/460
f 284/411/458 283/410/457 291/420/465 292/421/466
f 285/413/459 284/412/458 292/422/466 293/423/467
f 287/415/461 286/414/460 294/424/468 295/425/469
f 288/417/462 287/416/461 295/426/469 296/427/470
f 289/418/463 288/417/462 296/427/470 297/428/471
f 283/410/457 289/418/463 297/428/471 291/420/465
f 290/419/464 285/413/459 293/423/467 298/429/472
f 286/414/460 290/419/464 298/429/472 294/424/468
f 292/421/466 291/420/465 299/430/473 300/431/474
f 293/423/467 292/422/466 300/432/474 301/433/475
f 295/425/469 294/424/468 302/434/476 303/435/477
f 296/427/470 295/426/469 303/436/477 304/437/478
f 297/428/471 296/427/470 304/437/478 305/438/479
f 291/420/465 297/428/471 305/438/479 299/430/473
f 298/429/472 293/423/467 301/433/475 306/439/480
f 294/424/468 298/429/472 306/439/480 302/434/476
f 300/431/474 299/430/473 235/339/381 234/338/380
f 301/433/475 300/432/474 234/341/380 236/340/382
f 303/435/477 302/434/476 238/343/384 237/342/383
f 304/437/478 303/436/477 237/345/383 239/344/385
f 305/438/479 304/437/478 239/344/385 240/346/386
f 299/430/473 305/438/479 240/346/386 235/339/381
f 306/439/480 301/433/475 236/340/382 241/347/387
f 302/434/476 306/439/480 241/347/387 238/343/384

# Mesh
g abridor_low
usemtl z2_defaultMat
f 308/441/482 309/442/483 310/443/484 307/440/481
f 311/444/485 312/445/486 313/446/487 314/447/488
f 309/448/489 311/449/490 314/450/491 310/451/492
f 313/453/494 315/454/495 316/455/496 307/452/493
f 317/456/497 318/457/498 308/441/482 319/458/499
f 320/459/500 321/460/500 312/445/486 311/444/485
f 322/461/501 320/462/502 311/449/490 309/448/489
f 323/465/504 319/466/505 316/463/503 315/464/503
f 319/458/499 308/441/482 307/440/481 316/467/506
f 327/471/510 324/468/507 325/469/508 326/470/509
f 314/473/512 313/453/494 307/452/493 310/472/511
f 329/477/513 323/474/513 315/475/513 328/476/514
f 330/478/515 328/476/515 315/475/515 313/446/515
f 312/445/517 331/479/516 330/478/516 313/446/516
f 321/460/518 332/480/519 331/479/519 312/445/518
f 324/482/520 329/477/520 328/476/520 325/481/520
f 326/483/521 325/481/521 328/476/521 330/478/522
f 331/479/523 327/484/523 326/483/524 330/478/523
f 332/480/525 333/485/526 327/484/527 331/479/525
f 334/486/503 317/487/503 319/466/505 323/465/504
f 318/457/498 322/488/528 309/442/483 308/441/482
f 333/489/529 335/490/530 324/468/507 327/471/510
f 336/491/531 334/492/531 323/474/531 329/477/531
f 335/493/534 336/491/534 329/477/532 324/482/533
f 339/496/537 340/497/538 337/494/535 338/495/536
f 344/501/539 341/498/539 342/499/540 343/500/541
f 340/505/542 344/502/542 343/503/543 337/504/544
f 345/506/545 341/507/546 339/508/547 346/509/545
f 347/510/548 338/495/536 318/457/498 317/456/497
f 343/500/541 342/499/540 321/460/500 320/459/500
f 337/504/544 343/503/543 320/462/502 322/461/501
f 345/512/503 346/513/503 347/514/550 348/511/549
f 346/515/551 339/496/537 338/495/536 347/510/548
f 349/516/552 350/517/553 351/518/554 352/519/555
f 341/507/546 344/520/556 340/521/557 339/508/547
f 354/524/558 345/525/558 348/522/558 353/523/558
f 341/498/559 345/525/559 354/524/560 355/526/559
f 341/498/561 355/526/562 356/527/563 342/499/562
f 342/499/564 356/527/564 332/480/565 321/460/564
f 350/529/567 354/524/566 353/523/566 351/528/567
f 355/526/568 354/524/568 350/529/569 349/530/568
f 355/526/570 349/530/570 352/531/570 356/527/570
f 356/527/571 352/531/571 333/485/571 332/480/571
f 348/511/549 347/514/550 317/487/503 334/486/503
f 338/495/536 337/494/535 322/488/528 318/457/498
f 352/519/555 351/518/554 335/490/530 333/489/529
f 353/523/572 348/522/572 334/492/572 336/491/572
f 351/528/574 353/523/573 336/491/575 335/493/573

# Mesh
g candado1_low
usemtl z2_defaultMat
f 359/534/577 360/535/576 357/532/576 358/533/577
f 362/537/578 359/534/577 358/533/577 361/536/578
f 364/539/579 362/537/578 361/536/578 363/538/579
f 366/541/580 364/539/579 363/538/579 365/540/580
f 362/544/581 367/545/581 360/542/581 359/543/581
f 365/549/582 363/546/582 361/547/582 368/548/582
f 368/548/582 361/547/582 358/550/582 357/551/582
f 364/552/581 366/553/581 367/545/581 362/544/581

# Mesh
g candado2_low
usemtl z2_defaultMat
f 371/556/577 372/557/576 369/554/576 370/555/577
f 374/559/578 371/556/577 370/555/577 373/558/578
f 376/561/579 374/559/578 373/558/578 375/560/579
f 378/563/580 376/561/579 375/560/579 377/562/580
f 377/567/582 375/564/582 373/565/582 379/566/582
f 374/570/584 380/571/584 372/568/583 371/569/583
f 376/572/585 378/573/585 380/571/584 374/570/584
f 379/566/582 373/565/582 370/574/582 369/575/582

# Mesh
g candado3_low
usemtl z2_defaultMat
f 383/578/577 384/579/576 381/576/576 382/577/577
f 386/581/578 383/578/577 382/577/577 385/580/578
f 388/583/579 386/581/578 385/580/578 387/582/579
f 390/585/580 388/583/579 387/582/579 389/584/580
f 386/588/584 391/589/586 384/586/583 383/587/583
f 389/593/582 387/590/582 385/591/582 392/592/582
f 392/592/582 385/591/582 382/594/582 381/595/582
f 388/596/585 390/597/585 391/589/586 386/588/584

# Mesh
g cuero1_low
usemtl z2_defaultMat
f 396/601/590 393/598/587 394/599/588 395/600/589
f 398/603/592 399/604/593 400/605/594 397/602/591
f 401/606/595 402/607/595 403/608/595 404/609/595
f 395/613/599 394/610/596 397/611/597 400/612/598
f 405/614/600 406/615/600 407/616/600 408/617/600
f 393/621/604 396/618/601 399/619/602 398/620/603
f 406/622/605 405/623/606 394/599/588 393/598/587
f 402/624/607 401/625/608 396/601/590 395/600/589
f 408/617/609 407/616/610 398/603/592 397/602/591
f 404/609/611 403/608/611 400/605/594 399/604/593
f 405/626/612 408/627/612 397/611/597 394/610/596
f 403/628/613 402/629/614 395/613/599 400/612/598
f 401/630/615 404/631/616 399/619/602 396/618/601
f 407/632/617 406/633/617 393/621/604 398/620/603

# Mesh
g anilla1_low
usemtl z2_defaultMat
f 412/637/619 409/634/618 410/635/618 411/636/619
f 410/638/620 413/639/620 414/640/620 411/641/620
f 415/643/621 416/644/622 414/645/622 413/642/621
f 415/646/623 409/647/623 412/648/623 416/649/623
f 418/651/624 412/637/619 411/636/619 417/650/624
f 411/641/620 414/640/620 419/652/620 417/653/620
f 416/644/622 420/654/625 419/655/625 414/645/622
f 416/649/623 412/648/623 418/656/623 420/657/623
f 422/659/626 418/651/624 417/650/624 421/658/626
f 417/653/620 419/652/620 423/660/620 421/661/620
f 420/654/625 424/662/627 423/663/627 419/655/625
f 420/657/623 418/656/623 422/664/623 424/665/623
f 426/667/628 422/659/626 421/658/626 425/666/628
f 421/661/620 423/660/620 427/668/620 425/669/620
f 424/662/627 428/670/629 427/671/629 423/663/627
f 424/665/623 422/664/623 426/672/623 428/673/623
f 430/675/630 426/667/628 425/666/628 429/674/630
f 425/669/620 427/668/620 431/676/620 429/677/620
f 428/670/629 432/678/631 431/679/631 427/671/629
f 428/673/623 426/672/623 430/680/623 432/681/623
f 434/683/632 430/675/630 429/674/630 433/682/632
f 429/677/620 431/676/620 435/684/620 433/685/620
f 432/678/631 436/686/633 435/687/633 431/679/631
f 432/681/623 430/680/623 434/688/623 436/689/623
f 438/693/622 434/690/632 433/691/632 437/692/622
f 439/694/620 437/695/620 433/685/620 435/684/620
f 436/697/633 440/698/619 439/699/619 435/696/633
f 438/700/623 440/701/623 436/689/623 434/688/623
f 442/703/625 438/693/622 437/692/622 441/702/625
f 443/704/620 441/705/620 437/695/620 439/694/620
f 440/698/619 444/706/634 443/707/634 439/699/619
f 442/708/623 444/709/623 440/701/623 438/700/623
f 446/711/635 442/703/625 441/702/625 445/710/635
f 447/712/620 445/713/620 441/705/620 443/704/620
f 444/706/634 448/714/636 447/715/636 443/707/634
f 446/716/623 448/717/623 444/709/623 442/708/623
f 450/719/637 446/711/635 445/710/635 449/718/637
f 451/720/620 449/721/620 445/713/620 447/712/620
f 448/714/636 452/722/638 451/723/638 447/715/636
f 450/724/623 452/725/623 448/717/623 446/716/623
f 454/727/639 450/719/637 449/718/637 453/726/639
f 455/728/620 453/729/620 449/721/620 451/720/620
f 452/722/638 456/730/640 455/731/640 451/723/638
f 454/732/623 456/733/623 452/725/623 450/724/623
f 409/735/618 454/727/639 453/726/639 410/734/618
f 413/639/620 410/638/620 453/729/620 455/728/620
f 456/730/640 415/736/621 413/737/621 455/731/640
f 409/647/623 415/646/623 456/733/623 454/732/623

# Mesh
g cuero2_low
usemtl z2_defaultMat
f 458/739/642 459/740/643 460/741/644 457/738/641
f 464/745/648 461/742/645 462/743/646 463/744/647
f 467/748/649 468/749/649 465/746/649 466/747/649
f 461/751/651 464/752/652 459/753/653 458/750/650
f 471/756/654 472/757/654 469/754/654 470/755/654
f 463/759/656 462/760/657 457/761/658 460/758/655
f 458/739/642 457/738/641 470/762/659 469/763/660
f 460/741/644 459/740/643 466/764/661 465/765/662
f 462/743/646 461/742/645 472/757/663 471/756/664
f 464/745/648 463/744/647 468/749/665 467/748/665
f 461/751/651 458/750/650 469/766/666 472/767/666
f 459/753/653 464/752/652 467/768/667 466/769/668
f 463/759/656 460/758/655 465/770/669 468/771/670
f 457/761/658 462/760/657 471/772/671 470/773/671

# Mesh
g anilla2_low
usemtl z2_defaultMat
f 474/775/672 475/776/673 476/777/673 473/774/672
f 474/778/674 477/779/674 478/780/674 475/781/674
f 478/785/676 477/782/675 479/783/675 480/784/676
f 479/786/677 473/787/677 476/788/677 480/789/677
f 475/776/673 481/790/678 482/791/678 476/777/673
f 475/781/674 478/780/674 483/792/674 481/793/674
f 483/795/679 478/785/676 480/784/676 484/794/679
f 480/789/677 476/788/677 482/796/677 484/797/677
f 481/790/678 485/798/680 486/799/680 482/791/678
f 481/793/674 483/792/674 487/800/674 485/801/674
f 487/803/681 483/795/679 484/794/679 488/802/681
f 484/797/677 482/796/677 486/804/677 488/805/677
f 485/798/680 489/806/682 490/807/682 486/799/680
f 485/801/674 487/800/674 491/808/674 489/809/674
f 491/811/683 487/803/681 488/802/681 492/810/683
f 488/805/677 486/804/677 490/812/677 492/813/677
f 489/806/682 493/814/684 494/815/684 490/807/682
f 489/809/674 491/808/674 495/816/674 493/817/674
f 495/819/685 491/811/683 492/810/683 496/818/685
f 492/813/677 490/812/677 494/820/677 496/821/677
f 493/814/684 497/822/686 498/823/686 494/815/684
f 493/817/674 495/816/674 499/824/674 497/825/674
f 499/827/687 495/819/685 496/818/685 500/826/687
f 496/821/677 494/820/677 498/828/677 500/829/677
f 497/831/686 501/832/676 502/833/676 498/830/686
f 503/834/674 501/835/674 497/825/674 499/824/674
f 503/839/673 499/836/687 500/837/687 504/838/673
f 502/840/677 504/841/677 500/829/677 498/828/677
f 501/832/676 505/842/679 506/843/679 502/833/676
f 507/844/674 505/845/674 501/835/674 503/834/674
f 507/847/688 503/839/673 504/838/673 508/846/688
f 506/848/677 508/849/677 504/841/677 502/840/677
f 505/842/679 509/850/689 510/851/689 506/843/679
f 511/852/674 509/853/674 505/845/674 507/844/674
f 511/855/690 507/847/688 508/846/688 512/854/690
f 510/856/677 512/857/677 508/849/677 506/848/677
f 509/850/689 513/858/691 514/859/691 510/851/689
f 515/860/674 513/861/674 509/853/674 511/852/674
f 515/863/692 511/855/690 512/854/690 516/862/692
f 514/864/677 516/865/677 512/857/677 510/856/677
f 513/858/691 517/866/693 518/867/693 514/859/691
f 519/868/674 517/869/674 513/861/674 515/860/674
f 519/871/694 515/863/692 516/862/692 520/870/694
f 518/872/677 520/873/677 516/865/677 514/864/677
f 517/866/693 474/874/672 473/875/672 518/867/693
f 477/779/674 474/778/674 517/869/674 519/868/674
f 477/877/675 519/871/694 520/870/694 479/876/675
f 473/787/677 479/786/677 520/873/677 518/872/677

# Mesh
g Group42934
usemtl z2_defaultMat
f 521/878/695 522/879/696 523/880/697 524/881/698
f 526/883/700 527/884/701 528/885/702 525/882/699
f 529/886/703 530/887/704 531/888/705 532/889/706
f 536/893/710 533/890/707 534/891/708 535/892/709
f 535/892/709 534/891/708 522/894/696 521/895/695
f 524/881/698 523/880/697 525/882/699 528/885/702
f 532/896/706 531/897/705 527/884/701 526/883/700
f 533/890/707 536/893/710 530/887/704 529/886/703
f 537/898/711 538/898/712 539/898/713 540/898/714
f 543/898/717 544/898/718 541/898/715 542/898/716
f 545/898/719 546/898/720 547/898/721 548/898/722
f 552/898/726 549/898/723 550/898/724 551/898/725
f 551/898/725 550/898/724 538/898/712 537/898/711
f 540/898/714 539/898/713 542/898/716 541/898/715
f 548/898/722 547/898/721 544/898/718 543/898/717
f 549/898/723 552/898/726 546/898/720 545/898/719
f 554/900/728 555/901/729 556/902/730 553/899/727
f 560/906/734 557/903/731 558/904/732 559/905/733
f 563/909/737 564/910/738 561/907/735 562/908/736
f 565/911/739 566/912/740 567/913/741 568/914/742
f 565/911/739 568/914/742 555/915/729 554/916/728
f 553/899/727 556/902/730 560/906/734 559/905/733
f 562/917/736 561/918/735 558/904/732 557/903/731
f 567/913/741 566/912/740 564/910/738 563/909/737
f 555/901/729 569/919/743 570/920/744 556/902/730
f 572/922/746 557/903/731 560/906/734 571/921/745
f 574/924/748 563/909/737 562/908/736 573/923/747
f 567/913/741 575/925/749 576/926/750 568/914/742
f 568/914/742 576/926/750 569/927/743 555/915/729
f 556/902/730 570/920/744 571/921/745 560/906/734
f 573/928/747 562/917/736 557/903/731 572/922/746
f 575/925/749 567/913/741 563/909/737 574/924/748
f 569/919/743 578/930/752 577/929/751 570/920/744
f 572/922/746 571/921/745 579/931/753 580/932/754
f 582/934/756 574/924/748 573/923/747 581/933/755
f 583/935/757 584/936/758 576/926/750 575/925/749
f 576/926/750 584/936/758 578/937/752 569/927/743
f 570/920/744 577/929/751 579/931/753 571/921/745
f 581/938/755 573/928/747 572/922/746 580/932/754
f 583/935/757 575/925/749 574/924/748 582/934/756
f 578/942/752 585/939/759 586/940/760 577/941/751
f 588/944/762 580/945/754 579/946/753 587/943/761
f 590/949/764 582/950/756 581/947/755 589/948/763
f 583/954/757 591/951/765 592/952/766 584/953/758
f 584/953/758 592/952/766 585/939/759 578/942/752
f 577/941/751 586/940/760 587/943/761 579/946/753
f 589/948/763 581/947/755 580/945/754 588/944/762
f 591/951/765 583/954/757 582/950/756 590/949/764
f 585/939/759 593/955/767 594/956/768 586/940/760
f 595/957/769 596/958/770 588/944/762 587/943/761
f 598/960/772 590/949/764 589/948/763 597/959/771
f 592/952/766 591/951/765 599/961/773 600/962/774
f 592/952/766 600/962/774 593/955/767 585/939/759
f 586/940/760 594/956/768 595/957/769 587/943/761
f 597/959/771 589/948/763 588/944/762 596/958/770
f 599/961/773 591/951/765 590/949/764 598/960/772
f 593/955/767 601/963/775 602/964/776 594/956/768
f 603/965/777 604/966/778 596/958/770 595/957/769
f 606/968/780 598/960/772 597/959/771 605/967/779
f 600/962/774 599/961/773 607/969/781 608/970/782
f 600/962/774 608/970/782 601/963/775 593/955/767
f 594/956/768 602/964/776 603/965/777 595/957/769
f 605/967/779 597/959/771 596/958/770 604/966/778
f 607/969/781 599/961/773 598/960/772 606/968/780
f 607/969/781 606/968/780 605/967/779 609/971/783
f 609/971/783 605/967/779 604/966/778 603/965/777
f 608/970/782 607/969/781 609/971/783 601/963/775
f 601/963/775 609/971/783 603/965/777 602/964/776
f 611/898/785 537/898/711 540/898/714 610/898/784
f 544/898/718 612/898/786 613/898/787 541/898/715
f 546/898/720 614/898/788 615/898/789 547/898/721
f 617/898/791 552/898/726 551/898/725 616/898/790
f 616/898/790 551/898/725 537/898/711 611/898/785
f 610/898/784 540/898/714 541/898/715 613/898/787
f 547/898/721 615/898/789 612/898/786 544/898/718
f 552/898/726 617/898/791 614/898/788 546/898/720
f 618/898/792 611/898/785 610/898/784 619/898/793
f 612/898/786 620/898/794 621/898/795 613/898/787
f 614/898/788 622/898/796 623/898/797 615/898/789
f 625/898/799 617/898/791 616/898/790 624/898/798
f 624/898/798 616/898/790 611/898/785 618/898/792
f 619/898/793 610/898/784 613/898/787 621/898/795
f 615/898/789 623/898/797 620/898/794 612/898/786
f 617/898/791 625/898/799 622/898/796 614/898/788
f 626/898/800 618/898/792 619/898/793 627/898/801
f 620/898/794 629/898/803 628/898/802 621/898/795
f 622/898/796 630/898/804 631/898/805 623/898/797
f 632/898/806 625/898/799 624/898/798 633/898/807
f 633/898/807 624/898/798 618/898/792 626/898/800
f 627/898/801 619/898/793 621/898/795 628/898/802
f 623/898/797 631/898/805 629/898/803 620/898/794
f 625/898/799 632/898/806 630/898/804 622/898/796
f 635/898/809 626/898/800 627/898/801 634/898/808
f 636/898/810 637/898/811 628/898/802 629/898/803
f 630/898/804 638/898/812 639/898/813 631/898/805
f 632/898/806 633/898/807 640/898/814 641/898/815
f 640/898/814 633/898/807 626/898/800 635/898/809
f 634/898/808 627/898/801 628/898/802 637/898/811
f 631/898/805 639/898/813 636/898/810 629/898/803
f 632/898/806 641/898/815 638/898/812 630/898/804
f 639/898/813 642/898/816 637/898/811 636/898/810
f 641/898/815 640/898/814 635/898/809 642/898/816
f 642/898/816 635/898/809 634/898/808 637/898/811
f 638/898/812 641/898/815 642/898/816 639/898/813
f 522/879/696 554/972/728 553/973/727 523/880/697
f 558/975/732 526/883/700 525/882/699 559/974/733
f 564/977/738 529/886/703 532/889/706 561/976/735
f 533/890/707 566/979/740 565/978/739 534/891/708
f 534/891/708 565/978/739 554/980/728 522/894/696
f 523/880/697 553/973/727 559/974/733 525/882/699
f 561/981/735 532/896/706 526/883/700 558/975/732
f 566/979/740 533/890/707 529/886/703 564/977/738
f 538/983/712 521/878/695 524/881/698 539/982/713
f 527/884/701 543/984/717 542/985/716 528/885/702
f 530/887/704 545/987/719 548/986/722 531/888/705
f 549/989/723 536/893/710 535/892/709 550/988/724
f 550/988/724 535/892/709 521/895/695 538/990/712
f 539/982/713 524/881/698 528/885/702 542/985/716
f 531/897/705 548/991/722 543/984/717 527/884/701
f 536/893/710 549/989/723 545/987/719 530/887/704
f 643/992/817 644/993/818 645/994/819 646/995/820
f 650/999/824 647/996/821 648/997/822 649/998/823
f 651/1000/825 652/1001/826 653/1002/827 654/1003/828
f 656/1005/830 657/1006/831 658/1007/832 655/1004/829
f 657/1006/831 656/1005/830 644/1008/818 643/1009/817
f 646/995/820 645/994/819 647/996/821 650/999/824
f 654/1010/828 653/1011/827 649/998/823 648/997/822
f 655/1004/829 658/1007/832 652/1001/826 651/1000/825
f 659/1012/833 660/1013/834 661/1014/835 662/1015/836
f 663/1016/837 664/1017/838 665/1018/839 666/1019/840
f 667/1020/841 668/1021/842 669/1022/843 670/1023/844
f 672/1025/846 673/1026/847 674/1027/848 671/1024/845
f 673/1026/847 672/1025/846 660/1013/834 659/1012/833
f 662/1015/836 661/1014/835 664/1017/838 663/1016/837
f 670/1023/844 669/1022/843 666/1019/840 665/1018/839
f 671/1024/845 674/1027/848 668/1021/842 667/1020/841
f 676/1029/850 677/1030/851 678/1031/852 675/1028/849
f 681/1034/855 682/1035/856 679/1032/853 680/1033/854
f 685/1038/859 686/1039/860 683/1036/857 684/1037/858
f 690/1043/864 687/1040/861 688/1041/862 689/1042/863
f 687/1040/861 690/1043/864 677/1044/851 676/1045/850
f 675/1028/849 678/1031/852 682/1035/856 681/1034/855
f 684/1046/858 683/1047/857 680/1033/854 679/1032/853
f 689/1042/863 688/1041/862 686/1039/860 685/1038/859
f 677/1030/851 691/1048/865 692/1049/866 678/1031/852
f 682/1035/856 693/1050/867 694/1051/868 679/1032/853
f 696/1053/870 685/1038/859 684/1037/858 695/1052/869
f 698/1055/872 690/1043/864 689/1042/863 697/1054/871
f 690/1043/864 698/1055/872 691/1056/865 677/1044/851
f 678/1031/852 692/1049/866 693/1050/867 682/1035/856
f 695/1057/869 684/1046/858 679/1032/853 694/1051/868
f 697/1054/871 689/1042/863 685/1038/859 696/1053/870
f 691/1048/865 700/1059/874 699/1058/873 692/1049/866
f 694/1051/868 693/1050/867 701/1060/875 702/1061/876
f 704/1063/878 696/1053/870 695/1052/869 703/1062/877
f 705/1064/879 706/1065/880 698/1055/872 697/1054/871
f 698/1055/872 706/1065/880 700/1066/874 691/1056/865
f 692/1049/866 699/1058/873 701/1060/875 693/1050/867
f 703/1067/877 695/1057/869 694/1051/868 702/1061/876
f 705/1064/879 697/1054/871 696/1053/870 704/1063/878
f 700/1071/874 707/1068/881 708/1069/882 699/1070/873
f 701/1075/875 709/1072/883 710/1073/884 702/1074/876
f 712/1078/886 704/1079/878 703/1076/877 711/1077/885
f 714/1081/888 706/1082/880 705/1083/879 713/1080/887
f 706/1082/880 714/1081/888 707/1068/881 700/1071/874
f 699/1070/873 708/1069/882 709/1072/883 701/1075/875
f 711/1077/885 703/1076/877 702/1074/876 710/1073/884
f 713/1080/887 705/1083/879 704/1079/878 712/1078/886
f 707/1068/881 715/1084/889 716/1085/890 708/1069/882
f 709/1072/883 717/1086/891 718/1087/892 710/1073/884
f 720/1089/894 712/1078/886 711/1077/885 719/1088/893
f 722/1091/896 714/1081/888 713/1080/887 721/1090/895
f 714/1081/888 722/1091/896 715/1084/889 707/1068/881
f 708/1069/882 716/1085/890 717/1086/891 709/1072/883
f 719/1088/893 711/1077/885 710/1073/884 718/1087/892
f 721/1090/895 713/1080/887 712/1078/886 720/1089/894
f 715/1084/889 723/1092/897 724/1093/898 716/1085/890
f 725/1094/899 726/1095/900 718/1087/892 717/1086/891
f 728/1097/902 720/1089/894 719/1088/893 727/1096/901
f 722/1091/896 721/1090/895 729/1098/903 730/1099/904
f 722/1091/896 730/1099/904 723/1092/897 715/1084/889
f 716/1085/890 724/1093/898 725/1094/899 717/1086/891
f 726/1095/900 727/1096/901 719/1088/893 718/1087/892
f 729/1098/903 721/1090/895 720/1089/894 728/1097/902
f 729/1098/903 728/1097/902 727/1096/901 731/1100/905
f 731/1100/905 727/1096/901 726/1095/900 725/1094/899
f 730/1099/904 729/1098/903 731/1100/905 723/1092/897
f 723/1092/897 731/1100/905 725/1094/899 724/1093/898
f 733/1102/907 659/1012/833 662/1015/836 732/1101/906
f 735/1104/909 663/1016/837 666/1019/840 734/1103/908
f 668/1021/842 736/1105/910 737/1106/911 669/1022/843
f 673/1026/847 738/1107/912 739/1108/913 674/1027/848
f 738/1107/912 673/1026/847 659/1012/833 733/1102/907
f 732/1101/906 662/1015/836 663/1016/837 735/1104/909
f 669/1022/843 737/1106/911 734/1103/908 666/1019/840
f 674/1027/848 739/1108/913 736/1105/910 668/1021/842
f 740/1109/914 733/1102/907 732/1101/906 741/1110/915
f 743/1112/917 735/1104/909 734/1103/908 742/1111/916
f 736/1105/910 744/1113/918 745/1114/919 737/1106/911
f 738/1107/912 746/1115/920 747/1116/921 739/1108/913
f 746/1115/920 738/1107/912 733/1102/907 740/1109/914
f 741/1110/915 732/1101/906 735/1104/909 743/1112/917
f 737/1106/911 745/1114/919 742/1111/916 734/1103/908
f 739/1108/913 747/1116/921 744/1113/918 736/1105/910
f 748/1117/922 740/1109/914 741/1110/915 749/1118/923
f 750/1119/924 743/1112/917 742/1111/916 751/1120/925
f 744/1113/918 752/1121/926 753/1122/927 745/1114/919
f 746/1115/920 755/1124/929 754/1123/928 747/1116/921
f 755/1124/929 746/1115/920 740/1109/914 748/1117/922
f 749/1118/923 741/1110/915 743/1112/917 750/1119/924
f 745/1114/919 753/1122/927 751/1120/925 742/1111/916
f 747/1116/921 754/1123/928 752/1121/926 744/1113/918
f 757/1126/931 748/1117/922 749/1118/923 756/1125/930
f 758/1127/932 759/1128/933 750/1119/924 751/1120/925
f 752/1121/926 760/1129/934 761/1130/935 753/1122/927
f 754/1123/928 755/1124/929 762/1131/936 763/1132/937
f 755/1124/929 748/1117/922 757/1126/931 762/1131/936
f 756/1125/930 749/1118/923 750/1119/924 759/1128/933
f 761/1130/935 758/1127/932 751/1120/925 753/1122/927
f 754/1123/928 763/1132/937 760/1129/934 752/1121/926
f 761/1130/935 764/1133/938 759/1128/933 758/1127/932
f 763/1132/937 762/1131/936 757/1126/931 764/1133/938
f 764/1133/938 757/1126/931 756/1125/930 759/1128/933
f 760/1129/934 763/1132/937 764/1133/938 761/1130/935
f 644/993/818 676/1134/850 675/1135/849 645/994/819
f 647/996/821 681/1136/855 680/1137/854 648/997/822
f 686/1139/860 651/1000/825 654/1003/828 683/1138/857
f 687/1140/861 656/1005/830 655/1004/829 688/1141/862
f 656/1005/830 687/1140/861 676/1142/850 644/1008/818
f 645/994/819 675/1135/849 681/1136/855 647/996/821
f 683/1143/857 654/1010/828 648/997/822 680/1137/854
f 688/1141/862 655/1004/829 651/1000/825 686/1139/860
f 660/1145/834 643/992/817 646/995/820 661/1144/835
f 664/1147/838 650/999/824 649/998/823 665/1146/839
f 652/1001/826 667/1149/841 670/1148/844 653/1002/827
f 657/1006/831 672/1150/846 671/1151/845 658/1007/832
f 672/1150/846 657/1006/831 643/1009/817 660/1152/834
f 661/1144/835 646/995/820 650/999/824 664/1147/838
f 653/1011/827 670/1153/844 665/1146/839 649/998/823
f 658/1007/832 671/1151/845 667/1149/841 652/1001/826
